id,valueY,valueX,score_1,score_2,score_3,score_4,score_5,score_6,score_7,score_8,score_9,score_10,score_11,score_12,score_13,score_14,score_15,score_16,score_17,score_18,score_19,score_20,score_21,score_22,score_23,score_24,score_25,scores_total,score,anomaly
0,0,1,0.57,0.54,0.55,0.55,0.57,0.54,0.56,0.56,0.55,0.54,0.56,0.55,0.55,0.53,0.56,0.57,0.55,0.56,0.56,0.54,0.55,0.55,0.54,0.56,0.60,13.86,0.55,false
1,0.01282051282051282,0.002004008016032064,0.47,0.47,0.44,0.45,0.46,0.46,0.46,0.48,0.44,0.46,0.46,0.46,0.43,0.45,0.46,0.48,0.44,0.46,0.46,0.44,0.47,0.47,0.44,0.47,0.49,11.47,0.46,false
2,0.02564102564102564,0.004008016032064128,0.45,0.45,0.42,0.43,0.44,0.44,0.44,0.46,0.41,0.43,0.43,0.44,0.42,0.44,0.44,0.44,0.42,0.44,0.44,0.42,0.44,0.46,0.43,0.44,0.45,10.92,0.44,false
3,0.038461538461538464,0.006012024048096192,0.43,0.44,0.41,0.43,0.43,0.44,0.44,0.44,0.41,0.43,0.43,0.43,0.41,0.42,0.43,0.44,0.41,0.43,0.44,0.42,0.43,0.44,0.42,0.43,0.45,10.73,0.43,false
4,0.05128205128205128,0.008016032064128256,0.42,0.43,0.40,0.41,0.42,0.42,0.42,0.43,0.39,0.42,0.41,0.41,0.40,0.41,0.42,0.41,0.40,0.41,0.41,0.40,0.43,0.41,0.40,0.40,0.44,10.32,0.41,false
5,0.0641025641025641,0.01002004008016032,0.43,0.43,0.41,0.42,0.43,0.42,0.41,0.43,0.40,0.42,0.42,0.42,0.40,0.41,0.43,0.42,0.40,0.42,0.42,0.41,0.43,0.42,0.41,0.41,0.44,10.46,0.42,false
6,0.07692307692307693,0.012024048096192385,0.43,0.42,0.40,0.41,0.41,0.42,0.41,0.41,0.40,0.42,0.41,0.43,0.40,0.41,0.41,0.43,0.40,0.42,0.41,0.41,0.42,0.42,0.41,0.40,0.43,10.34,0.41,false
7,0.08974358974358974,0.014028056112224449,0.43,0.42,0.41,0.42,0.42,0.41,0.41,0.41,0.41,0.42,0.41,0.42,0.40,0.42,0.41,0.43,0.41,0.41,0.41,0.41,0.42,0.41,0.41,0.40,0.43,10.36,0.41,false
8,0.10256410256410256,0.01603206412825651,0.41,0.41,0.39,0.41,0.41,0.41,0.41,0.40,0.39,0.41,0.40,0.41,0.40,0.41,0.40,0.41,0.39,0.40,0.41,0.40,0.41,0.41,0.39,0.39,0.43,10.11,0.40,false
9,0.11538461538461539,0.018036072144288578,0.40,0.40,0.39,0.40,0.40,0.40,0.39,0.40,0.38,0.40,0.40,0.40,0.39,0.40,0.39,0.41,0.39,0.39,0.39,0.39,0.39,0.40,0.39,0.39,0.40,9.88,0.40,false
10,0.1282051282051282,0.02004008016032064,0.41,0.42,0.39,0.42,0.41,0.42,0.40,0.41,0.40,0.41,0.41,0.41,0.39,0.41,0.41,0.42,0.40,0.41,0.41,0.40,0.41,0.41,0.40,0.38,0.42,10.18,0.41,false
11,0.14102564102564102,0.022044088176352707,0.40,0.40,0.39,0.41,0.41,0.42,0.39,0.41,0.39,0.41,0.40,0.41,0.39,0.41,0.40,0.42,0.40,0.40,0.40,0.39,0.40,0.40,0.39,0.39,0.40,10.03,0.40,false
12,0.15384615384615385,0.02404809619238477,0.39,0.40,0.39,0.41,0.40,0.39,0.40,0.39,0.39,0.41,0.40,0.39,0.38,0.40,0.38,0.41,0.39,0.39,0.39,0.39,0.39,0.40,0.38,0.39,0.41,9.86,0.39,false
13,0.16666666666666666,0.026052104208416832,0.39,0.40,0.39,0.40,0.40,0.40,0.40,0.39,0.39,0.40,0.40,0.40,0.38,0.39,0.39,0.41,0.39,0.39,0.40,0.39,0.39,0.40,0.38,0.38,0.40,9.85,0.39,false
14,0.1794871794871795,0.028056112224448898,0.41,0.42,0.41,0.41,0.40,0.42,0.40,0.41,0.40,0.40,0.41,0.42,0.39,0.42,0.41,0.42,0.40,0.41,0.41,0.41,0.41,0.41,0.38,0.40,0.40,10.18,0.41,false
15,0.19230769230769232,0.03006012024048096,0.39,0.40,0.38,0.39,0.39,0.39,0.38,0.38,0.37,0.40,0.39,0.39,0.38,0.38,0.39,0.39,0.38,0.39,0.38,0.38,0.39,0.39,0.37,0.38,0.40,9.65,0.39,false
16,0.20512820512820512,0.03206412825651302,0.39,0.39,0.38,0.39,0.39,0.39,0.38,0.38,0.38,0.40,0.39,0.39,0.38,0.38,0.39,0.39,0.38,0.39,0.38,0.38,0.40,0.38,0.37,0.38,0.40,9.65,0.39,false
17,0.21794871794871795,0.03406813627254509,0.39,0.38,0.38,0.39,0.38,0.39,0.38,0.39,0.38,0.39,0.38,0.39,0.37,0.38,0.39,0.39,0.38,0.39,0.38,0.37,0.39,0.38,0.37,0.38,0.39,9.58,0.38,false
18,0.23076923076923078,0.036072144288577156,0.39,0.39,0.38,0.38,0.40,0.39,0.37,0.39,0.38,0.39,0.38,0.39,0.38,0.39,0.38,0.39,0.38,0.39,0.38,0.38,0.39,0.38,0.37,0.38,0.39,9.61,0.38,false
19,0.24358974358974358,0.03807615230460922,0.40,0.40,0.40,0.39,0.41,0.41,0.38,0.39,0.40,0.39,0.40,0.40,0.40,0.41,0.39,0.40,0.39,0.41,0.39,0.40,0.40,0.39,0.38,0.39,0.39,9.91,0.40,false
20,0.2564102564102564,0.04008016032064128,0.39,0.39,0.38,0.38,0.40,0.38,0.37,0.39,0.37,0.38,0.39,0.38,0.37,0.38,0.39,0.38,0.37,0.39,0.39,0.38,0.39,0.38,0.37,0.38,0.39,9.56,0.38,false
21,0.2692307692307692,0.04208416833667335,0.38,0.37,0.37,0.37,0.39,0.39,0.37,0.38,0.37,0.39,0.37,0.38,0.37,0.37,0.38,0.38,0.37,0.39,0.37,0.37,0.38,0.38,0.37,0.37,0.38,9.41,0.38,false
22,0.28205128205128205,0.04408817635270541,0.40,0.40,0.38,0.38,0.40,0.40,0.38,0.39,0.38,0.40,0.40,0.39,0.38,0.39,0.40,0.39,0.39,0.39,0.38,0.38,0.40,0.39,0.38,0.38,0.39,9.74,0.39,false
23,0.08974358974358974,0.04609218436873747,0.38,0.39,0.38,0.38,0.39,0.39,0.38,0.38,0.38,0.39,0.38,0.38,0.38,0.39,0.39,0.39,0.37,0.39,0.39,0.37,0.39,0.39,0.38,0.38,0.40,9.61,0.38,false
24,0.07692307692307693,0.04809619238476954,0.38,0.38,0.38,0.39,0.38,0.38,0.38,0.38,0.38,0.39,0.38,0.38,0.38,0.38,0.39,0.38,0.37,0.38,0.39,0.38,0.38,0.38,0.38,0.37,0.39,9.53,0.38,false
25,0.0641025641025641,0.050100200400801605,0.39,0.39,0.38,0.39,0.39,0.39,0.38,0.39,0.39,0.40,0.39,0.40,0.39,0.39,0.39,0.39,0.38,0.39,0.40,0.38,0.39,0.39,0.39,0.38,0.39,9.73,0.39,false
26,0.2948717948717949,0.052104208416833664,0.38,0.38,0.37,0.38,0.39,0.38,0.37,0.38,0.37,0.39,0.38,0.38,0.38,0.38,0.38,0.37,0.38,0.39,0.37,0.37,0.39,0.38,0.37,0.37,0.39,9.47,0.38,false
27,0.3076923076923077,0.05410821643286573,0.38,0.38,0.38,0.37,0.38,0.38,0.37,0.37,0.37,0.39,0.38,0.39,0.37,0.38,0.38,0.38,0.37,0.39,0.37,0.37,0.38,0.37,0.38,0.37,0.38,9.43,0.38,false
28,0.32051282051282054,0.056112224448897796,0.38,0.38,0.38,0.38,0.38,0.38,0.38,0.38,0.37,0.39,0.38,0.39,0.37,0.38,0.37,0.39,0.37,0.38,0.37,0.38,0.38,0.37,0.37,0.37,0.39,9.46,0.38,false
29,0.02564102564102564,0.05811623246492986,0.40,0.40,0.39,0.41,0.40,0.40,0.39,0.39,0.39,0.39,0.39,0.40,0.38,0.40,0.39,0.40,0.39,0.40,0.40,0.38,0.40,0.40,0.40,0.38,0.41,9.88,0.40,false
30,0.3333333333333333,0.06012024048096192,0.39,0.39,0.38,0.38,0.39,0.40,0.38,0.38,0.39,0.39,0.38,0.40,0.38,0.38,0.39,0.39,0.38,0.39,0.38,0.38,0.39,0.39,0.38,0.37,0.38,9.63,0.39,false
31,0.34615384615384615,0.06212424849699399,0.37,0.38,0.38,0.37,0.38,0.39,0.38,0.38,0.38,0.38,0.38,0.39,0.37,0.38,0.38,0.38,0.38,0.39,0.39,0.37,0.38,0.38,0.38,0.37,0.39,9.50,0.38,false
32,0,0.06412825651302605,0.40,0.40,0.40,0.41,0.40,0.41,0.39,0.39,0.40,0.40,0.41,0.41,0.39,0.41,0.39,0.39,0.39,0.40,0.41,0.39,0.40,0.42,0.41,0.39,0.41,10.02,0.40,false
33,0.358974358974359,0.06613226452905811,0.38,0.38,0.38,0.38,0.38,0.39,0.38,0.38,0.39,0.38,0.38,0.40,0.38,0.39,0.38,0.39,0.38,0.39,0.37,0.38,0.38,0.39,0.38,0.37,0.39,9.57,0.38,false
34,0.3717948717948718,0.06813627254509018,0.39,0.37,0.39,0.38,0.39,0.39,0.37,0.38,0.37,0.38,0.38,0.38,0.38,0.38,0.39,0.38,0.38,0.38,0.38,0.38,0.38,0.38,0.38,0.37,0.39,9.52,0.38,false
35,0.38461538461538464,0.07014028056112225,0.39,0.38,0.38,0.38,0.39,0.39,0.38,0.39,0.38,0.38,0.37,0.39,0.38,0.38,0.39,0.38,0.38,0.38,0.38,0.38,0.39,0.38,0.38,0.38,0.41,9.59,0.38,false
36,0.3974358974358974,0.07214428857715431,0.38,0.39,0.38,0.38,0.39,0.40,0.38,0.38,0.38,0.38,0.38,0.39,0.38,0.38,0.38,0.38,0.40,0.38,0.38,0.38,0.38,0.38,0.39,0.37,0.38,9.57,0.38,false
37,0.41025641025641024,0.07414829659318638,0.39,0.41,0.39,0.38,0.40,0.41,0.40,0.39,0.39,0.39,0.39,0.40,0.39,0.40,0.40,0.39,0.40,0.40,0.40,0.40,0.40,0.41,0.39,0.39,0.40,9.91,0.40,false
38,0.4230769230769231,0.07615230460921844,0.38,0.40,0.39,0.38,0.40,0.41,0.40,0.39,0.39,0.39,0.39,0.41,0.38,0.40,0.39,0.38,0.40,0.39,0.39,0.40,0.39,0.40,0.38,0.38,0.40,9.81,0.39,false
39,0.4358974358974359,0.0781563126252505,0.39,0.42,0.41,0.40,0.40,0.41,0.40,0.39,0.40,0.39,0.40,0.41,0.39,0.41,0.39,0.40,0.41,0.40,0.41,0.40,0.40,0.40,0.40,0.39,0.41,10.03,0.40,false
40,0.44871794871794873,0.08016032064128256,0.38,0.40,0.39,0.39,0.39,0.40,0.38,0.39,0.39,0.39,0.39,0.40,0.39,0.41,0.39,0.39,0.39,0.39,0.39,0.40,0.39,0.39,0.38,0.39,0.39,9.78,0.39,false
41,0.46153846153846156,0.08216432865731463,0.38,0.39,0.38,0.39,0.40,0.41,0.39,0.39,0.40,0.39,0.38,0.41,0.39,0.40,0.40,0.39,0.40,0.38,0.38,0.40,0.39,0.40,0.39,0.38,0.40,9.81,0.39,false
42,0.4358974358974359,0.0841683366733467,0.38,0.39,0.39,0.38,0.40,0.39,0.38,0.39,0.39,0.39,0.39,0.40,0.39,0.39,0.39,0.39,0.39,0.39,0.37,0.39,0.39,0.39,0.38,0.38,0.40,9.71,0.39,false
43,0.47435897435897434,0.08617234468937876,0.40,0.41,0.42,0.39,0.43,0.42,0.40,0.40,0.40,0.41,0.40,0.42,0.41,0.41,0.40,0.41,0.41,0.40,0.40,0.40,0.41,0.41,0.39,0.40,0.42,10.17,0.41,false
44,0.48717948717948717,0.08817635270541083,0.41,0.41,0.41,0.40,0.42,0.42,0.41,0.41,0.41,0.43,0.40,0.41,0.41,0.41,0.42,0.41,0.41,0.41,0.40,0.41,0.42,0.42,0.40,0.40,0.41,10.27,0.41,false
45,0.41025641025641024,0.09018036072144289,0.42,0.42,0.43,0.41,0.41,0.43,0.42,0.41,0.43,0.43,0.41,0.43,0.42,0.42,0.42,0.42,0.41,0.41,0.43,0.41,0.42,0.42,0.40,0.42,0.41,10.46,0.42,false
46,0.3974358974358974,0.09218436873747494,0.39,0.40,0.40,0.39,0.41,0.40,0.38,0.39,0.39,0.39,0.39,0.40,0.39,0.40,0.40,0.39,0.40,0.38,0.39,0.39,0.41,0.38,0.38,0.40,0.40,9.84,0.39,false
47,0.38461538461538464,0.09418837675350701,0.41,0.42,0.44,0.42,0.43,0.42,0.40,0.44,0.43,0.43,0.41,0.43,0.43,0.43,0.42,0.43,0.43,0.42,0.42,0.41,0.43,0.42,0.41,0.42,0.43,10.58,0.42,false
48,0.3717948717948718,0.09619238476953908,0.42,0.44,0.44,0.42,0.44,0.44,0.41,0.42,0.44,0.44,0.43,0.43,0.43,0.44,0.45,0.44,0.43,0.42,0.43,0.42,0.45,0.44,0.42,0.43,0.42,10.79,0.43,false
49,0.5,0.09819639278557114,0.41,0.41,0.43,0.40,0.43,0.43,0.40,0.41,0.41,0.40,0.40,0.42,0.42,0.42,0.42,0.41,0.40,0.41,0.42,0.41,0.41,0.42,0.40,0.40,0.41,10.30,0.41,false
50,0.5128205128205128,0.10020040080160321,0.38,0.39,0.40,0.38,0.40,0.40,0.38,0.38,0.39,0.38,0.39,0.39,0.38,0.39,0.39,0.39,0.39,0.39,0.39,0.39,0.39,0.39,0.38,0.39,0.39,9.71,0.39,false
51,0.34615384615384615,0.10220440881763528,0.38,0.38,0.39,0.39,0.39,0.40,0.39,0.39,0.39,0.39,0.38,0.40,0.39,0.39,0.38,0.39,0.39,0.39,0.39,0.39,0.40,0.39,0.38,0.38,0.39,9.72,0.39,false
52,0.3333333333333333,0.10420841683366733,0.39,0.38,0.38,0.38,0.40,0.40,0.39,0.39,0.39,0.39,0.38,0.39,0.39,0.38,0.39,0.39,0.39,0.38,0.40,0.40,0.41,0.39,0.38,0.39,0.39,9.74,0.39,false
53,0.5256410256410257,0.1062124248496994,0.39,0.39,0.40,0.38,0.39,0.39,0.38,0.39,0.38,0.38,0.37,0.39,0.39,0.39,0.38,0.38,0.39,0.38,0.39,0.39,0.39,0.39,0.38,0.38,0.38,9.64,0.39,false
54,0.5384615384615384,0.10821643286573146,0.40,0.39,0.40,0.41,0.40,0.40,0.41,0.40,0.39,0.40,0.39,0.40,0.39,0.40,0.40,0.41,0.40,0.40,0.41,0.40,0.42,0.41,0.39,0.39,0.39,10.00,0.40,false
55,0.5512820512820513,0.11022044088176353,0.40,0.41,0.41,0.40,0.41,0.41,0.40,0.40,0.41,0.41,0.40,0.41,0.39,0.41,0.41,0.41,0.41,0.40,0.40,0.41,0.42,0.41,0.40,0.40,0.40,10.14,0.41,false
56,0.5641025641025641,0.11222444889779559,0.39,0.40,0.39,0.39,0.40,0.40,0.39,0.40,0.40,0.39,0.39,0.39,0.39,0.40,0.39,0.40,0.40,0.39,0.40,0.41,0.41,0.39,0.39,0.39,0.39,9.88,0.40,false
57,0.5769230769230769,0.11422845691382766,0.39,0.39,0.40,0.40,0.40,0.40,0.39,0.40,0.40,0.39,0.39,0.39,0.39,0.40,0.38,0.39,0.39,0.39,0.40,0.40,0.41,0.39,0.38,0.38,0.39,9.83,0.39,false
58,0.5897435897435898,0.11623246492985972,0.40,0.39,0.39,0.39,0.39,0.40,0.39,0.39,0.39,0.38,0.39,0.40,0.39,0.39,0.39,0.40,0.39,0.39,0.40,0.40,0.40,0.40,0.38,0.39,0.39,9.81,0.39,false
59,0.6025641025641025,0.11823647294589178,0.39,0.38,0.39,0.38,0.38,0.38,0.38,0.38,0.39,0.38,0.38,0.39,0.38,0.39,0.37,0.38,0.38,0.38,0.38,0.39,0.39,0.39,0.37,0.38,0.38,9.56,0.38,false
60,0.28205128205128205,0.12024048096192384,0.39,0.38,0.38,0.38,0.39,0.40,0.38,0.39,0.39,0.38,0.37,0.39,0.37,0.39,0.38,0.39,0.37,0.38,0.39,0.39,0.39,0.38,0.37,0.38,0.38,9.58,0.38,false
61,0.6153846153846154,0.12224448897795591,0.38,0.38,0.38,0.39,0.38,0.38,0.38,0.39,0.39,0.37,0.38,0.39,0.37,0.38,0.37,0.38,0.37,0.38,0.39,0.39,0.39,0.37,0.37,0.38,0.39,9.52,0.38,false
62,0.14102564102564102,0.12424849699398798,0.40,0.40,0.38,0.39,0.40,0.39,0.40,0.39,0.40,0.39,0.38,0.40,0.38,0.39,0.39,0.40,0.38,0.39,0.40,0.39,0.40,0.40,0.38,0.38,0.39,9.79,0.39,false
63,0.6282051282051282,0.12625250501002003,0.40,0.40,0.39,0.40,0.40,0.41,0.39,0.39,0.40,0.39,0.39,0.40,0.39,0.38,0.40,0.41,0.39,0.39,0.39,0.39,0.40,0.39,0.40,0.39,0.41,9.89,0.40,false
64,0.24358974358974358,0.1282565130260521,0.38,0.38,0.39,0.39,0.39,0.40,0.39,0.38,0.39,0.39,0.38,0.39,0.38,0.39,0.38,0.40,0.39,0.39,0.40,0.39,0.39,0.38,0.37,0.38,0.39,9.68,0.39,false
65,0.14102564102564102,0.13026052104208416,0.40,0.41,0.41,0.41,0.42,0.41,0.41,0.41,0.42,0.40,0.41,0.42,0.41,0.41,0.40,0.42,0.41,0.41,0.40,0.42,0.41,0.42,0.40,0.40,0.42,10.26,0.41,false
66,0.6282051282051282,0.13226452905811623,0.38,0.39,0.38,0.39,0.39,0.39,0.39,0.38,0.40,0.38,0.38,0.40,0.38,0.39,0.39,0.39,0.38,0.39,0.38,0.40,0.39,0.38,0.38,0.38,0.40,9.68,0.39,false
67,0.6410256410256411,0.1342685370741483,0.40,0.39,0.40,0.39,0.40,0.40,0.39,0.40,0.39,0.38,0.39,0.40,0.40,0.40,0.39,0.40,0.39,0.39,0.39,0.40,0.41,0.40,0.39,0.39,0.40,9.88,0.40,false
68,0.6538461538461539,0.13627254509018036,0.38,0.39,0.39,0.39,0.39,0.39,0.39,0.39,0.38,0.38,0.38,0.39,0.38,0.39,0.37,0.38,0.38,0.38,0.39,0.38,0.39,0.38,0.38,0.38,0.39,9.61,0.38,false
69,0.20512820512820512,0.13827655310621242,0.38,0.39,0.40,0.39,0.40,0.40,0.40,0.40,0.39,0.39,0.38,0.40,0.38,0.39,0.40,0.40,0.40,0.40,0.40,0.41,0.40,0.38,0.38,0.39,0.41,9.86,0.39,false
70,0.1794871794871795,0.1402805611222445,0.41,0.41,0.40,0.40,0.41,0.41,0.40,0.42,0.40,0.40,0.40,0.40,0.39,0.40,0.38,0.39,0.39,0.39,0.41,0.41,0.42,0.41,0.39,0.41,0.41,10.06,0.40,false
71,0.16666666666666666,0.14228456913827656,0.40,0.41,0.40,0.41,0.42,0.40,0.40,0.42,0.43,0.40,0.40,0.40,0.41,0.41,0.40,0.40,0.39,0.40,0.42,0.40,0.41,0.41,0.39,0.41,0.42,10.16,0.41,false
72,0.15384615384615385,0.14428857715430862,0.41,0.40,0.40,0.42,0.42,0.40,0.40,0.41,0.40,0.40,0.39,0.40,0.41,0.41,0.38,0.40,0.38,0.40,0.40,0.43,0.41,0.40,0.38,0.41,0.41,10.07,0.40,false
73,0.2564102564102564,0.1462925851703407,0.39,0.40,0.39,0.39,0.39,0.38,0.39,0.40,0.39,0.39,0.38,0.39,0.39,0.39,0.39,0.39,0.39,0.38,0.39,0.40,0.40,0.39,0.38,0.38,0.41,9.76,0.39,false
74,0.6666666666666666,0.14829659318637275,0.39,0.38,0.39,0.39,0.40,0.39,0.39,0.39,0.39,0.38,0.38,0.39,0.40,0.39,0.37,0.38,0.38,0.38,0.38,0.40,0.40,0.39,0.39,0.39,0.40,9.71,0.39,false
75,0.08974358974358974,0.15030060120240482,0.41,0.41,0.41,0.41,0.42,0.41,0.40,0.42,0.41,0.40,0.40,0.41,0.40,0.40,0.40,0.41,0.39,0.40,0.41,0.41,0.40,0.40,0.40,0.41,0.42,10.16,0.41,false
76,0.6794871794871795,0.1523046092184369,0.39,0.39,0.38,0.38,0.39,0.39,0.39,0.39,0.38,0.38,0.38,0.39,0.39,0.39,0.39,0.39,0.39,0.38,0.39,0.39,0.39,0.39,0.38,0.38,0.39,9.67,0.39,false
77,0.5769230769230769,0.15430861723446893,0.39,0.40,0.39,0.39,0.40,0.39,0.39,0.40,0.39,0.38,0.37,0.39,0.38,0.39,0.39,0.38,0.38,0.38,0.39,0.39,0.39,0.38,0.39,0.37,0.40,9.69,0.39,false
78,0.6923076923076923,0.156312625250501,0.40,0.41,0.40,0.39,0.40,0.40,0.41,0.41,0.40,0.39,0.40,0.40,0.39,0.40,0.40,0.40,0.39,0.40,0.40,0.40,0.39,0.40,0.40,0.39,0.41,9.98,0.40,false
79,0.3076923076923077,0.15831663326653306,0.40,0.41,0.41,0.41,0.42,0.41,0.41,0.43,0.40,0.39,0.40,0.40,0.40,0.41,0.39,0.41,0.41,0.39,0.40,0.42,0.42,0.39,0.39,0.41,0.42,10.15,0.41,false
80,0.5512820512820513,0.16032064128256512,0.41,0.40,0.41,0.40,0.42,0.40,0.41,0.42,0.40,0.40,0.39,0.40,0.40,0.41,0.39,0.40,0.41,0.40,0.40,0.41,0.41,0.39,0.39,0.41,0.42,10.10,0.40,false
81,0.7051282051282052,0.1623246492985972,0.40,0.40,0.40,0.40,0.42,0.40,0.42,0.42,0.38,0.40,0.40,0.40,0.40,0.40,0.40,0.40,0.41,0.41,0.41,0.41,0.40,0.39,0.41,0.40,0.41,10.09,0.40,false
82,0.5256410256410257,0.16432865731462926,0.40,0.40,0.39,0.41,0.41,0.39,0.41,0.41,0.40,0.39,0.39,0.39,0.40,0.39,0.39,0.40,0.40,0.40,0.39,0.41,0.41,0.39,0.40,0.39,0.41,9.97,0.40,false
83,0.717948717948718,0.16633266533066132,0.42,0.41,0.40,0.41,0.42,0.40,0.41,0.40,0.41,0.40,0.40,0.40,0.40,0.42,0.39,0.41,0.41,0.41,0.41,0.43,0.42,0.40,0.40,0.40,0.43,10.21,0.41,false
84,0.7307692307692307,0.1683366733466934,0.39,0.39,0.39,0.40,0.39,0.39,0.40,0.40,0.38,0.39,0.39,0.39,0.39,0.40,0.38,0.38,0.39,0.38,0.40,0.39,0.40,0.39,0.38,0.39,0.40,9.77,0.39,false
85,0.7435897435897436,0.17034068136272545,0.41,0.40,0.39,0.39,0.40,0.39,0.41,0.42,0.40,0.40,0.39,0.40,0.38,0.40,0.38,0.39,0.40,0.39,0.38,0.40,0.40,0.39,0.39,0.39,0.41,9.90,0.40,false
86,0,0.17234468937875752,0.42,0.42,0.41,0.41,0.42,0.41,0.42,0.42,0.42,0.41,0.42,0.42,0.40,0.43,0.41,0.43,0.41,0.41,0.41,0.43,0.41,0.42,0.41,0.41,0.42,10.40,0.42,false
87,0.7564102564102564,0.1743486973947896,0.40,0.41,0.40,0.40,0.40,0.40,0.40,0.40,0.40,0.40,0.40,0.41,0.40,0.40,0.40,0.40,0.39,0.39,0.39,0.40,0.41,0.38,0.40,0.38,0.42,9.98,0.40,false
88,0.7692307692307693,0.17635270541082165,0.41,0.41,0.40,0.41,0.42,0.42,0.41,0.42,0.41,0.41,0.41,0.42,0.42,0.41,0.41,0.42,0.41,0.41,0.40,0.41,0.43,0.42,0.41,0.41,0.41,10.32,0.41,false
89,0.3974358974358974,0.17835671342685372,0.40,0.40,0.40,0.39,0.40,0.40,0.40,0.39,0.39,0.38,0.39,0.41,0.38,0.39,0.38,0.39,0.39,0.39,0.39,0.39,0.41,0.40,0.39,0.39,0.40,9.84,0.39,false
90,0.782051282051282,0.18036072144288579,0.41,0.42,0.41,0.41,0.41,0.42,0.41,0.43,0.40,0.41,0.42,0.41,0.42,0.41,0.42,0.41,0.41,0.41,0.40,0.42,0.42,0.39,0.41,0.41,0.43,10.32,0.41,false
91,0.7948717948717948,0.18236472945891782,0.44,0.42,0.43,0.43,0.41,0.42,0.42,0.41,0.43,0.41,0.42,0.43,0.41,0.42,0.42,0.42,0.42,0.41,0.41,0.42,0.43,0.41,0.41,0.42,0.43,10.50,0.42,false
92,0.4230769230769231,0.1843687374749499,0.42,0.44,0.43,0.42,0.43,0.43,0.44,0.44,0.44,0.42,0.42,0.43,0.43,0.43,0.43,0.44,0.42,0.42,0.43,0.43,0.43,0.42,0.41,0.42,0.44,10.71,0.43,false
93,0.47435897435897434,0.18637274549098196,0.44,0.42,0.41,0.42,0.41,0.42,0.41,0.42,0.42,0.40,0.41,0.42,0.42,0.42,0.42,0.41,0.42,0.41,0.41,0.41,0.42,0.41,0.41,0.40,0.43,10.39,0.42,false
94,0.8076923076923077,0.18837675350701402,0.43,0.44,0.44,0.43,0.42,0.42,0.44,0.43,0.44,0.44,0.43,0.44,0.43,0.45,0.45,0.45,0.45,0.43,0.44,0.44,0.44,0.45,0.44,0.42,0.45,10.94,0.44,false
95,0.4358974358974359,0.1903807615230461,0.43,0.43,0.42,0.44,0.42,0.43,0.43,0.43,0.42,0.41,0.43,0.43,0.41,0.43,0.42,0.42,0.43,0.41,0.42,0.42,0.43,0.43,0.40,0.42,0.43,10.59,0.42,false
96,0.8205128205128205,0.19238476953907815,0.44,0.44,0.43,0.42,0.44,0.45,0.44,0.44,0.42,0.42,0.44,0.45,0.44,0.45,0.44,0.44,0.44,0.43,0.43,0.44,0.43,0.45,0.42,0.44,0.43,10.91,0.44,false
97,0.46153846153846156,0.19438877755511022,0.43,0.41,0.42,0.41,0.42,0.43,0.40,0.42,0.40,0.41,0.40,0.42,0.42,0.43,0.41,0.41,0.40,0.42,0.41,0.41,0.41,0.42,0.40,0.40,0.43,10.34,0.41,false
98,0.8333333333333334,0.1963927855711423,0.44,0.42,0.43,0.42,0.43,0.43,0.41,0.41,0.41,0.40,0.43,0.43,0.41,0.43,0.41,0.43,0.41,0.43,0.42,0.43,0.42,0.44,0.40,0.40,0.42,10.51,0.42,false
99,0.4358974358974359,0.19839679358717435,0.42,0.41,0.41,0.41,0.42,0.41,0.43,0.41,0.41,0.41,0.42,0.42,0.40,0.40,0.41,0.41,0.42,0.41,0.40,0.41,0.43,0.42,0.41,0.40,0.44,10.34,0.41,false
100,0.48717948717948717,0.20040080160320642,0.43,0.43,0.42,0.44,0.42,0.44,0.42,0.43,0.43,0.43,0.41,0.42,0.43,0.42,0.41,0.42,0.43,0.42,0.42,0.43,0.44,0.42,0.43,0.40,0.44,10.63,0.43,false
101,0.782051282051282,0.20240480961923848,0.43,0.42,0.42,0.43,0.43,0.42,0.43,0.44,0.41,0.42,0.42,0.43,0.42,0.42,0.42,0.42,0.43,0.41,0.42,0.42,0.43,0.44,0.41,0.41,0.42,10.57,0.42,false
102,0.38461538461538464,0.20440881763527055,0.41,0.41,0.41,0.41,0.42,0.41,0.41,0.42,0.40,0.41,0.41,0.43,0.40,0.40,0.41,0.41,0.42,0.42,0.42,0.40,0.42,0.42,0.41,0.39,0.41,10.28,0.41,false
103,0.358974358974359,0.20641282565130262,0.41,0.41,0.42,0.42,0.41,0.42,0.41,0.42,0.41,0.40,0.41,0.42,0.41,0.40,0.42,0.43,0.41,0.42,0.40,0.41,0.41,0.40,0.40,0.40,0.42,10.29,0.41,false
104,0.5128205128205128,0.20841683366733466,0.41,0.41,0.40,0.41,0.42,0.41,0.41,0.41,0.40,0.40,0.42,0.42,0.41,0.39,0.41,0.41,0.42,0.41,0.39,0.41,0.42,0.40,0.41,0.39,0.42,10.21,0.41,false
105,0.7307692307692307,0.21042084168336672,0.41,0.42,0.41,0.40,0.43,0.41,0.41,0.41,0.40,0.39,0.40,0.40,0.40,0.41,0.42,0.40,0.40,0.41,0.39,0.42,0.42,0.40,0.40,0.41,0.42,10.19,0.41,false
106,0.8461538461538461,0.2124248496993988,0.42,0.42,0.42,0.41,0.41,0.41,0.40,0.42,0.41,0.40,0.41,0.42,0.42,0.42,0.41,0.42,0.42,0.40,0.40,0.41,0.42,0.42,0.41,0.40,0.42,10.32,0.41,false
107,0.7051282051282052,0.21442885771543085,0.43,0.42,0.42,0.42,0.43,0.43,0.40,0.42,0.41,0.40,0.40,0.41,0.41,0.41,0.42,0.40,0.41,0.41,0.41,0.41,0.41,0.41,0.41,0.40,0.42,10.32,0.41,false
108,0.3076923076923077,0.21643286573146292,0.40,0.40,0.40,0.40,0.40,0.40,0.39,0.39,0.39,0.40,0.40,0.40,0.39,0.39,0.40,0.41,0.39,0.39,0.40,0.39,0.40,0.39,0.38,0.38,0.41,9.89,0.40,false
109,0.05128205128205128,0.218436873747495,0.43,0.42,0.40,0.42,0.43,0.41,0.41,0.42,0.43,0.41,0.40,0.42,0.43,0.41,0.41,0.42,0.41,0.41,0.43,0.41,0.41,0.42,0.41,0.41,0.42,10.40,0.42,false
110,0.5897435897435898,0.22044088176352705,0.40,0.39,0.39,0.38,0.40,0.39,0.39,0.39,0.39,0.39,0.38,0.38,0.39,0.39,0.38,0.38,0.38,0.38,0.39,0.39,0.39,0.38,0.38,0.38,0.39,9.67,0.39,false
111,0.6025641025641025,0.22244488977955912,0.41,0.42,0.41,0.43,0.42,0.41,0.42,0.41,0.41,0.41,0.41,0.40,0.41,0.42,0.42,0.41,0.40,0.40,0.40,0.40,0.41,0.41,0.40,0.40,0.41,10.25,0.41,false
112,0.10256410256410256,0.22444889779559118,0.42,0.43,0.41,0.43,0.42,0.42,0.41,0.42,0.43,0.41,0.42,0.42,0.40,0.43,0.42,0.42,0.40,0.42,0.43,0.41,0.42,0.42,0.41,0.40,0.42,10.44,0.42,false
113,0.2692307692307692,0.22645290581162325,0.42,0.40,0.40,0.40,0.41,0.42,0.40,0.42,0.42,0.40,0.41,0.40,0.41,0.41,0.41,0.42,0.41,0.41,0.41,0.40,0.41,0.41,0.40,0.41,0.42,10.23,0.41,false
114,0.8589743589743589,0.22845691382765532,0.42,0.41,0.42,0.41,0.43,0.42,0.42,0.42,0.41,0.40,0.41,0.42,0.41,0.41,0.41,0.42,0.40,0.42,0.40,0.40,0.42,0.42,0.41,0.41,0.41,10.33,0.41,false
115,0.15384615384615385,0.23046092184368738,0.41,0.41,0.40,0.40,0.41,0.41,0.41,0.41,0.39,0.40,0.41,0.41,0.40,0.42,0.40,0.42,0.39,0.41,0.40,0.41,0.40,0.40,0.40,0.40,0.41,10.13,0.41,false
116,0.16666666666666666,0.23246492985971945,0.40,0.41,0.40,0.40,0.42,0.40,0.39,0.39,0.39,0.39,0.40,0.39,0.40,0.41,0.39,0.40,0.39,0.39,0.40,0.39,0.40,0.39,0.39,0.39,0.40,9.92,0.40,false
117,0.1794871794871795,0.23446893787575152,0.40,0.40,0.40,0.40,0.41,0.39,0.40,0.40,0.40,0.40,0.40,0.40,0.39,0.41,0.39,0.41,0.39,0.40,0.39,0.39,0.41,0.40,0.39,0.39,0.42,9.98,0.40,false
118,0.19230769230769232,0.23647294589178355,0.40,0.41,0.40,0.39,0.41,0.40,0.41,0.41,0.39,0.40,0.40,0.40,0.40,0.40,0.40,0.40,0.40,0.40,0.39,0.40,0.40,0.40,0.40,0.39,0.42,10.02,0.40,false
119,0.20512820512820512,0.23847695390781562,0.41,0.41,0.39,0.41,0.42,0.41,0.40,0.40,0.39,0.39,0.39,0.40,0.40,0.41,0.41,0.40,0.39,0.40,0.39,0.40,0.39,0.40,0.39,0.39,0.41,10.00,0.40,false
120,0.6410256410256411,0.24048096192384769,0.39,0.41,0.38,0.40,0.40,0.40,0.40,0.39,0.38,0.40,0.39,0.40,0.40,0.41,0.39,0.39,0.39,0.40,0.39,0.39,0.40,0.40,0.40,0.39,0.40,9.89,0.40,false
121,0.8717948717948718,0.24248496993987975,0.40,0.41,0.42,0.41,0.41,0.42,0.42,0.41,0.40,0.40,0.40,0.41,0.42,0.42,0.40,0.42,0.40,0.42,0.41,0.41,0.42,0.41,0.41,0.42,0.42,10.29,0.41,false
122,0.24358974358974358,0.24448897795591182,0.39,0.38,0.38,0.38,0.39,0.40,0.39,0.40,0.37,0.39,0.38,0.40,0.38,0.38,0.40,0.39,0.38,0.39,0.39,0.38,0.39,0.40,0.38,0.38,0.39,9.68,0.39,false
123,0.8589743589743589,0.24649298597194388,0.42,0.41,0.42,0.40,0.41,0.42,0.41,0.42,0.41,0.42,0.41,0.41,0.43,0.43,0.41,0.41,0.41,0.41,0.41,0.42,0.44,0.40,0.41,0.41,0.43,10.38,0.42,false
124,0.2692307692307692,0.24849699398797595,0.41,0.40,0.42,0.40,0.42,0.43,0.42,0.43,0.39,0.42,0.41,0.40,0.41,0.41,0.42,0.40,0.40,0.41,0.40,0.41,0.41,0.42,0.41,0.39,0.42,10.26,0.41,false
125,0.28205128205128205,0.250501002004008,0.43,0.41,0.43,0.40,0.43,0.42,0.41,0.43,0.39,0.42,0.41,0.43,0.42,0.42,0.43,0.42,0.42,0.42,0.42,0.42,0.42,0.43,0.41,0.40,0.43,10.47,0.42,false
126,0.6025641025641025,0.25250501002004005,0.38,0.39,0.39,0.39,0.38,0.38,0.38,0.40,0.39,0.39,0.38,0.39,0.38,0.39,0.37,0.39,0.38,0.39,0.39,0.39,0.39,0.38,0.38,0.37,0.39,9.63,0.39,false
127,0.5897435897435898,0.2545090180360721,0.41,0.41,0.41,0.40,0.41,0.41,0.40,0.41,0.39,0.41,0.41,0.40,0.40,0.41,0.40,0.41,0.40,0.41,0.40,0.41,0.41,0.41,0.40,0.41,0.41,10.15,0.41,false
128,0.5769230769230769,0.2565130260521042,0.40,0.40,0.40,0.40,0.41,0.41,0.40,0.41,0.40,0.39,0.41,0.41,0.42,0.42,0.39,0.41,0.39,0.40,0.39,0.41,0.41,0.39,0.39,0.40,0.39,10.05,0.40,false
129,0.5641025641025641,0.25851703406813625,0.42,0.42,0.40,0.40,0.41,0.41,0.40,0.41,0.41,0.39,0.40,0.41,0.41,0.42,0.40,0.42,0.41,0.39,0.41,0.42,0.41,0.39,0.39,0.41,0.42,10.18,0.41,false
130,0.7051282051282052,0.2605210420841683,0.43,0.43,0.43,0.42,0.43,0.43,0.43,0.43,0.41,0.42,0.44,0.43,0.43,0.42,0.43,0.43,0.41,0.42,0.42,0.43,0.45,0.42,0.42,0.43,0.42,10.66,0.43,false
131,0.717948717948718,0.2625250501002004,0.42,0.43,0.43,0.43,0.43,0.41,0.41,0.43,0.41,0.40,0.41,0.43,0.42,0.43,0.41,0.43,0.42,0.42,0.42,0.44,0.43,0.41,0.40,0.43,0.42,10.52,0.42,false
132,0.7435897435897436,0.26452905811623245,0.43,0.42,0.44,0.43,0.44,0.44,0.43,0.44,0.43,0.41,0.43,0.44,0.43,0.43,0.45,0.44,0.43,0.44,0.44,0.45,0.43,0.43,0.42,0.45,0.43,10.85,0.43,false
133,0.7564102564102564,0.2665330661322645,0.43,0.43,0.44,0.44,0.42,0.44,0.43,0.44,0.43,0.44,0.43,0.44,0.44,0.44,0.44,0.44,0.43,0.43,0.44,0.46,0.43,0.43,0.43,0.45,0.43,10.90,0.44,false
134,0.8846153846153846,0.2685370741482966,0.43,0.42,0.44,0.43,0.43,0.44,0.44,0.43,0.42,0.42,0.44,0.43,0.44,0.44,0.44,0.43,0.43,0.42,0.44,0.43,0.45,0.43,0.42,0.43,0.43,10.80,0.43,false
135,0.47435897435897434,0.27054108216432865,0.44,0.45,0.44,0.44,0.43,0.44,0.44,0.45,0.44,0.43,0.44,0.45,0.45,0.45,0.44,0.43,0.43,0.43,0.44,0.44,0.44,0.43,0.43,0.45,0.44,10.99,0.44,false
136,0.46153846153846156,0.2725450901803607,0.41,0.41,0.41,0.40,0.41,0.42,0.41,0.41,0.40,0.41,0.40,0.41,0.42,0.41,0.40,0.41,0.39,0.41,0.43,0.41,0.41,0.39,0.40,0.43,0.41,10.22,0.41,false
137,0.8333333333333334,0.2745490981963928,0.43,0.45,0.45,0.44,0.43,0.45,0.44,0.44,0.43,0.42,0.44,0.44,0.45,0.44,0.43,0.44,0.43,0.44,0.44,0.45,0.45,0.43,0.43,0.43,0.44,10.96,0.44,false
138,0.44871794871794873,0.27655310621242485,0.46,0.46,0.46,0.44,0.45,0.45,0.43,0.45,0.46,0.44,0.44,0.45,0.44,0.45,0.45,0.44,0.43,0.44,0.42,0.44,0.45,0.44,0.43,0.44,0.44,11.10,0.44,false
139,0.46153846153846156,0.2785571142284569,0.43,0.45,0.45,0.42,0.43,0.44,0.42,0.43,0.43,0.42,0.43,0.42,0.43,0.45,0.44,0.43,0.42,0.42,0.44,0.44,0.43,0.44,0.43,0.42,0.41,10.77,0.43,false
140,0.46153846153846156,0.280561122244489,0.48,0.47,0.50,0.47,0.48,0.47,0.46,0.48,0.48,0.47,0.47,0.48,0.48,0.49,0.48,0.48,0.48,0.47,0.47,0.46,0.48,0.47,0.45,0.47,0.45,11.84,0.47,false
141,0.46153846153846156,0.28256513026052105,0.49,0.48,0.51,0.47,0.47,0.50,0.51,0.50,0.48,0.50,0.49,0.47,0.48,0.50,0.49,0.49,0.49,0.48,0.50,0.49,0.49,0.49,0.47,0.48,0.48,12.20,0.49,false
142,0.8205128205128205,0.2845691382765531,0.44,0.43,0.44,0.42,0.42,0.45,0.42,0.43,0.41,0.43,0.43,0.42,0.43,0.42,0.41,0.44,0.42,0.43,0.43,0.42,0.44,0.42,0.42,0.42,0.42,10.66,0.43,false
143,0.8974358974358975,0.2865731462925852,0.45,0.45,0.45,0.44,0.44,0.47,0.44,0.44,0.43,0.43,0.43,0.45,0.43,0.45,0.44,0.44,0.44,0.45,0.45,0.46,0.46,0.43,0.44,0.45,0.45,11.11,0.44,false
144,0.8974358974358975,0.28857715430861725,0.44,0.43,0.44,0.42,0.44,0.45,0.42,0.44,0.44,0.43,0.43,0.43,0.44,0.44,0.42,0.44,0.43,0.43,0.44,0.43,0.44,0.44,0.42,0.44,0.43,10.85,0.43,false
145,0.4358974358974359,0.2905811623246493,0.44,0.42,0.43,0.41,0.43,0.45,0.43,0.44,0.45,0.43,0.44,0.44,0.44,0.44,0.43,0.43,0.43,0.43,0.44,0.44,0.46,0.45,0.41,0.43,0.42,10.86,0.43,false
146,0.8076923076923077,0.2925851703406814,0.43,0.41,0.42,0.41,0.42,0.43,0.41,0.42,0.41,0.42,0.40,0.42,0.43,0.42,0.41,0.42,0.41,0.42,0.42,0.43,0.43,0.42,0.41,0.42,0.42,10.46,0.42,false
147,0.9102564102564102,0.29458917835671344,0.47,0.45,0.46,0.44,0.45,0.47,0.43,0.44,0.45,0.45,0.44,0.44,0.44,0.46,0.43,0.45,0.46,0.45,0.46,0.46,0.48,0.45,0.44,0.45,0.46,11.28,0.45,false
148,0.47435897435897434,0.2965931863727455,0.42,0.41,0.43,0.41,0.41,0.42,0.41,0.43,0.40,0.43,0.41,0.42,0.42,0.41,0.40,0.43,0.41,0.43,0.43,0.42,0.44,0.42,0.41,0.43,0.42,10.47,0.42,false
149,0.48717948717948717,0.2985971943887776,0.43,0.44,0.42,0.42,0.42,0.43,0.42,0.43,0.43,0.43,0.43,0.43,0.42,0.43,0.42,0.42,0.43,0.43,0.44,0.42,0.45,0.42,0.41,0.43,0.42,10.67,0.43,false
150,0.7948717948717948,0.30060120240480964,0.45,0.45,0.46,0.44,0.45,0.45,0.44,0.45,0.44,0.44,0.42,0.45,0.44,0.44,0.44,0.45,0.44,0.46,0.44,0.46,0.46,0.45,0.43,0.45,0.43,11.13,0.45,false
151,0.41025641025641024,0.3026052104208417,0.44,0.44,0.44,0.42,0.43,0.45,0.43,0.44,0.43,0.43,0.44,0.43,0.44,0.43,0.43,0.45,0.44,0.44,0.44,0.46,0.45,0.43,0.42,0.43,0.42,10.90,0.44,false
152,0.782051282051282,0.3046092184368738,0.46,0.45,0.44,0.44,0.44,0.45,0.45,0.45,0.44,0.45,0.44,0.45,0.43,0.45,0.44,0.44,0.45,0.47,0.44,0.46,0.46,0.44,0.43,0.44,0.45,11.16,0.45,false
153,0.3974358974358974,0.3066132264529058,0.41,0.41,0.42,0.41,0.42,0.42,0.42,0.44,0.43,0.43,0.42,0.42,0.43,0.43,0.43,0.42,0.42,0.42,0.42,0.42,0.43,0.41,0.40,0.42,0.41,10.51,0.42,false
154,0.9230769230769231,0.30861723446893785,0.45,0.44,0.47,0.46,0.44,0.45,0.45,0.46,0.46,0.46,0.45,0.45,0.45,0.46,0.44,0.44,0.44,0.47,0.46,0.46,0.45,0.43,0.45,0.45,0.44,11.28,0.45,false
155,0.38461538461538464,0.3106212424849699,0.44,0.45,0.43,0.43,0.44,0.48,0.45,0.44,0.45,0.45,0.44,0.45,0.45,0.44,0.44,0.44,0.44,0.45,0.45,0.46,0.45,0.45,0.44,0.45,0.44,11.15,0.45,false
156,0.3717948717948718,0.312625250501002,0.43,0.42,0.41,0.40,0.42,0.42,0.40,0.41,0.41,0.41,0.41,0.43,0.41,0.43,0.41,0.41,0.41,0.40,0.41,0.42,0.42,0.40,0.39,0.40,0.40,10.28,0.41,false
157,0.7564102564102564,0.31462925851703405,0.45,0.45,0.45,0.43,0.44,0.45,0.42,0.43,0.44,0.43,0.43,0.44,0.45,0.44,0.44,0.43,0.45,0.43,0.44,0.43,0.46,0.44,0.44,0.43,0.43,10.97,0.44,false
158,0.5,0.3166332665330661,0.41,0.41,0.40,0.41,0.41,0.41,0.40,0.41,0.40,0.40,0.41,0.42,0.41,0.41,0.40,0.40,0.40,0.41,0.41,0.41,0.42,0.40,0.40,0.40,0.41,10.17,0.41,false
159,0,0.3186372745490982,0.43,0.42,0.43,0.44,0.45,0.42,0.42,0.43,0.43,0.43,0.43,0.44,0.43,0.42,0.42,0.41,0.42,0.43,0.44,0.43,0.45,0.42,0.43,0.42,0.45,10.74,0.43,false
160,0.7564102564102564,0.32064128256513025,0.46,0.44,0.44,0.44,0.44,0.44,0.43,0.45,0.43,0.44,0.44,0.46,0.44,0.44,0.42,0.44,0.44,0.44,0.43,0.44,0.45,0.42,0.43,0.41,0.43,10.94,0.44,false
161,0.9230769230769231,0.3226452905811623,0.46,0.44,0.44,0.45,0.44,0.45,0.43,0.45,0.44,0.46,0.43,0.47,0.44,0.45,0.43,0.43,0.44,0.46,0.44,0.45,0.47,0.45,0.44,0.45,0.44,11.15,0.45,false
162,0.38461538461538464,0.3246492985971944,0.42,0.42,0.43,0.42,0.43,0.42,0.42,0.42,0.40,0.42,0.41,0.43,0.42,0.41,0.42,0.41,0.42,0.42,0.42,0.43,0.43,0.39,0.40,0.44,0.42,10.47,0.42,false
163,0.3717948717948718,0.32665330661322645,0.42,0.40,0.41,0.40,0.41,0.40,0.41,0.41,0.40,0.41,0.42,0.41,0.42,0.42,0.39,0.41,0.41,0.40,0.40,0.41,0.41,0.40,0.39,0.41,0.40,10.17,0.41,false
164,0.358974358974359,0.3286573146292585,0.42,0.41,0.40,0.40,0.41,0.39,0.41,0.41,0.39,0.41,0.42,0.42,0.42,0.42,0.40,0.40,0.41,0.40,0.41,0.41,0.41,0.41,0.39,0.41,0.40,10.18,0.41,false
165,0,0.3306613226452906,0.43,0.42,0.42,0.42,0.42,0.42,0.42,0.43,0.40,0.43,0.42,0.43,0.42,0.43,0.43,0.43,0.41,0.43,0.43,0.42,0.44,0.43,0.41,0.43,0.43,10.60,0.42,false
166,0.9358974358974359,0.33266533066132264,0.43,0.44,0.44,0.42,0.41,0.42,0.42,0.44,0.42,0.42,0.43,0.44,0.43,0.42,0.41,0.43,0.42,0.43,0.43,0.44,0.43,0.41,0.43,0.42,0.42,10.65,0.43,false
167,0.358974358974359,0.3346693386773547,0.44,0.43,0.43,0.43,0.43,0.43,0.45,0.45,0.41,0.44,0.44,0.44,0.44,0.43,0.43,0.44,0.42,0.45,0.44,0.42,0.44,0.42,0.42,0.45,0.43,10.85,0.43,false
168,0.7564102564102564,0.3366733466933868,0.43,0.43,0.43,0.44,0.43,0.43,0.44,0.42,0.42,0.42,0.42,0.43,0.44,0.44,0.43,0.42,0.42,0.43,0.43,0.43,0.44,0.43,0.43,0.45,0.44,10.77,0.43,false
169,0.5,0.33867735470941884,0.45,0.44,0.44,0.43,0.44,0.44,0.43,0.43,0.41,0.43,0.42,0.43,0.44,0.45,0.42,0.45,0.43,0.43,0.45,0.43,0.43,0.43,0.42,0.44,0.43,10.84,0.43,false
170,0.5128205128205128,0.3406813627254509,0.41,0.41,0.39,0.40,0.39,0.40,0.40,0.40,0.38,0.39,0.40,0.40,0.39,0.40,0.38,0.40,0.40,0.39,0.40,0.41,0.40,0.40,0.38,0.39,0.40,9.91,0.40,false
171,0.9358974358974359,0.342685370741483,0.42,0.42,0.43,0.42,0.42,0.43,0.42,0.42,0.42,0.41,0.43,0.43,0.43,0.41,0.42,0.43,0.41,0.43,0.43,0.42,0.42,0.41,0.42,0.43,0.42,10.55,0.42,false
172,0.34615384615384615,0.34468937875751504,0.39,0.40,0.39,0.39,0.39,0.39,0.39,0.39,0.38,0.39,0.39,0.39,0.39,0.39,0.38,0.39,0.38,0.39,0.39,0.39,0.40,0.38,0.38,0.39,0.39,9.72,0.39,false
173,0.7435897435897436,0.3466933867735471,0.41,0.41,0.41,0.40,0.40,0.41,0.41,0.41,0.39,0.39,0.40,0.41,0.42,0.41,0.40,0.39,0.40,0.40,0.40,0.41,0.42,0.40,0.40,0.40,0.40,10.10,0.40,false
174,0,0.3486973947895792,0.47,0.45,0.43,0.44,0.45,0.43,0.41,0.43,0.44,0.44,0.43,0.44,0.43,0.44,0.42,0.44,0.43,0.44,0.44,0.42,0.46,0.44,0.42,0.42,0.45,10.91,0.44,false
175,0.5128205128205128,0.35070140280561124,0.43,0.42,0.40,0.41,0.40,0.41,0.41,0.41,0.41,0.41,0.41,0.42,0.41,0.41,0.40,0.42,0.40,0.42,0.41,0.40,0.42,0.41,0.40,0.41,0.42,10.27,0.41,false
176,0.7435897435897436,0.3527054108216433,0.45,0.42,0.43,0.43,0.44,0.43,0.44,0.43,0.41,0.42,0.42,0.44,0.42,0.42,0.42,0.42,0.42,0.42,0.43,0.43,0.44,0.42,0.42,0.42,0.43,10.67,0.43,false
177,0.7307692307692307,0.35470941883767537,0.44,0.44,0.41,0.43,0.40,0.41,0.42,0.42,0.40,0.41,0.41,0.43,0.42,0.42,0.42,0.42,0.40,0.43,0.42,0.42,0.43,0.41,0.41,0.43,0.41,10.46,0.42,false
178,0.717948717948718,0.35671342685370744,0.45,0.43,0.44,0.43,0.43,0.43,0.43,0.44,0.41,0.42,0.40,0.42,0.42,0.43,0.43,0.42,0.42,0.41,0.42,0.44,0.43,0.42,0.42,0.42,0.43,10.64,0.43,false
179,0.8461538461538461,0.3587174348697395,0.41,0.39,0.42,0.40,0.41,0.39,0.40,0.41,0.40,0.40,0.39,0.40,0.41,0.41,0.39,0.39,0.40,0.40,0.40,0.40,0.41,0.40,0.40,0.40,0.40,10.03,0.40,false
180,0.7307692307692307,0.36072144288577157,0.43,0.43,0.44,0.42,0.42,0.43,0.44,0.42,0.42,0.43,0.43,0.42,0.43,0.45,0.43,0.43,0.42,0.43,0.43,0.43,0.43,0.43,0.43,0.43,0.43,10.73,0.43,false
181,0.34615384615384615,0.3627254509018036,0.43,0.41,0.42,0.42,0.42,0.43,0.42,0.43,0.42,0.41,0.41,0.42,0.41,0.41,0.41,0.42,0.41,0.42,0.42,0.42,0.42,0.41,0.41,0.41,0.43,10.44,0.42,false
182,0.01282051282051282,0.36472945891783565,0.42,0.42,0.43,0.43,0.43,0.42,0.42,0.44,0.43,0.43,0.43,0.43,0.43,0.43,0.43,0.43,0.40,0.43,0.44,0.42,0.43,0.43,0.43,0.43,0.43,10.69,0.43,false
183,0.717948717948718,0.3667334669338677,0.44,0.42,0.43,0.43,0.43,0.42,0.44,0.44,0.43,0.42,0.43,0.44,0.44,0.44,0.43,0.43,0.42,0.42,0.43,0.43,0.43,0.41,0.42,0.42,0.42,10.71,0.43,false
184,0.02564102564102564,0.3687374749498998,0.43,0.42,0.42,0.43,0.41,0.43,0.43,0.42,0.42,0.43,0.44,0.43,0.42,0.43,0.43,0.43,0.42,0.43,0.43,0.42,0.41,0.42,0.43,0.42,0.43,10.63,0.43,false
185,0.7051282051282052,0.37074148296593185,0.40,0.40,0.39,0.41,0.40,0.40,0.41,0.40,0.39,0.39,0.41,0.40,0.41,0.40,0.40,0.40,0.39,0.41,0.41,0.40,0.40,0.40,0.40,0.40,0.39,10.01,0.40,false
186,0.5384615384615384,0.3727454909819639,0.44,0.43,0.45,0.45,0.45,0.44,0.45,0.44,0.43,0.44,0.44,0.46,0.45,0.43,0.44,0.44,0.45,0.43,0.42,0.44,0.44,0.44,0.45,0.42,0.44,11.01,0.44,false
187,0.8461538461538461,0.374749498997996,0.46,0.45,0.45,0.45,0.44,0.44,0.43,0.46,0.44,0.45,0.45,0.45,0.45,0.46,0.44,0.44,0.43,0.44,0.46,0.44,0.45,0.45,0.43,0.42,0.44,11.12,0.44,false
188,0.02564102564102564,0.37675350701402804,0.42,0.42,0.44,0.44,0.43,0.42,0.43,0.44,0.42,0.43,0.42,0.43,0.43,0.42,0.42,0.42,0.43,0.42,0.46,0.42,0.43,0.43,0.43,0.42,0.43,10.70,0.43,false
189,0.32051282051282054,0.3787575150300601,0.44,0.43,0.44,0.43,0.42,0.43,0.44,0.42,0.42,0.42,0.43,0.44,0.43,0.41,0.44,0.42,0.42,0.43,0.43,0.41,0.43,0.43,0.41,0.41,0.43,10.66,0.43,false
190,0.3076923076923077,0.3807615230460922,0.45,0.44,0.46,0.44,0.44,0.44,0.45,0.44,0.44,0.45,0.45,0.45,0.44,0.44,0.43,0.45,0.44,0.44,0.44,0.44,0.46,0.43,0.42,0.43,0.44,11.05,0.44,false
191,0.2948717948717949,0.38276553106212424,0.41,0.42,0.41,0.41,0.42,0.41,0.41,0.42,0.42,0.41,0.42,0.41,0.42,0.43,0.43,0.42,0.42,0.42,0.41,0.41,0.41,0.42,0.41,0.41,0.42,10.40,0.42,false
192,0.5769230769230769,0.3847695390781563,0.50,0.46,0.45,0.44,0.46,0.46,0.45,0.45,0.45,0.47,0.48,0.46,0.44,0.48,0.43,0.48,0.47,0.45,0.46,0.44,0.46,0.46,0.45,0.46,0.45,11.46,0.46,false
193,0.6923076923076923,0.3867735470941884,0.43,0.43,0.42,0.43,0.44,0.46,0.43,0.44,0.43,0.43,0.44,0.43,0.43,0.43,0.43,0.44,0.42,0.44,0.42,0.41,0.44,0.43,0.43,0.42,0.43,10.78,0.43,false
194,0.6923076923076923,0.38877755511022044,0.43,0.42,0.42,0.41,0.42,0.43,0.44,0.44,0.42,0.42,0.43,0.43,0.43,0.42,0.42,0.42,0.42,0.44,0.41,0.42,0.44,0.42,0.41,0.41,0.44,10.61,0.42,false
195,0.9487179487179487,0.3907815631262525,0.50,0.48,0.49,0.47,0.47,0.49,0.49,0.48,0.48,0.48,0.48,0.49,0.48,0.48,0.47,0.48,0.47,0.49,0.48,0.46,0.47,0.47,0.46,0.47,0.47,11.95,0.48,false
196,0.6794871794871795,0.3927855711422846,0.41,0.44,0.42,0.42,0.42,0.43,0.44,0.43,0.42,0.41,0.42,0.42,0.42,0.43,0.43,0.42,0.42,0.43,0.42,0.42,0.43,0.42,0.43,0.42,0.43,10.60,0.42,false
197,0.6025641025641025,0.39478957915831664,0.42,0.42,0.42,0.41,0.41,0.41,0.41,0.40,0.41,0.40,0.41,0.43,0.40,0.41,0.40,0.40,0.41,0.41,0.40,0.40,0.40,0.41,0.40,0.40,0.41,10.20,0.41,false
198,0.28205128205128205,0.3967935871743487,0.41,0.43,0.43,0.42,0.42,0.42,0.42,0.43,0.43,0.41,0.42,0.43,0.41,0.42,0.42,0.41,0.41,0.42,0.42,0.41,0.43,0.42,0.41,0.41,0.42,10.48,0.42,false
199,0.28205128205128205,0.39879759519038077,0.42,0.41,0.41,0.41,0.42,0.43,0.42,0.42,0.41,0.43,0.42,0.41,0.42,0.41,0.42,0.41,0.40,0.41,0.44,0.41,0.42,0.43,0.42,0.41,0.42,10.43,0.42,false
200,0.9615384615384616,0.40080160320641284,0.45,0.47,0.45,0.46,0.46,0.45,0.46,0.45,0.46,0.44,0.44,0.45,0.44,0.45,0.45,0.43,0.44,0.46,0.44,0.46,0.43,0.45,0.46,0.45,0.45,11.25,0.45,false
201,0.6666666666666666,0.4028056112224449,0.43,0.42,0.41,0.40,0.42,0.43,0.43,0.42,0.42,0.43,0.43,0.42,0.42,0.42,0.42,0.42,0.43,0.41,0.42,0.42,0.44,0.42,0.41,0.43,0.43,10.55,0.42,false
202,0.6153846153846154,0.40480961923847697,0.41,0.42,0.41,0.40,0.41,0.40,0.40,0.41,0.40,0.41,0.41,0.40,0.40,0.41,0.40,0.42,0.39,0.40,0.40,0.40,0.41,0.41,0.40,0.40,0.41,10.13,0.41,false
203,0.14102564102564102,0.40681362725450904,0.41,0.42,0.42,0.42,0.42,0.41,0.41,0.42,0.42,0.41,0.41,0.41,0.41,0.40,0.41,0.41,0.39,0.41,0.42,0.42,0.41,0.41,0.42,0.40,0.44,10.33,0.41,false
204,0.15384615384615385,0.4088176352705411,0.41,0.42,0.42,0.42,0.42,0.42,0.42,0.43,0.41,0.41,0.41,0.43,0.42,0.41,0.41,0.41,0.40,0.41,0.41,0.41,0.43,0.42,0.41,0.41,0.42,10.39,0.42,false
205,0.8717948717948718,0.41082164328657317,0.41,0.42,0.44,0.42,0.43,0.42,0.43,0.44,0.41,0.42,0.41,0.41,0.42,0.41,0.42,0.42,0.40,0.41,0.41,0.42,0.43,0.42,0.42,0.40,0.43,10.47,0.42,false
206,0.6282051282051282,0.41282565130260523,0.42,0.41,0.41,0.40,0.41,0.40,0.41,0.42,0.41,0.43,0.40,0.41,0.41,0.40,0.40,0.40,0.40,0.40,0.41,0.39,0.41,0.39,0.41,0.40,0.40,10.15,0.41,false
207,0.8717948717948718,0.4148296593186373,0.42,0.41,0.42,0.41,0.41,0.40,0.41,0.42,0.41,0.41,0.41,0.41,0.41,0.40,0.41,0.40,0.39,0.40,0.41,0.40,0.41,0.41,0.40,0.40,0.42,10.20,0.41,false
208,0.6410256410256411,0.4168336673346693,0.41,0.42,0.41,0.41,0.41,0.40,0.42,0.41,0.40,0.40,0.40,0.40,0.40,0.40,0.40,0.41,0.39,0.40,0.41,0.40,0.42,0.40,0.40,0.41,0.41,10.14,0.41,false
209,0.6538461538461539,0.4188376753507014,0.44,0.44,0.42,0.43,0.44,0.42,0.45,0.42,0.43,0.44,0.42,0.43,0.43,0.43,0.44,0.43,0.42,0.43,0.43,0.42,0.43,0.43,0.43,0.43,0.43,10.76,0.43,false
210,0.6538461538461539,0.42084168336673344,0.43,0.44,0.43,0.42,0.43,0.43,0.43,0.44,0.42,0.42,0.41,0.42,0.44,0.41,0.43,0.42,0.41,0.41,0.41,0.41,0.42,0.40,0.42,0.41,0.42,10.53,0.42,false
211,0.1794871794871795,0.4228456913827655,0.44,0.45,0.44,0.44,0.43,0.42,0.43,0.43,0.45,0.44,0.45,0.41,0.43,0.45,0.43,0.43,0.40,0.43,0.45,0.44,0.44,0.43,0.42,0.41,0.44,10.83,0.43,false
212,0.16666666666666666,0.4248496993987976,0.42,0.42,0.42,0.43,0.41,0.41,0.43,0.43,0.42,0.41,0.42,0.42,0.42,0.42,0.41,0.41,0.40,0.41,0.42,0.42,0.42,0.43,0.41,0.42,0.43,10.46,0.42,false
213,0.6282051282051282,0.42685370741482964,0.40,0.41,0.40,0.40,0.40,0.40,0.39,0.40,0.40,0.40,0.40,0.40,0.40,0.40,0.40,0.40,0.39,0.40,0.40,0.39,0.40,0.38,0.39,0.39,0.41,9.95,0.40,false
214,0.9743589743589743,0.4288577154308617,0.46,0.45,0.47,0.44,0.44,0.44,0.44,0.46,0.45,0.46,0.44,0.44,0.44,0.44,0.43,0.45,0.44,0.45,0.44,0.45,0.43,0.44,0.45,0.46,0.43,11.14,0.45,false
215,0.2564102564102564,0.4308617234468938,0.41,0.42,0.42,0.41,0.41,0.43,0.42,0.41,0.42,0.41,0.40,0.42,0.43,0.42,0.41,0.41,0.40,0.41,0.41,0.40,0.42,0.40,0.41,0.42,0.42,10.34,0.41,false
216,0.2692307692307692,0.43286573146292584,0.42,0.42,0.44,0.43,0.42,0.42,0.43,0.43,0.42,0.42,0.41,0.43,0.42,0.42,0.43,0.41,0.41,0.42,0.41,0.41,0.43,0.41,0.40,0.41,0.42,10.49,0.42,false
217,0.10256410256410256,0.4348697394789579,0.41,0.43,0.44,0.43,0.42,0.44,0.42,0.43,0.43,0.43,0.42,0.44,0.41,0.43,0.42,0.43,0.41,0.43,0.43,0.43,0.43,0.42,0.42,0.42,0.44,10.66,0.43,false
218,0.6025641025641025,0.43687374749499,0.42,0.42,0.42,0.40,0.40,0.42,0.42,0.42,0.40,0.41,0.41,0.42,0.40,0.41,0.41,0.41,0.41,0.42,0.42,0.41,0.41,0.40,0.41,0.41,0.41,10.29,0.41,false
219,0.6794871794871795,0.43887775551102204,0.41,0.42,0.43,0.42,0.41,0.41,0.41,0.43,0.41,0.42,0.41,0.41,0.42,0.41,0.41,0.42,0.42,0.41,0.40,0.41,0.41,0.40,0.41,0.41,0.41,10.33,0.41,false
220,0.9487179487179487,0.4408817635270541,0.43,0.43,0.45,0.45,0.42,0.44,0.44,0.44,0.44,0.44,0.42,0.43,0.44,0.43,0.43,0.43,0.42,0.45,0.43,0.44,0.45,0.42,0.44,0.43,0.45,10.89,0.44,false
221,0.2948717948717949,0.44288577154308617,0.47,0.46,0.44,0.43,0.42,0.46,0.44,0.46,0.45,0.45,0.44,0.44,0.44,0.45,0.43,0.46,0.41,0.45,0.46,0.45,0.43,0.44,0.45,0.44,0.43,11.10,0.44,false
222,0.038461538461538464,0.44488977955911824,0.44,0.45,0.45,0.45,0.43,0.44,0.43,0.44,0.44,0.44,0.44,0.42,0.43,0.44,0.43,0.43,0.42,0.45,0.43,0.43,0.45,0.45,0.45,0.43,0.45,10.96,0.44,false
223,0.7051282051282052,0.4468937875751503,0.40,0.41,0.41,0.40,0.40,0.40,0.39,0.41,0.39,0.40,0.40,0.39,0.40,0.41,0.40,0.39,0.40,0.40,0.40,0.40,0.41,0.41,0.41,0.39,0.40,10.02,0.40,false
224,0.8461538461538461,0.44889779559118237,0.41,0.42,0.42,0.41,0.41,0.41,0.41,0.42,0.41,0.42,0.44,0.43,0.42,0.43,0.41,0.42,0.41,0.41,0.41,0.42,0.41,0.40,0.42,0.40,0.40,10.37,0.41,false
225,0.7307692307692307,0.45090180360721444,0.44,0.43,0.42,0.42,0.42,0.44,0.42,0.43,0.43,0.41,0.43,0.45,0.42,0.44,0.43,0.42,0.43,0.42,0.43,0.43,0.44,0.41,0.43,0.42,0.42,10.68,0.43,false
226,0,0.4529058116232465,0.46,0.46,0.45,0.47,0.46,0.46,0.47,0.45,0.45,0.47,0.45,0.47,0.47,0.46,0.46,0.45,0.45,0.45,0.47,0.45,0.45,0.45,0.46,0.46,0.46,11.46,0.46,false
227,0.7692307692307693,0.45490981963927857,0.47,0.45,0.44,0.45,0.44,0.46,0.45,0.44,0.43,0.43,0.43,0.45,0.45,0.45,0.44,0.45,0.45,0.44,0.43,0.44,0.44,0.43,0.44,0.44,0.46,11.10,0.44,false
228,0.782051282051282,0.45691382765531063,0.42,0.44,0.43,0.44,0.43,0.43,0.43,0.43,0.42,0.43,0.44,0.44,0.44,0.44,0.44,0.43,0.44,0.44,0.46,0.44,0.46,0.43,0.44,0.44,0.44,10.92,0.44,false
229,0.9102564102564102,0.4589178356713427,0.45,0.46,0.46,0.47,0.44,0.46,0.45,0.45,0.45,0.44,0.46,0.48,0.46,0.45,0.46,0.45,0.45,0.46,0.48,0.47,0.48,0.46,0.45,0.47,0.47,11.48,0.46,false
230,0.46153846153846156,0.46092184368737477,0.49,0.48,0.48,0.48,0.48,0.47,0.49,0.48,0.48,0.50,0.51,0.50,0.48,0.49,0.47,0.48,0.49,0.47,0.49,0.50,0.50,0.47,0.47,0.48,0.49,12.12,0.48,false
231,0.8333333333333334,0.46292585170340683,0.45,0.45,0.47,0.45,0.45,0.45,0.45,0.44,0.45,0.44,0.44,0.45,0.46,0.47,0.45,0.45,0.44,0.44,0.44,0.46,0.47,0.45,0.44,0.47,0.45,11.28,0.45,false
232,0.44871794871794873,0.4649298597194389,0.43,0.42,0.46,0.45,0.44,0.46,0.44,0.44,0.44,0.44,0.43,0.44,0.42,0.44,0.44,0.44,0.43,0.42,0.44,0.44,0.44,0.43,0.43,0.43,0.44,10.93,0.44,false
233,0.46153846153846156,0.46693386773547096,0.46,0.44,0.47,0.45,0.43,0.45,0.44,0.43,0.46,0.44,0.44,0.45,0.44,0.46,0.43,0.45,0.44,0.44,0.46,0.45,0.46,0.43,0.43,0.47,0.45,11.17,0.45,false
234,0.46153846153846156,0.46893787575150303,0.46,0.45,0.48,0.44,0.46,0.46,0.47,0.45,0.46,0.47,0.48,0.47,0.46,0.45,0.46,0.46,0.47,0.45,0.47,0.45,0.46,0.46,0.47,0.46,0.44,11.51,0.46,false
235,0.8205128205128205,0.4709418837675351,0.44,0.45,0.48,0.46,0.45,0.47,0.47,0.46,0.44,0.45,0.45,0.47,0.46,0.48,0.46,0.46,0.45,0.46,0.45,0.47,0.46,0.47,0.44,0.45,0.45,11.45,0.46,false
236,0.8205128205128205,0.4729458917835671,0.46,0.50,0.50,0.48,0.49,0.48,0.49,0.48,0.47,0.48,0.49,0.50,0.49,0.49,0.49,0.50,0.47,0.47,0.49,0.49,0.48,0.47,0.48,0.50,0.52,12.16,0.49,false
237,0.8974358974358975,0.4749498997995992,0.46,0.48,0.48,0.46,0.49,0.49,0.48,0.47,0.46,0.47,0.48,0.47,0.47,0.47,0.48,0.48,0.48,0.48,0.47,0.45,0.48,0.47,0.48,0.47,0.47,11.84,0.47,false
238,0.8974358974358975,0.47695390781563124,0.51,0.49,0.51,0.49,0.48,0.50,0.51,0.48,0.48,0.51,0.49,0.50,0.49,0.49,0.48,0.49,0.48,0.48,0.50,0.48,0.49,0.49,0.48,0.49,0.47,12.26,0.49,false
239,0.8974358974358975,0.4789579158316633,0.45,0.46,0.47,0.46,0.43,0.47,0.45,0.45,0.44,0.45,0.45,0.47,0.47,0.45,0.45,0.46,0.44,0.45,0.45,0.45,0.45,0.44,0.45,0.46,0.44,11.31,0.45,false
240,0.4358974358974359,0.48096192384769537,0.46,0.46,0.47,0.44,0.44,0.45,0.46,0.45,0.46,0.46,0.45,0.48,0.46,0.46,0.46,0.46,0.44,0.46,0.48,0.45,0.48,0.46,0.44,0.46,0.44,11.43,0.46,false
241,0.4358974358974359,0.48296593186372744,0.48,0.48,0.48,0.47,0.46,0.49,0.48,0.46,0.47,0.48,0.49,0.49,0.47,0.47,0.47,0.47,0.47,0.47,0.46,0.47,0.48,0.47,0.47,0.48,0.48,11.86,0.47,false
242,0.4358974358974359,0.4849699398797595,0.47,0.51,0.49,0.48,0.51,0.48,0.49,0.48,0.46,0.46,0.48,0.48,0.47,0.49,0.48,0.47,0.47,0.48,0.47,0.46,0.47,0.48,0.48,0.47,0.46,11.94,0.48,false
243,0.8076923076923077,0.48697394789579157,0.44,0.44,0.45,0.43,0.42,0.45,0.44,0.43,0.44,0.43,0.43,0.43,0.44,0.44,0.43,0.44,0.44,0.44,0.45,0.45,0.43,0.44,0.43,0.43,0.44,10.93,0.44,false
244,0.8076923076923077,0.48897795591182364,0.46,0.45,0.47,0.45,0.44,0.46,0.46,0.45,0.44,0.45,0.46,0.46,0.47,0.47,0.45,0.45,0.46,0.47,0.46,0.45,0.46,0.44,0.44,0.46,0.44,11.37,0.45,false
245,0.9102564102564102,0.4909819639278557,0.45,0.45,0.48,0.44,0.44,0.46,0.45,0.46,0.46,0.46,0.46,0.47,0.47,0.47,0.45,0.47,0.46,0.46,0.46,0.47,0.46,0.45,0.44,0.46,0.44,11.44,0.46,false
246,0.9102564102564102,0.49298597194388777,0.46,0.46,0.48,0.47,0.44,0.48,0.47,0.47,0.46,0.47,0.47,0.47,0.47,0.47,0.48,0.48,0.46,0.46,0.47,0.47,0.46,0.46,0.46,0.46,0.47,11.67,0.47,false
247,0.47435897435897434,0.49498997995991983,0.48,0.48,0.46,0.46,0.45,0.48,0.46,0.47,0.47,0.48,0.49,0.47,0.48,0.48,0.47,0.48,0.46,0.46,0.48,0.45,0.48,0.48,0.46,0.48,0.46,11.77,0.47,false
248,0.4230769230769231,0.4969939879759519,0.46,0.46,0.48,0.47,0.46,0.48,0.47,0.46,0.46,0.46,0.47,0.48,0.47,0.46,0.45,0.47,0.46,0.47,0.47,0.46,0.48,0.46,0.45,0.46,0.46,11.63,0.47,false
249,0.48717948717948717,0.49899799599198397,0.46,0.45,0.47,0.47,0.46,0.46,0.47,0.46,0.46,0.47,0.48,0.47,0.47,0.47,0.49,0.47,0.47,0.47,0.48,0.46,0.48,0.46,0.47,0.49,0.45,11.71,0.47,false
250,0.7948717948717948,0.501002004008016,0.50,0.51,0.48,0.48,0.50,0.50,0.49,0.49,0.50,0.49,0.51,0.52,0.50,0.52,0.48,0.51,0.49,0.50,0.50,0.47,0.48,0.49,0.48,0.51,0.48,12.38,0.50,false
251,0.782051282051282,0.503006012024048,0.45,0.42,0.45,0.43,0.43,0.44,0.43,0.43,0.44,0.43,0.44,0.45,0.44,0.44,0.45,0.44,0.43,0.42,0.43,0.42,0.44,0.43,0.44,0.44,0.44,10.90,0.44,false
252,0.8846153846153846,0.5050100200400801,0.45,0.43,0.46,0.43,0.43,0.44,0.44,0.43,0.44,0.44,0.44,0.47,0.46,0.45,0.43,0.45,0.44,0.44,0.44,0.44,0.46,0.42,0.44,0.45,0.43,11.05,0.44,false
253,0.3974358974358974,0.5070140280561122,0.44,0.42,0.44,0.43,0.43,0.44,0.44,0.44,0.43,0.43,0.44,0.45,0.44,0.42,0.46,0.43,0.40,0.44,0.42,0.43,0.46,0.42,0.43,0.43,0.43,10.84,0.43,false
254,0.48717948717948717,0.5090180360721442,0.46,0.46,0.44,0.44,0.45,0.46,0.45,0.47,0.43,0.45,0.46,0.45,0.45,0.43,0.45,0.44,0.45,0.44,0.45,0.45,0.48,0.43,0.43,0.45,0.47,11.24,0.45,false
255,0.9102564102564102,0.5110220440881763,0.43,0.42,0.44,0.44,0.43,0.45,0.42,0.43,0.42,0.44,0.42,0.45,0.44,0.43,0.43,0.43,0.42,0.42,0.45,0.44,0.44,0.42,0.44,0.45,0.43,10.83,0.43,false
256,0.47435897435897434,0.5130260521042084,0.44,0.44,0.44,0.42,0.43,0.44,0.44,0.43,0.43,0.44,0.43,0.44,0.44,0.43,0.43,0.45,0.45,0.43,0.43,0.44,0.44,0.42,0.44,0.44,0.44,10.90,0.44,false
257,0.48717948717948717,0.5150300601202404,0.46,0.47,0.46,0.45,0.46,0.47,0.46,0.47,0.48,0.45,0.48,0.47,0.48,0.47,0.47,0.47,0.46,0.46,0.47,0.46,0.47,0.45,0.46,0.45,0.47,11.62,0.46,false
258,0.41025641025641024,0.5170340681362725,0.42,0.43,0.44,0.45,0.42,0.43,0.44,0.43,0.41,0.43,0.42,0.44,0.44,0.43,0.43,0.43,0.43,0.43,0.43,0.44,0.45,0.43,0.41,0.44,0.44,10.79,0.43,false
259,0.8846153846153846,0.5190380761523046,0.42,0.41,0.41,0.40,0.40,0.42,0.41,0.42,0.41,0.40,0.41,0.41,0.42,0.42,0.41,0.43,0.41,0.41,0.41,0.41,0.41,0.40,0.40,0.42,0.41,10.28,0.41,false
260,0.3974358974358974,0.5210420841683366,0.40,0.40,0.40,0.41,0.40,0.41,0.40,0.41,0.40,0.39,0.40,0.40,0.40,0.39,0.40,0.40,0.39,0.40,0.41,0.39,0.42,0.39,0.39,0.41,0.41,10.02,0.40,false
261,0.7948717948717948,0.5230460921843687,0.43,0.43,0.42,0.42,0.42,0.42,0.43,0.43,0.41,0.43,0.44,0.44,0.44,0.45,0.42,0.43,0.41,0.42,0.45,0.43,0.44,0.41,0.43,0.43,0.44,10.72,0.43,false
262,0.7948717948717948,0.5250501002004008,0.43,0.41,0.43,0.41,0.43,0.43,0.42,0.41,0.41,0.41,0.42,0.42,0.42,0.42,0.41,0.42,0.42,0.40,0.42,0.41,0.42,0.41,0.43,0.43,0.42,10.46,0.42,false
263,0.782051282051282,0.5270541082164328,0.43,0.45,0.44,0.44,0.44,0.45,0.44,0.44,0.44,0.44,0.44,0.45,0.43,0.45,0.42,0.46,0.44,0.44,0.43,0.41,0.45,0.42,0.42,0.43,0.44,10.94,0.44,false
264,0.3974358974358974,0.5290581162324649,0.43,0.41,0.43,0.42,0.40,0.42,0.43,0.43,0.42,0.41,0.43,0.43,0.42,0.43,0.42,0.43,0.43,0.41,0.43,0.41,0.44,0.41,0.41,0.43,0.42,10.55,0.42,false
265,0.38461538461538464,0.531062124248497,0.44,0.45,0.45,0.43,0.44,0.46,0.45,0.43,0.43,0.44,0.45,0.46,0.46,0.45,0.45,0.46,0.44,0.43,0.44,0.44,0.45,0.44,0.45,0.46,0.43,11.13,0.45,false
266,0.3717948717948718,0.533066132264529,0.42,0.43,0.45,0.42,0.43,0.45,0.43,0.43,0.42,0.44,0.45,0.44,0.44,0.44,0.42,0.43,0.44,0.42,0.44,0.43,0.44,0.41,0.42,0.44,0.41,10.79,0.43,false
267,0.38461538461538464,0.5350701402805611,0.42,0.41,0.41,0.41,0.41,0.41,0.41,0.42,0.41,0.40,0.41,0.40,0.41,0.42,0.41,0.42,0.40,0.40,0.39,0.40,0.42,0.39,0.40,0.41,0.40,10.19,0.41,false
268,0.8846153846153846,0.5370741482965932,0.44,0.43,0.42,0.43,0.45,0.44,0.44,0.44,0.44,0.44,0.45,0.44,0.45,0.44,0.43,0.44,0.43,0.44,0.44,0.45,0.46,0.43,0.44,0.44,0.44,10.99,0.44,false
269,0.9230769230769231,0.5390781563126252,0.43,0.42,0.44,0.45,0.44,0.45,0.44,0.44,0.42,0.43,0.44,0.44,0.44,0.44,0.44,0.45,0.43,0.44,0.42,0.43,0.45,0.43,0.43,0.44,0.44,10.92,0.44,false
270,0.7692307692307693,0.5410821643286573,0.41,0.41,0.41,0.41,0.42,0.42,0.40,0.41,0.40,0.42,0.42,0.42,0.42,0.42,0.41,0.41,0.42,0.41,0.41,0.42,0.43,0.40,0.40,0.42,0.41,10.33,0.41,false
271,0.7564102564102564,0.5430861723446894,0.42,0.40,0.41,0.40,0.40,0.41,0.40,0.41,0.41,0.40,0.41,0.42,0.41,0.41,0.41,0.41,0.41,0.40,0.41,0.40,0.41,0.39,0.41,0.41,0.41,10.18,0.41,false
272,0.5,0.5450901803607214,0.44,0.44,0.45,0.44,0.44,0.43,0.43,0.43,0.42,0.43,0.42,0.45,0.43,0.44,0.44,0.44,0.43,0.44,0.43,0.43,0.46,0.44,0.44,0.44,0.44,10.92,0.44,false
273,0.5,0.5470941883767535,0.43,0.44,0.44,0.44,0.43,0.44,0.44,0.44,0.45,0.42,0.44,0.45,0.45,0.44,0.43,0.44,0.46,0.44,0.44,0.45,0.45,0.42,0.42,0.45,0.44,10.99,0.44,false
274,0.7692307692307693,0.5490981963927856,0.42,0.43,0.45,0.42,0.43,0.43,0.42,0.44,0.42,0.43,0.45,0.44,0.43,0.44,0.43,0.44,0.44,0.42,0.43,0.43,0.45,0.42,0.43,0.44,0.44,10.82,0.43,false
275,0.7692307692307693,0.5511022044088176,0.42,0.42,0.41,0.41,0.42,0.43,0.43,0.45,0.42,0.42,0.43,0.43,0.44,0.42,0.43,0.43,0.42,0.43,0.43,0.43,0.43,0.42,0.41,0.43,0.41,10.62,0.42,false
276,0.7564102564102564,0.5531062124248497,0.42,0.41,0.43,0.42,0.42,0.43,0.42,0.43,0.41,0.42,0.42,0.43,0.43,0.43,0.43,0.42,0.41,0.42,0.45,0.42,0.42,0.42,0.42,0.43,0.44,10.60,0.42,false
277,0.358974358974359,0.5551102204408818,0.47,0.47,0.45,0.44,0.47,0.46,0.48,0.47,0.44,0.45,0.47,0.46,0.46,0.45,0.48,0.48,0.46,0.47,0.48,0.45,0.45,0.44,0.44,0.46,0.47,11.52,0.46,false
278,0,0.5571142284569138,0.47,0.44,0.48,0.47,0.47,0.45,0.45,0.45,0.45,0.46,0.48,0.47,0.46,0.47,0.46,0.46,0.46,0.46,0.48,0.45,0.46,0.45,0.46,0.45,0.45,11.51,0.46,false
279,0.9358974358974359,0.5591182364729459,0.45,0.44,0.44,0.44,0.45,0.45,0.45,0.45,0.43,0.45,0.46,0.43,0.45,0.45,0.45,0.44,0.45,0.43,0.44,0.44,0.45,0.43,0.44,0.46,0.45,11.12,0.44,false
280,0.5,0.561122244488978,0.45,0.45,0.46,0.44,0.43,0.45,0.45,0.45,0.45,0.44,0.45,0.46,0.46,0.44,0.45,0.46,0.44,0.44,0.45,0.45,0.44,0.43,0.45,0.44,0.45,11.18,0.45,false
281,0.7564102564102564,0.56312625250501,0.44,0.43,0.45,0.43,0.43,0.44,0.44,0.43,0.42,0.43,0.45,0.43,0.46,0.42,0.45,0.44,0.42,0.42,0.43,0.43,0.43,0.41,0.41,0.43,0.44,10.81,0.43,false
282,0.5,0.5651302605210421,0.43,0.42,0.41,0.44,0.43,0.42,0.42,0.43,0.42,0.42,0.43,0.43,0.45,0.43,0.44,0.42,0.42,0.42,0.42,0.42,0.44,0.42,0.42,0.43,0.43,10.66,0.43,false
283,0.9358974358974359,0.5671342685370742,0.46,0.45,0.46,0.46,0.46,0.45,0.44,0.47,0.46,0.46,0.46,0.47,0.47,0.44,0.45,0.47,0.45,0.43,0.44,0.45,0.47,0.44,0.44,0.45,0.47,11.37,0.45,false
284,0.34615384615384615,0.5691382765531062,0.45,0.45,0.43,0.45,0.44,0.43,0.44,0.45,0.45,0.45,0.47,0.47,0.46,0.45,0.44,0.45,0.44,0.44,0.44,0.45,0.46,0.45,0.44,0.45,0.45,11.20,0.45,false
285,0.3333333333333333,0.5711422845691383,0.45,0.46,0.48,0.46,0.46,0.46,0.45,0.48,0.47,0.45,0.47,0.46,0.48,0.47,0.48,0.45,0.46,0.45,0.47,0.45,0.46,0.45,0.45,0.47,0.45,11.54,0.46,false
286,0.8461538461538461,0.5731462925851704,0.45,0.44,0.44,0.44,0.44,0.43,0.43,0.45,0.44,0.45,0.45,0.44,0.46,0.44,0.44,0.45,0.43,0.44,0.44,0.44,0.44,0.44,0.45,0.46,0.43,11.06,0.44,false
287,0.7307692307692307,0.5751503006012024,0.47,0.44,0.46,0.45,0.44,0.44,0.44,0.45,0.44,0.46,0.45,0.44,0.45,0.44,0.46,0.45,0.44,0.44,0.44,0.45,0.43,0.44,0.43,0.46,0.42,11.13,0.45,false
288,0.3333333333333333,0.5771543086172345,0.46,0.48,0.46,0.46,0.46,0.47,0.46,0.48,0.47,0.46,0.49,0.46,0.48,0.49,0.47,0.45,0.48,0.48,0.45,0.46,0.45,0.45,0.47,0.48,0.47,11.69,0.47,false
289,0.5256410256410257,0.5791583166332666,0.45,0.46,0.45,0.45,0.47,0.45,0.45,0.45,0.46,0.45,0.46,0.43,0.45,0.45,0.45,0.46,0.45,0.46,0.47,0.44,0.45,0.46,0.45,0.45,0.46,11.33,0.45,false
290,0.32051282051282054,0.5811623246492986,0.46,0.46,0.46,0.45,0.46,0.45,0.45,0.44,0.43,0.44,0.45,0.43,0.45,0.45,0.47,0.47,0.45,0.43,0.45,0.45,0.45,0.45,0.44,0.44,0.45,11.23,0.45,false
291,0.3076923076923077,0.5831663326653307,0.45,0.47,0.48,0.45,0.45,0.46,0.47,0.46,0.45,0.47,0.46,0.45,0.47,0.45,0.47,0.45,0.46,0.44,0.45,0.43,0.45,0.47,0.45,0.47,0.47,11.45,0.46,false
292,0.2948717948717949,0.5851703406813628,0.44,0.45,0.45,0.44,0.44,0.45,0.44,0.46,0.44,0.44,0.45,0.46,0.45,0.44,0.44,0.44,0.46,0.43,0.44,0.44,0.45,0.43,0.45,0.47,0.43,11.13,0.45,false
293,0.2948717948717949,0.5871743486973948,0.43,0.45,0.43,0.44,0.43,0.44,0.44,0.46,0.43,0.43,0.44,0.43,0.44,0.42,0.43,0.43,0.42,0.42,0.43,0.42,0.45,0.44,0.44,0.43,0.45,10.87,0.43,false
294,0.6923076923076923,0.5891783567134269,0.41,0.43,0.42,0.41,0.42,0.41,0.41,0.42,0.40,0.40,0.41,0.42,0.40,0.41,0.42,0.41,0.42,0.41,0.41,0.41,0.42,0.42,0.40,0.42,0.42,10.33,0.41,false
295,0.5769230769230769,0.591182364729459,0.45,0.45,0.44,0.44,0.43,0.43,0.43,0.43,0.43,0.43,0.43,0.41,0.43,0.43,0.42,0.43,0.43,0.43,0.42,0.42,0.42,0.44,0.42,0.43,0.44,10.76,0.43,false
296,0.5897435897435898,0.593186372745491,0.43,0.43,0.43,0.42,0.43,0.44,0.42,0.43,0.42,0.42,0.44,0.41,0.41,0.43,0.41,0.43,0.42,0.40,0.42,0.43,0.42,0.41,0.42,0.43,0.43,10.58,0.42,false
297,0.6025641025641025,0.5951903807615231,0.49,0.48,0.48,0.47,0.47,0.44,0.49,0.47,0.45,0.46,0.48,0.47,0.46,0.46,0.45,0.49,0.45,0.46,0.47,0.45,0.47,0.46,0.46,0.47,0.47,11.67,0.47,false
298,0.10256410256410256,0.5971943887775552,0.45,0.45,0.44,0.45,0.44,0.46,0.43,0.47,0.46,0.44,0.46,0.44,0.46,0.46,0.43,0.45,0.43,0.43,0.44,0.43,0.45,0.44,0.45,0.45,0.45,11.16,0.45,false
299,0.11538461538461539,0.5991983967935872,0.42,0.41,0.41,0.43,0.41,0.42,0.41,0.43,0.43,0.42,0.42,0.43,0.42,0.43,0.41,0.40,0.40,0.41,0.42,0.42,0.43,0.43,0.41,0.42,0.43,10.47,0.42,false
300,0.28205128205128205,0.6012024048096193,0.41,0.40,0.42,0.41,0.42,0.42,0.41,0.41,0.42,0.40,0.43,0.41,0.41,0.41,0.41,0.41,0.40,0.41,0.41,0.41,0.41,0.40,0.41,0.42,0.42,10.29,0.41,false
301,0.11538461538461539,0.6032064128256514,0.43,0.42,0.41,0.44,0.42,0.41,0.41,0.42,0.42,0.42,0.41,0.42,0.43,0.42,0.42,0.42,0.40,0.40,0.42,0.42,0.41,0.43,0.42,0.43,0.43,10.48,0.42,false
302,0.2564102564102564,0.6052104208416834,0.41,0.40,0.40,0.40,0.41,0.41,0.40,0.41,0.39,0.39,0.40,0.39,0.40,0.40,0.39,0.40,0.39,0.40,0.40,0.39,0.39,0.40,0.39,0.40,0.40,9.96,0.40,false
303,0.24358974358974358,0.6072144288577155,0.44,0.43,0.43,0.44,0.45,0.42,0.42,0.43,0.41,0.43,0.43,0.44,0.45,0.43,0.43,0.43,0.44,0.43,0.42,0.41,0.44,0.43,0.43,0.43,0.43,10.77,0.43,false
304,0.8717948717948718,0.6092184368737475,0.45,0.44,0.44,0.45,0.44,0.43,0.43,0.45,0.42,0.45,0.45,0.43,0.44,0.41,0.44,0.45,0.43,0.44,0.44,0.43,0.45,0.44,0.42,0.45,0.43,10.95,0.44,false
305,0.6410256410256411,0.6112224448897795,0.41,0.42,0.42,0.41,0.42,0.42,0.41,0.43,0.41,0.41,0.43,0.40,0.43,0.42,0.43,0.43,0.41,0.41,0.43,0.41,0.41,0.43,0.42,0.43,0.42,10.47,0.42,false
306,0.6410256410256411,0.6132264529058116,0.41,0.41,0.40,0.41,0.40,0.41,0.40,0.41,0.40,0.41,0.41,0.40,0.40,0.41,0.40,0.40,0.39,0.40,0.40,0.40,0.40,0.40,0.40,0.41,0.40,10.08,0.40,false
307,0.21794871794871795,0.6152304609218436,0.47,0.46,0.46,0.46,0.45,0.45,0.45,0.46,0.45,0.46,0.47,0.46,0.45,0.46,0.46,0.46,0.44,0.46,0.47,0.44,0.46,0.46,0.44,0.45,0.46,11.41,0.46,false
308,0.20512820512820512,0.6172344689378757,0.42,0.41,0.41,0.42,0.42,0.41,0.41,0.42,0.40,0.41,0.42,0.40,0.42,0.41,0.41,0.41,0.41,0.41,0.42,0.42,0.41,0.42,0.40,0.42,0.41,10.32,0.41,false
309,0.19230769230769232,0.6192384769539078,0.42,0.43,0.42,0.44,0.42,0.42,0.43,0.44,0.42,0.44,0.44,0.41,0.44,0.42,0.42,0.45,0.40,0.41,0.43,0.41,0.44,0.43,0.41,0.42,0.44,10.65,0.43,false
310,0.20512820512820512,0.6212424849699398,0.43,0.41,0.42,0.43,0.42,0.43,0.41,0.42,0.41,0.43,0.43,0.43,0.43,0.42,0.42,0.42,0.41,0.43,0.43,0.42,0.44,0.43,0.41,0.44,0.44,10.61,0.42,false
311,0.6410256410256411,0.6232464929859719,0.43,0.43,0.43,0.43,0.43,0.44,0.43,0.44,0.41,0.44,0.43,0.45,0.44,0.45,0.43,0.45,0.41,0.42,0.44,0.43,0.44,0.43,0.43,0.43,0.44,10.83,0.43,false
312,0.8717948717948718,0.625250501002004,0.44,0.44,0.43,0.42,0.44,0.42,0.42,0.45,0.44,0.44,0.44,0.42,0.44,0.43,0.43,0.43,0.42,0.42,0.43,0.44,0.44,0.42,0.42,0.45,0.42,10.79,0.43,false
313,0.24358974358974358,0.627254509018036,0.44,0.45,0.44,0.44,0.44,0.45,0.42,0.44,0.42,0.43,0.44,0.44,0.44,0.43,0.44,0.44,0.42,0.43,0.44,0.42,0.43,0.43,0.42,0.42,0.44,10.85,0.43,false
314,0.2564102564102564,0.6292585170340681,0.42,0.41,0.43,0.42,0.40,0.41,0.42,0.42,0.42,0.42,0.41,0.41,0.40,0.41,0.41,0.41,0.41,0.41,0.43,0.40,0.42,0.40,0.40,0.43,0.42,10.34,0.41,false
315,0.2692307692307692,0.6312625250501002,0.46,0.46,0.46,0.44,0.45,0.44,0.45,0.46,0.44,0.45,0.44,0.45,0.44,0.47,0.45,0.46,0.45,0.46,0.48,0.46,0.46,0.44,0.46,0.45,0.47,11.35,0.45,false
316,0.10256410256410256,0.6332665330661322,0.46,0.45,0.44,0.44,0.44,0.44,0.43,0.46,0.43,0.44,0.45,0.46,0.45,0.45,0.44,0.45,0.44,0.45,0.45,0.44,0.44,0.45,0.43,0.43,0.46,11.12,0.44,false
317,0.9871794871794872,0.6352705410821643,0.50,0.49,0.47,0.47,0.47,0.48,0.46,0.49,0.47,0.47,0.47,0.48,0.45,0.47,0.47,0.47,0.47,0.46,0.46,0.48,0.49,0.47,0.50,0.49,0.48,11.88,0.48,false
318,0.0641025641025641,0.6372745490981964,0.50,0.48,0.45,0.47,0.48,0.45,0.46,0.46,0.45,0.48,0.49,0.48,0.47,0.48,0.45,0.47,0.46,0.46,0.48,0.49,0.48,0.47,0.48,0.45,0.47,11.76,0.47,false
319,0.6923076923076923,0.6392785571142284,0.44,0.44,0.45,0.44,0.44,0.44,0.41,0.44,0.43,0.42,0.44,0.45,0.44,0.44,0.42,0.42,0.45,0.43,0.43,0.42,0.44,0.43,0.43,0.44,0.44,10.87,0.43,false
320,0.5512820512820513,0.6412825651302605,0.41,0.42,0.41,0.41,0.40,0.41,0.42,0.42,0.40,0.42,0.42,0.43,0.40,0.43,0.42,0.41,0.41,0.40,0.41,0.41,0.43,0.41,0.41,0.43,0.42,10.36,0.41,false
321,0.5256410256410257,0.6432865731462926,0.43,0.43,0.42,0.43,0.42,0.43,0.44,0.43,0.40,0.42,0.43,0.43,0.43,0.43,0.43,0.42,0.43,0.41,0.43,0.43,0.43,0.40,0.43,0.43,0.45,10.66,0.43,false
322,0.7307692307692307,0.6452905811623246,0.45,0.44,0.45,0.44,0.44,0.45,0.45,0.46,0.42,0.45,0.44,0.46,0.44,0.45,0.45,0.46,0.44,0.44,0.44,0.44,0.46,0.42,0.44,0.46,0.46,11.15,0.45,false
323,0.5128205128205128,0.6472945891783567,0.49,0.47,0.50,0.48,0.48,0.47,0.45,0.48,0.46,0.46,0.47,0.47,0.46,0.47,0.46,0.48,0.46,0.46,0.46,0.45,0.45,0.46,0.46,0.45,0.46,11.66,0.47,false
324,0.7564102564102564,0.6492985971943888,0.48,0.48,0.48,0.47,0.45,0.49,0.45,0.44,0.48,0.47,0.48,0.46,0.47,0.47,0.46,0.45,0.46,0.46,0.47,0.47,0.45,0.46,0.47,0.47,0.46,11.65,0.47,false
325,0.38461538461538464,0.6513026052104208,0.50,0.50,0.51,0.51,0.48,0.51,0.51,0.49,0.49,0.47,0.50,0.49,0.49,0.51,0.50,0.49,0.48,0.49,0.49,0.47,0.49,0.48,0.48,0.49,0.49,12.31,0.49,false
326,0.782051282051282,0.6533066132264529,0.54,0.54,0.52,0.54,0.53,0.53,0.52,0.53,0.54,0.52,0.54,0.52,0.53,0.53,0.51,0.54,0.53,0.52,0.54,0.52,0.54,0.54,0.52,0.53,0.52,13.24,0.53,false
327,0.4230769230769231,0.655310621242485,0.47,0.47,0.49,0.48,0.46,0.47,0.47,0.47,0.46,0.46,0.49,0.47,0.45,0.48,0.46,0.47,0.47,0.46,0.47,0.47,0.48,0.45,0.47,0.48,0.47,11.74,0.47,false
328,0.4358974358974359,0.657314629258517,0.52,0.51,0.51,0.51,0.50,0.50,0.50,0.52,0.51,0.50,0.53,0.51,0.51,0.52,0.51,0.51,0.52,0.49,0.52,0.52,0.52,0.50,0.51,0.52,0.49,12.76,0.51,false
329,0.46153846153846156,0.6593186372745491,0.51,0.49,0.52,0.49,0.48,0.52,0.50,0.50,0.49,0.48,0.51,0.50,0.51,0.51,0.49,0.50,0.50,0.50,0.51,0.49,0.51,0.48,0.51,0.50,0.49,12.49,0.50,false
330,0.46153846153846156,0.6613226452905812,0.46,0.48,0.49,0.49,0.47,0.48,0.47,0.46,0.48,0.47,0.48,0.47,0.48,0.46,0.47,0.48,0.47,0.47,0.48,0.47,0.47,0.45,0.46,0.48,0.46,11.80,0.47,false
331,0.4358974358974359,0.6633266533066132,0.49,0.49,0.50,0.50,0.48,0.50,0.50,0.49,0.50,0.51,0.48,0.50,0.49,0.50,0.50,0.49,0.47,0.50,0.50,0.50,0.48,0.48,0.50,0.49,0.51,12.35,0.49,false
332,0.47435897435897434,0.6653306613226453,0.53,0.52,0.51,0.53,0.52,0.53,0.50,0.54,0.51,0.50,0.53,0.51,0.51,0.55,0.52,0.51,0.53,0.51,0.54,0.52,0.50,0.51,0.50,0.50,0.51,12.94,0.52,false
333,0.7948717948717948,0.6673346693386774,0.51,0.51,0.52,0.52,0.52,0.53,0.51,0.52,0.51,0.51,0.54,0.53,0.52,0.51,0.52,0.52,0.53,0.52,0.53,0.52,0.53,0.51,0.50,0.52,0.50,12.96,0.52,false
334,0.8846153846153846,0.6693386773547094,0.53,0.53,0.55,0.56,0.53,0.53,0.55,0.56,0.54,0.55,0.55,0.56,0.53,0.53,0.53,0.51,0.54,0.54,0.52,0.55,0.55,0.53,0.53,0.53,0.53,13.46,0.54,false
335,0.7692307692307693,0.6713426853707415,0.52,0.47,0.50,0.49,0.48,0.50,0.51,0.49,0.48,0.50,0.49,0.51,0.49,0.49,0.49,0.50,0.50,0.49,0.47,0.49,0.49,0.49,0.48,0.48,0.49,12.29,0.49,false
336,0.358974358974359,0.6733466933867736,0.50,0.51,0.53,0.52,0.50,0.52,0.52,0.53,0.51,0.52,0.54,0.51,0.51,0.50,0.50,0.49,0.54,0.50,0.50,0.52,0.53,0.51,0.50,0.51,0.50,12.82,0.51,false
337,0.9358974358974359,0.6753507014028056,0.51,0.50,0.52,0.52,0.51,0.51,0.50,0.52,0.51,0.50,0.51,0.53,0.53,0.53,0.50,0.52,0.52,0.52,0.51,0.51,0.51,0.50,0.51,0.51,0.52,12.83,0.51,false
338,0.01282051282051282,0.6773547094188377,0.54,0.51,0.53,0.51,0.53,0.53,0.54,0.53,0.52,0.53,0.53,0.52,0.51,0.51,0.52,0.53,0.53,0.51,0.55,0.53,0.54,0.53,0.51,0.51,0.52,13.12,0.52,false
339,0.8461538461538461,0.6793587174348698,0.49,0.51,0.52,0.52,0.50,0.50,0.50,0.52,0.48,0.52,0.52,0.50,0.53,0.51,0.50,0.51,0.51,0.50,0.51,0.51,0.53,0.52,0.53,0.54,0.52,12.80,0.51,false
340,0.7051282051282052,0.6813627254509018,0.47,0.47,0.49,0.48,0.45,0.49,0.48,0.47,0.47,0.47,0.46,0.48,0.48,0.49,0.47,0.48,0.48,0.46,0.49,0.46,0.48,0.48,0.47,0.48,0.47,11.87,0.47,false
341,0.3076923076923077,0.6833667334669339,0.47,0.48,0.47,0.46,0.48,0.51,0.48,0.47,0.49,0.48,0.49,0.50,0.49,0.47,0.48,0.49,0.49,0.47,0.49,0.48,0.47,0.48,0.47,0.48,0.47,12.01,0.48,false
342,0.05128205128205128,0.685370741482966,0.46,0.48,0.47,0.46,0.47,0.47,0.46,0.45,0.45,0.45,0.46,0.47,0.48,0.46,0.46,0.47,0.45,0.44,0.48,0.45,0.46,0.47,0.45,0.47,0.46,11.55,0.46,false
343,0.0641025641025641,0.687374749498998,0.49,0.49,0.51,0.48,0.50,0.52,0.49,0.47,0.50,0.50,0.51,0.50,0.50,0.49,0.48,0.49,0.49,0.47,0.49,0.48,0.49,0.49,0.48,0.49,0.48,12.28,0.49,false
344,0.9871794871794872,0.6893787575150301,0.49,0.49,0.47,0.48,0.48,0.48,0.47,0.48,0.47,0.47,0.48,0.50,0.49,0.51,0.49,0.49,0.49,0.51,0.50,0.49,0.48,0.49,0.46,0.49,0.46,12.11,0.48,false
345,0.10256410256410256,0.6913827655310621,0.46,0.45,0.47,0.46,0.45,0.46,0.47,0.45,0.45,0.48,0.47,0.49,0.47,0.46,0.47,0.45,0.44,0.47,0.46,0.46,0.46,0.48,0.45,0.47,0.45,11.55,0.46,false
346,0.2692307692307692,0.6933867735470942,0.48,0.46,0.46,0.47,0.47,0.47,0.47,0.47,0.46,0.47,0.48,0.49,0.48,0.46,0.46,0.48,0.45,0.47,0.47,0.46,0.47,0.47,0.46,0.48,0.47,11.73,0.47,false
347,0.8589743589743589,0.6953907815631263,0.48,0.45,0.48,0.47,0.46,0.48,0.47,0.48,0.48,0.48,0.49,0.50,0.49,0.48,0.47,0.48,0.46,0.48,0.49,0.47,0.47,0.47,0.47,0.49,0.47,11.91,0.48,false
348,0.15384615384615385,0.6973947895791583,0.50,0.48,0.48,0.47,0.47,0.48,0.49,0.49,0.47,0.49,0.48,0.51,0.51,0.48,0.48,0.49,0.47,0.49,0.49,0.47,0.48,0.48,0.48,0.49,0.49,12.11,0.48,false
349,0.8717948717948718,0.6993987975951904,0.51,0.47,0.49,0.48,0.49,0.51,0.50,0.49,0.51,0.48,0.49,0.52,0.53,0.49,0.50,0.48,0.50,0.50,0.51,0.47,0.50,0.49,0.49,0.52,0.48,12.40,0.50,false
350,0.1794871794871795,0.7014028056112225,0.47,0.45,0.48,0.47,0.46,0.49,0.48,0.47,0.48,0.48,0.48,0.48,0.48,0.48,0.47,0.48,0.46,0.47,0.48,0.48,0.47,0.47,0.47,0.48,0.48,11.86,0.47,false
351,0.19230769230769232,0.7034068136272545,0.50,0.47,0.49,0.48,0.48,0.47,0.50,0.48,0.46,0.47,0.48,0.50,0.49,0.49,0.47,0.47,0.45,0.48,0.49,0.48,0.48,0.49,0.47,0.48,0.49,12.01,0.48,false
352,0.20512820512820512,0.7054108216432866,0.43,0.43,0.44,0.43,0.43,0.44,0.45,0.44,0.44,0.43,0.45,0.45,0.44,0.45,0.43,0.43,0.41,0.43,0.45,0.43,0.42,0.43,0.43,0.43,0.43,10.87,0.43,false
353,0.6410256410256411,0.7074148296593187,0.52,0.52,0.51,0.52,0.50,0.53,0.53,0.49,0.52,0.50,0.52,0.55,0.53,0.51,0.49,0.53,0.53,0.50,0.53,0.51,0.54,0.53,0.50,0.52,0.52,12.95,0.52,false
354,0.8717948717948718,0.7094188376753507,0.47,0.47,0.47,0.45,0.45,0.46,0.46,0.46,0.47,0.46,0.45,0.48,0.47,0.45,0.46,0.49,0.47,0.42,0.45,0.48,0.46,0.45,0.45,0.46,0.47,11.53,0.46,false
355,0.15384615384615385,0.7114228456913828,0.51,0.50,0.51,0.49,0.51,0.51,0.50,0.50,0.50,0.50,0.52,0.50,0.52,0.51,0.47,0.51,0.49,0.50,0.49,0.49,0.49,0.49,0.48,0.50,0.47,12.46,0.50,false
356,0.14102564102564102,0.7134268537074149,0.42,0.43,0.44,0.44,0.44,0.43,0.44,0.42,0.42,0.43,0.43,0.44,0.44,0.44,0.43,0.44,0.41,0.43,0.44,0.43,0.42,0.43,0.42,0.41,0.43,10.75,0.43,false
357,0.1282051282051282,0.7154308617234469,0.45,0.47,0.48,0.48,0.47,0.48,0.48,0.46,0.46,0.48,0.48,0.48,0.51,0.48,0.47,0.48,0.46,0.45,0.47,0.46,0.48,0.48,0.45,0.47,0.47,11.80,0.47,false
358,0.11538461538461539,0.717434869739479,0.49,0.50,0.49,0.49,0.49,0.48,0.51,0.49,0.49,0.50,0.51,0.51,0.51,0.50,0.51,0.49,0.51,0.52,0.50,0.51,0.49,0.49,0.48,0.51,0.47,12.44,0.50,false
359,0.28205128205128205,0.7194388777555111,0.47,0.45,0.46,0.45,0.45,0.45,0.44,0.47,0.44,0.45,0.44,0.46,0.47,0.45,0.45,0.45,0.43,0.45,0.44,0.46,0.47,0.43,0.43,0.44,0.44,11.24,0.45,false
360,0.08974358974358974,0.7214428857715431,0.47,0.46,0.47,0.48,0.47,0.47,0.46,0.46,0.47,0.47,0.46,0.46,0.48,0.47,0.45,0.46,0.44,0.47,0.46,0.46,0.46,0.44,0.44,0.45,0.46,11.54,0.46,false
361,0.9871794871794872,0.7234468937875751,0.47,0.48,0.46,0.44,0.43,0.46,0.43,0.45,0.46,0.45,0.46,0.49,0.46,0.48,0.45,0.47,0.45,0.45,0.46,0.46,0.45,0.45,0.46,0.47,0.46,11.45,0.46,false
362,0.0641025641025641,0.7254509018036072,0.46,0.46,0.45,0.44,0.44,0.45,0.44,0.44,0.44,0.45,0.44,0.46,0.45,0.46,0.44,0.46,0.42,0.44,0.45,0.45,0.44,0.44,0.45,0.44,0.46,11.17,0.45,false
363,0.5769230769230769,0.7274549098196392,0.43,0.42,0.43,0.43,0.42,0.45,0.43,0.43,0.44,0.41,0.43,0.44,0.43,0.42,0.43,0.42,0.42,0.43,0.43,0.44,0.45,0.43,0.42,0.41,0.43,10.72,0.43,false
364,0.5641025641025641,0.7294589178356713,0.41,0.41,0.42,0.40,0.40,0.42,0.41,0.42,0.41,0.41,0.41,0.42,0.41,0.41,0.41,0.40,0.41,0.41,0.40,0.41,0.41,0.40,0.40,0.41,0.42,10.24,0.41,false
365,0.5512820512820513,0.7314629258517034,0.44,0.42,0.43,0.42,0.42,0.44,0.44,0.43,0.42,0.41,0.43,0.44,0.42,0.41,0.42,0.42,0.42,0.41,0.44,0.42,0.43,0.41,0.41,0.41,0.43,10.59,0.42,false
366,0.02564102564102564,0.7334669338677354,0.49,0.47,0.50,0.49,0.49,0.47,0.51,0.48,0.50,0.49,0.50,0.47,0.49,0.47,0.45,0.47,0.48,0.46,0.48,0.48,0.50,0.47,0.48,0.47,0.49,12.05,0.48,false
367,0.717948717948718,0.7354709418837675,0.47,0.44,0.46,0.44,0.45,0.46,0.46,0.45,0.44,0.43,0.46,0.46,0.47,0.45,0.44,0.44,0.44,0.45,0.45,0.46,0.45,0.44,0.42,0.44,0.44,11.21,0.45,false
368,0.34615384615384615,0.7374749498997996,0.45,0.43,0.44,0.43,0.42,0.45,0.44,0.46,0.44,0.43,0.44,0.44,0.43,0.45,0.44,0.44,0.43,0.43,0.43,0.46,0.44,0.42,0.41,0.42,0.46,10.93,0.44,false
369,0.5128205128205128,0.7394789579158316,0.48,0.46,0.48,0.46,0.48,0.47,0.48,0.47,0.46,0.49,0.50,0.49,0.48,0.47,0.46,0.48,0.48,0.48,0.48,0.46,0.49,0.47,0.48,0.46,0.47,11.88,0.48,false
370,0.358974358974359,0.7414829659318637,0.40,0.39,0.40,0.39,0.39,0.41,0.40,0.40,0.38,0.41,0.40,0.40,0.38,0.40,0.40,0.38,0.39,0.39,0.39,0.39,0.39,0.38,0.39,0.39,0.40,9.84,0.39,false
371,0.38461538461538464,0.7434869739478958,0.44,0.44,0.45,0.43,0.43,0.45,0.43,0.44,0.42,0.44,0.45,0.46,0.44,0.43,0.44,0.44,0.44,0.43,0.44,0.43,0.46,0.44,0.43,0.45,0.44,10.99,0.44,false
372,0.8846153846153846,0.7454909819639278,0.44,0.44,0.46,0.44,0.44,0.45,0.45,0.43,0.42,0.43,0.45,0.44,0.46,0.45,0.45,0.44,0.45,0.45,0.44,0.44,0.45,0.43,0.42,0.45,0.46,11.08,0.44,false
373,0.48717948717948717,0.7474949899799599,0.45,0.47,0.47,0.45,0.44,0.47,0.46,0.46,0.46,0.44,0.46,0.46,0.47,0.46,0.45,0.46,0.44,0.44,0.46,0.46,0.47,0.44,0.45,0.44,0.47,11.40,0.46,false
374,0.9102564102564102,0.749498997995992,0.46,0.44,0.46,0.44,0.44,0.46,0.46,0.45,0.45,0.43,0.45,0.46,0.45,0.44,0.46,0.45,0.43,0.45,0.46,0.45,0.47,0.46,0.44,0.46,0.46,11.28,0.45,false
375,0.8205128205128205,0.751503006012024,0.44,0.42,0.46,0.45,0.44,0.45,0.44,0.44,0.44,0.43,0.44,0.45,0.45,0.46,0.46,0.45,0.45,0.43,0.46,0.43,0.44,0.45,0.44,0.44,0.45,11.11,0.44,false
376,0.44871794871794873,0.7535070140280561,0.43,0.42,0.44,0.42,0.41,0.42,0.42,0.43,0.42,0.41,0.42,0.43,0.43,0.42,0.42,0.41,0.40,0.41,0.43,0.41,0.42,0.43,0.40,0.42,0.42,10.49,0.42,false
377,0.4358974358974359,0.7555110220440882,0.42,0.43,0.44,0.42,0.43,0.43,0.42,0.43,0.42,0.42,0.43,0.44,0.43,0.41,0.44,0.42,0.42,0.42,0.43,0.43,0.43,0.41,0.42,0.42,0.43,10.64,0.43,false
378,0.4230769230769231,0.7575150300601202,0.45,0.45,0.46,0.47,0.45,0.47,0.45,0.46,0.45,0.45,0.46,0.47,0.45,0.45,0.47,0.45,0.46,0.46,0.47,0.46,0.47,0.47,0.44,0.47,0.46,11.47,0.46,false
379,0.8846153846153846,0.7595190380761523,0.48,0.48,0.48,0.47,0.48,0.49,0.46,0.48,0.49,0.46,0.48,0.48,0.48,0.49,0.47,0.47,0.48,0.46,0.47,0.47,0.49,0.49,0.48,0.46,0.49,11.93,0.48,false
380,0.7692307692307693,0.7615230460921844,0.49,0.48,0.49,0.47,0.47,0.47,0.47,0.49,0.48,0.46,0.47,0.49,0.50,0.46,0.46,0.48,0.47,0.46,0.47,0.47,0.48,0.47,0.48,0.47,0.48,11.88,0.48,false
381,0,0.7635270541082164,0.51,0.50,0.51,0.50,0.49,0.50,0.49,0.49,0.50,0.50,0.50,0.51,0.50,0.51,0.49,0.52,0.49,0.49,0.53,0.50,0.51,0.53,0.53,0.50,0.52,12.62,0.50,false
382,0.7307692307692307,0.7655310621242485,0.50,0.48,0.48,0.47,0.49,0.48,0.47,0.48,0.49,0.47,0.48,0.48,0.48,0.46,0.47,0.47,0.47,0.46,0.48,0.48,0.47,0.48,0.48,0.47,0.47,11.91,0.48,false
383,0.5256410256410257,0.7675350701402806,0.46,0.45,0.46,0.45,0.44,0.47,0.46,0.46,0.46,0.47,0.47,0.45,0.46,0.45,0.47,0.46,0.45,0.44,0.45,0.44,0.44,0.46,0.47,0.45,0.46,11.40,0.46,false
384,0.5512820512820513,0.7695390781563126,0.49,0.48,0.48,0.47,0.48,0.47,0.46,0.47,0.47,0.46,0.48,0.46,0.45,0.47,0.48,0.47,0.47,0.45,0.49,0.45,0.48,0.47,0.48,0.47,0.47,11.77,0.47,false
385,0.05128205128205128,0.7715430861723447,0.49,0.50,0.49,0.49,0.48,0.50,0.48,0.49,0.49,0.49,0.49,0.49,0.49,0.50,0.51,0.49,0.46,0.49,0.49,0.48,0.50,0.49,0.49,0.47,0.49,12.23,0.49,false
386,0.6794871794871795,0.7735470941883767,0.49,0.48,0.47,0.46,0.48,0.49,0.48,0.48,0.47,0.49,0.48,0.49,0.47,0.48,0.48,0.47,0.47,0.47,0.50,0.46,0.46,0.48,0.48,0.47,0.48,11.93,0.48,false
387,0.10256410256410256,0.7755511022044088,0.48,0.48,0.45,0.47,0.44,0.47,0.47,0.47,0.46,0.47,0.46,0.48,0.46,0.49,0.49,0.45,0.45,0.45,0.48,0.46,0.46,0.47,0.48,0.47,0.49,11.70,0.47,false
388,0.6153846153846154,0.7775551102204409,0.48,0.47,0.45,0.45,0.45,0.46,0.44,0.48,0.46,0.45,0.46,0.46,0.44,0.44,0.44,0.43,0.45,0.44,0.46,0.46,0.45,0.47,0.46,0.44,0.47,11.36,0.45,false
389,0.8589743589743589,0.779559118236473,0.46,0.44,0.45,0.46,0.47,0.46,0.45,0.44,0.44,0.45,0.44,0.46,0.47,0.47,0.46,0.45,0.45,0.45,0.46,0.43,0.45,0.46,0.45,0.45,0.47,11.34,0.45,false
390,0.24358974358974358,0.781563126252505,0.52,0.52,0.50,0.51,0.50,0.50,0.52,0.50,0.49,0.50,0.50,0.49,0.50,0.49,0.50,0.50,0.50,0.50,0.51,0.50,0.49,0.50,0.48,0.49,0.51,12.52,0.50,false
391,0.8717948717948718,0.7835671342685371,0.45,0.45,0.44,0.43,0.45,0.46,0.44,0.47,0.44,0.45,0.45,0.46,0.45,0.45,0.45,0.44,0.44,0.45,0.47,0.45,0.44,0.45,0.44,0.45,0.46,11.23,0.45,false
392,0.6410256410256411,0.7855711422845691,0.45,0.44,0.44,0.43,0.45,0.45,0.44,0.45,0.45,0.45,0.44,0.45,0.44,0.45,0.45,0.44,0.46,0.43,0.46,0.45,0.43,0.44,0.45,0.45,0.45,11.14,0.45,false
393,0.6538461538461539,0.7875751503006012,0.47,0.46,0.45,0.45,0.46,0.45,0.46,0.46,0.44,0.45,0.47,0.46,0.46,0.47,0.46,0.48,0.45,0.44,0.46,0.45,0.45,0.45,0.45,0.46,0.46,11.42,0.46,false
394,0.19230769230769232,0.7895791583166333,0.45,0.45,0.44,0.43,0.44,0.44,0.45,0.44,0.44,0.45,0.45,0.43,0.44,0.47,0.43,0.46,0.43,0.43,0.45,0.45,0.43,0.43,0.45,0.44,0.47,11.09,0.44,false
395,1,0.7915831663326653,0.48,0.46,0.45,0.46,0.46,0.47,0.46,0.47,0.45,0.47,0.46,0.44,0.46,0.46,0.47,0.46,0.45,0.46,0.47,0.46,0.46,0.47,0.48,0.47,0.47,11.57,0.46,false
396,0.21794871794871795,0.7935871743486974,0.41,0.41,0.43,0.42,0.41,0.41,0.40,0.43,0.42,0.42,0.42,0.40,0.42,0.43,0.42,0.41,0.40,0.42,0.43,0.41,0.41,0.42,0.41,0.40,0.43,10.39,0.42,false
397,0.23076923076923078,0.7955911823647295,0.44,0.43,0.43,0.43,0.43,0.43,0.43,0.45,0.43,0.43,0.45,0.43,0.43,0.45,0.43,0.45,0.43,0.43,0.45,0.43,0.44,0.44,0.44,0.43,0.44,10.90,0.44,false
398,0.9743589743589743,0.7975951903807615,0.47,0.45,0.46,0.45,0.45,0.46,0.45,0.47,0.47,0.46,0.46,0.44,0.44,0.46,0.45,0.46,0.44,0.45,0.44,0.45,0.48,0.45,0.46,0.45,0.46,11.38,0.46,false
399,0.2564102564102564,0.7995991983967936,0.43,0.42,0.44,0.43,0.43,0.44,0.44,0.44,0.44,0.43,0.45,0.43,0.43,0.45,0.42,0.44,0.43,0.43,0.44,0.44,0.43,0.43,0.42,0.43,0.44,10.85,0.43,false
400,0.2692307692307692,0.8016032064128257,0.41,0.42,0.42,0.42,0.43,0.42,0.43,0.43,0.42,0.42,0.43,0.41,0.43,0.42,0.43,0.43,0.42,0.41,0.43,0.43,0.41,0.41,0.42,0.41,0.43,10.54,0.42,false
401,0.28205128205128205,0.8036072144288577,0.43,0.43,0.45,0.43,0.43,0.44,0.43,0.43,0.44,0.42,0.45,0.45,0.43,0.44,0.42,0.44,0.41,0.43,0.44,0.45,0.45,0.42,0.42,0.43,0.44,10.85,0.43,false
402,0.6025641025641025,0.8056112224448898,0.43,0.45,0.43,0.44,0.43,0.42,0.44,0.43,0.43,0.44,0.44,0.42,0.42,0.46,0.43,0.43,0.42,0.43,0.44,0.44,0.44,0.42,0.43,0.43,0.44,10.83,0.43,false
403,0.6794871794871795,0.8076152304609219,0.44,0.45,0.45,0.45,0.44,0.45,0.46,0.44,0.45,0.44,0.47,0.43,0.44,0.47,0.44,0.45,0.43,0.43,0.46,0.47,0.45,0.44,0.43,0.44,0.44,11.16,0.45,false
404,0.9487179487179487,0.8096192384769539,0.43,0.43,0.42,0.42,0.42,0.43,0.42,0.43,0.43,0.43,0.44,0.41,0.44,0.45,0.42,0.44,0.43,0.43,0.43,0.44,0.45,0.43,0.43,0.44,0.43,10.77,0.43,false
405,0.2948717948717949,0.811623246492986,0.44,0.43,0.44,0.43,0.43,0.43,0.42,0.45,0.44,0.45,0.47,0.42,0.44,0.45,0.44,0.43,0.42,0.42,0.44,0.42,0.45,0.42,0.43,0.43,0.44,10.88,0.44,false
406,0.3076923076923077,0.8136272545090181,0.40,0.40,0.42,0.41,0.40,0.42,0.41,0.41,0.41,0.42,0.41,0.41,0.41,0.42,0.40,0.40,0.39,0.40,0.42,0.41,0.41,0.41,0.40,0.40,0.42,10.21,0.41,false
407,0.32051282051282054,0.8156312625250501,0.43,0.43,0.43,0.42,0.42,0.42,0.42,0.44,0.43,0.43,0.44,0.43,0.43,0.44,0.43,0.43,0.40,0.42,0.44,0.45,0.45,0.42,0.42,0.42,0.43,10.72,0.43,false
408,0.5256410256410257,0.8176352705410822,0.43,0.43,0.42,0.43,0.42,0.42,0.41,0.43,0.43,0.44,0.44,0.41,0.44,0.44,0.43,0.42,0.41,0.42,0.43,0.44,0.43,0.42,0.43,0.42,0.44,10.68,0.43,false
409,0.3333333333333333,0.8196392785571143,0.43,0.42,0.42,0.41,0.42,0.41,0.40,0.44,0.42,0.43,0.42,0.41,0.41,0.41,0.42,0.42,0.40,0.40,0.42,0.41,0.41,0.41,0.41,0.42,0.42,10.39,0.42,false
410,0.7435897435897436,0.8216432865731463,0.40,0.41,0.41,0.40,0.40,0.41,0.40,0.41,0.40,0.42,0.40,0.41,0.41,0.42,0.42,0.41,0.39,0.39,0.42,0.40,0.41,0.39,0.39,0.41,0.41,10.14,0.41,false
411,0,0.8236472945891784,0.46,0.46,0.44,0.44,0.43,0.44,0.44,0.47,0.44,0.46,0.46,0.46,0.43,0.45,0.44,0.44,0.46,0.43,0.46,0.43,0.47,0.46,0.46,0.44,0.46,11.23,0.45,false
412,0.3717948717948718,0.8256513026052105,0.45,0.45,0.43,0.43,0.45,0.44,0.42,0.45,0.43,0.44,0.44,0.45,0.44,0.44,0.44,0.44,0.45,0.42,0.44,0.45,0.44,0.45,0.45,0.43,0.45,11.02,0.44,false
413,0.3974358974358974,0.8276553106212425,0.49,0.50,0.51,0.48,0.50,0.49,0.49,0.50,0.48,0.49,0.48,0.48,0.50,0.48,0.49,0.48,0.47,0.49,0.52,0.49,0.49,0.50,0.48,0.48,0.49,12.25,0.49,false
414,0.7948717948717948,0.8296593186372746,0.45,0.46,0.45,0.43,0.43,0.43,0.45,0.46,0.44,0.44,0.43,0.44,0.46,0.45,0.44,0.45,0.43,0.44,0.45,0.45,0.44,0.45,0.44,0.45,0.43,11.09,0.44,false
415,0.8076923076923077,0.8316633266533067,0.49,0.49,0.48,0.48,0.49,0.49,0.48,0.47,0.48,0.47,0.49,0.50,0.48,0.47,0.46,0.49,0.49,0.47,0.49,0.48,0.51,0.48,0.48,0.49,0.48,12.08,0.48,false
416,0.46153846153846156,0.8336673346693386,0.50,0.48,0.48,0.49,0.48,0.48,0.47,0.49,0.47,0.48,0.49,0.48,0.48,0.47,0.47,0.49,0.47,0.46,0.48,0.50,0.48,0.47,0.48,0.47,0.49,12.00,0.48,false
417,0.8205128205128205,0.8356713426853707,0.47,0.46,0.44,0.47,0.46,0.46,0.45,0.47,0.46,0.45,0.47,0.48,0.47,0.46,0.46,0.45,0.46,0.48,0.46,0.49,0.46,0.45,0.45,0.46,0.47,11.56,0.46,false
418,0.4358974358974359,0.8376753507014028,0.46,0.46,0.47,0.48,0.46,0.49,0.47,0.46,0.47,0.46,0.48,0.48,0.47,0.48,0.46,0.48,0.50,0.45,0.48,0.46,0.48,0.45,0.47,0.47,0.48,11.77,0.47,false
419,0.9102564102564102,0.8396793587174348,0.50,0.51,0.52,0.52,0.52,0.53,0.52,0.52,0.52,0.50,0.50,0.53,0.52,0.51,0.51,0.52,0.52,0.52,0.52,0.52,0.52,0.50,0.51,0.51,0.53,12.90,0.52,false
420,0.48717948717948717,0.8416833667334669,0.49,0.49,0.48,0.49,0.49,0.49,0.49,0.50,0.49,0.49,0.50,0.49,0.50,0.50,0.50,0.51,0.49,0.48,0.52,0.50,0.49,0.49,0.51,0.49,0.49,12.36,0.49,false
421,0.782051282051282,0.843687374749499,0.52,0.51,0.52,0.52,0.53,0.55,0.54,0.52,0.52,0.50,0.52,0.54,0.53,0.51,0.52,0.54,0.52,0.54,0.55,0.53,0.52,0.52,0.51,0.50,0.53,13.11,0.52,false
422,0.9230769230769231,0.845691382765531,0.48,0.49,0.50,0.52,0.49,0.50,0.51,0.49,0.50,0.48,0.50,0.50,0.50,0.49,0.48,0.51,0.50,0.51,0.50,0.49,0.50,0.49,0.48,0.50,0.50,12.41,0.50,false
423,0.3717948717948718,0.8476953907815631,0.49,0.51,0.50,0.52,0.51,0.52,0.51,0.50,0.52,0.52,0.51,0.51,0.52,0.53,0.53,0.51,0.54,0.53,0.52,0.52,0.51,0.50,0.53,0.51,0.51,12.88,0.52,false
424,0.5,0.8496993987975952,0.49,0.50,0.50,0.52,0.51,0.50,0.53,0.50,0.50,0.50,0.51,0.51,0.50,0.51,0.51,0.52,0.50,0.53,0.52,0.50,0.50,0.50,0.52,0.51,0.50,12.69,0.51,false
425,0.7435897435897436,0.8517034068136272,0.50,0.49,0.51,0.52,0.51,0.52,0.53,0.51,0.51,0.51,0.51,0.52,0.53,0.52,0.50,0.51,0.52,0.52,0.51,0.52,0.52,0.51,0.52,0.51,0.52,12.85,0.51,false
426,0.01282051282051282,0.8537074148296593,0.54,0.54,0.54,0.55,0.55,0.55,0.53,0.55,0.54,0.54,0.53,0.58,0.54,0.56,0.55,0.55,0.54,0.54,0.56,0.55,0.53,0.56,0.53,0.56,0.53,13.64,0.55,false
427,0.717948717948718,0.8557114228456913,0.53,0.55,0.56,0.52,0.52,0.54,0.53,0.54,0.55,0.53,0.54,0.55,0.54,0.53,0.53,0.55,0.54,0.55,0.53,0.53,0.53,0.55,0.52,0.54,0.53,13.43,0.54,false
428,0.02564102564102564,0.8577154308617234,0.57,0.58,0.59,0.60,0.58,0.59,0.58,0.57,0.59,0.59,0.58,0.58,0.59,0.58,0.58,0.59,0.57,0.61,0.59,0.57,0.56,0.59,0.57,0.59,0.57,14.56,0.58,true
429,0.7051282051282052,0.8597194388777555,0.51,0.53,0.55,0.53,0.51,0.53,0.51,0.52,0.54,0.55,0.53,0.53,0.54,0.53,0.51,0.54,0.53,0.53,0.55,0.54,0.52,0.53,0.53,0.53,0.52,13.24,0.53,false
430,0.038461538461538464,0.8617234468937875,0.50,0.49,0.53,0.51,0.52,0.53,0.54,0.52,0.52,0.52,0.51,0.54,0.53,0.51,0.53,0.53,0.52,0.54,0.54,0.53,0.53,0.54,0.51,0.52,0.51,13.07,0.52,false
431,0.6923076923076923,0.8637274549098196,0.49,0.49,0.49,0.50,0.48,0.52,0.50,0.48,0.49,0.51,0.49,0.49,0.49,0.49,0.50,0.49,0.51,0.51,0.51,0.50,0.50,0.51,0.51,0.50,0.49,12.44,0.50,false
432,0.5769230769230769,0.8657314629258517,0.49,0.48,0.50,0.49,0.50,0.51,0.49,0.50,0.48,0.49,0.50,0.50,0.50,0.49,0.50,0.47,0.51,0.51,0.50,0.50,0.49,0.49,0.48,0.50,0.50,12.37,0.49,false
433,0.5897435897435898,0.8677354709418837,0.48,0.49,0.48,0.48,0.50,0.50,0.48,0.50,0.49,0.50,0.48,0.51,0.49,0.49,0.49,0.49,0.51,0.48,0.51,0.50,0.49,0.50,0.47,0.49,0.49,12.29,0.49,false
434,0.9871794871794872,0.8697394789579158,0.52,0.53,0.53,0.52,0.55,0.54,0.54,0.53,0.53,0.52,0.53,0.55,0.54,0.54,0.55,0.53,0.53,0.56,0.54,0.53,0.53,0.54,0.52,0.55,0.53,13.38,0.54,false
435,0.9615384615384616,0.8717434869739479,0.55,0.53,0.52,0.54,0.54,0.56,0.53,0.54,0.54,0.53,0.53,0.54,0.56,0.54,0.55,0.52,0.54,0.56,0.54,0.54,0.55,0.54,0.53,0.55,0.53,13.50,0.54,false
436,0.11538461538461539,0.87374749498998,0.52,0.52,0.53,0.51,0.54,0.55,0.54,0.54,0.53,0.53,0.53,0.55,0.52,0.53,0.54,0.53,0.54,0.55,0.54,0.52,0.54,0.54,0.53,0.53,0.52,13.32,0.53,false
437,0.1282051282051282,0.875751503006012,0.49,0.52,0.52,0.51,0.51,0.52,0.51,0.51,0.52,0.51,0.52,0.53,0.52,0.53,0.50,0.53,0.53,0.54,0.53,0.50,0.51,0.52,0.49,0.52,0.52,12.91,0.52,false
438,0.9743589743589743,0.8777555110220441,0.53,0.51,0.52,0.51,0.52,0.54,0.53,0.52,0.54,0.52,0.52,0.53,0.56,0.54,0.51,0.52,0.54,0.54,0.54,0.52,0.54,0.52,0.53,0.54,0.53,13.22,0.53,false
439,0.6282051282051282,0.8797595190380761,0.47,0.47,0.48,0.46,0.49,0.49,0.48,0.48,0.49,0.48,0.47,0.48,0.48,0.48,0.47,0.48,0.47,0.50,0.49,0.48,0.47,0.50,0.46,0.49,0.48,11.99,0.48,false
440,0.24358974358974358,0.8817635270541082,0.47,0.48,0.47,0.48,0.47,0.47,0.46,0.47,0.46,0.47,0.49,0.46,0.48,0.47,0.47,0.48,0.48,0.47,0.47,0.47,0.48,0.48,0.46,0.47,0.48,11.81,0.47,false
441,0.14102564102564102,0.8837675350701403,0.52,0.50,0.53,0.51,0.51,0.52,0.52,0.51,0.52,0.52,0.52,0.54,0.53,0.53,0.52,0.50,0.51,0.53,0.54,0.51,0.51,0.55,0.50,0.53,0.51,12.99,0.52,false
442,0.15384615384615385,0.8857715430861723,0.48,0.49,0.49,0.49,0.51,0.49,0.49,0.51,0.49,0.50,0.51,0.50,0.52,0.49,0.49,0.50,0.48,0.48,0.50,0.49,0.50,0.49,0.47,0.48,0.49,12.33,0.49,false
443,0.16666666666666666,0.8877755511022044,0.46,0.48,0.48,0.48,0.48,0.48,0.47,0.48,0.47,0.50,0.48,0.48,0.49,0.46,0.48,0.49,0.46,0.48,0.47,0.49,0.46,0.47,0.48,0.47,0.47,11.91,0.48,false
444,1,0.8897795591182365,0.44,0.45,0.45,0.43,0.45,0.47,0.46,0.45,0.45,0.45,0.44,0.47,0.44,0.45,0.44,0.44,0.44,0.46,0.44,0.46,0.46,0.45,0.48,0.46,0.46,11.29,0.45,false
445,0.19230769230769232,0.8917835671342685,0.46,0.47,0.48,0.45,0.48,0.49,0.46,0.48,0.49,0.49,0.47,0.48,0.50,0.47,0.48,0.48,0.46,0.47,0.48,0.47,0.48,0.46,0.47,0.46,0.48,11.86,0.47,false
446,1,0.8937875751503006,0.51,0.53,0.53,0.52,0.51,0.53,0.52,0.51,0.53,0.53,0.51,0.53,0.51,0.50,0.50,0.51,0.50,0.51,0.52,0.52,0.51,0.51,0.50,0.51,0.50,12.86,0.51,false
447,0.21794871794871795,0.8957915831663327,0.50,0.52,0.51,0.51,0.52,0.52,0.50,0.52,0.52,0.52,0.54,0.53,0.51,0.53,0.52,0.51,0.48,0.51,0.53,0.51,0.52,0.52,0.50,0.51,0.49,12.85,0.51,false
448,0.23076923076923078,0.8977955911823647,0.50,0.50,0.49,0.48,0.50,0.50,0.50,0.51,0.50,0.50,0.52,0.51,0.49,0.50,0.49,0.49,0.50,0.50,0.51,0.50,0.51,0.49,0.50,0.49,0.50,12.48,0.50,false
449,0.24358974358974358,0.8997995991983968,0.49,0.48,0.49,0.48,0.49,0.50,0.49,0.50,0.49,0.50,0.50,0.50,0.49,0.49,0.49,0.50,0.48,0.48,0.50,0.49,0.48,0.48,0.50,0.49,0.47,12.25,0.49,false
450,0.8589743589743589,0.9018036072144289,0.56,0.53,0.55,0.53,0.52,0.55,0.55,0.54,0.56,0.53,0.54,0.57,0.58,0.56,0.57,0.56,0.54,0.56,0.57,0.54,0.54,0.53,0.54,0.56,0.54,13.72,0.55,false
451,0.6153846153846154,0.9038076152304609,0.50,0.54,0.51,0.52,0.51,0.50,0.53,0.50,0.53,0.52,0.52,0.53,0.53,0.52,0.52,0.53,0.52,0.52,0.52,0.54,0.51,0.50,0.53,0.51,0.50,12.96,0.52,false
452,0.6666666666666666,0.905811623246493,0.47,0.46,0.47,0.46,0.46,0.45,0.46,0.47,0.47,0.45,0.45,0.46,0.46,0.46,0.45,0.48,0.46,0.43,0.47,0.46,0.45,0.46,0.46,0.45,0.45,11.47,0.46,false
453,0.9615384615384616,0.9078156312625251,0.49,0.50,0.51,0.50,0.48,0.50,0.49,0.50,0.48,0.50,0.50,0.52,0.48,0.47,0.49,0.49,0.50,0.50,0.50,0.51,0.49,0.49,0.48,0.50,0.50,12.37,0.49,false
454,0.9871794871794872,0.9098196392785571,0.50,0.50,0.50,0.51,0.50,0.51,0.51,0.49,0.49,0.50,0.50,0.51,0.51,0.49,0.51,0.52,0.50,0.51,0.51,0.52,0.51,0.49,0.52,0.51,0.51,12.63,0.51,false
455,0.5897435897435898,0.9118236472945892,0.49,0.50,0.51,0.51,0.49,0.50,0.49,0.51,0.48,0.51,0.50,0.51,0.50,0.48,0.51,0.50,0.49,0.49,0.49,0.49,0.50,0.50,0.50,0.50,0.52,12.47,0.50,false
456,0.5769230769230769,0.9138276553106213,0.46,0.46,0.46,0.47,0.45,0.48,0.46,0.48,0.45,0.45,0.48,0.47,0.48,0.47,0.45,0.46,0.45,0.45,0.45,0.47,0.49,0.47,0.46,0.46,0.47,11.60,0.46,false
457,0.6923076923076923,0.9158316633266533,0.47,0.46,0.47,0.46,0.47,0.46,0.46,0.47,0.45,0.46,0.48,0.46,0.46,0.46,0.46,0.47,0.46,0.45,0.47,0.46,0.48,0.46,0.46,0.45,0.46,11.57,0.46,false
458,0.038461538461538464,0.9178356713426854,0.46,0.47,0.47,0.46,0.47,0.45,0.49,0.48,0.47,0.47,0.47,0.48,0.47,0.45,0.47,0.46,0.45,0.45,0.48,0.48,0.46,0.47,0.48,0.47,0.48,11.71,0.47,false
459,0.5384615384615384,0.9198396793587175,0.46,0.48,0.48,0.46,0.46,0.46,0.49,0.47,0.46,0.47,0.48,0.48,0.46,0.47,0.48,0.47,0.47,0.45,0.47,0.48,0.48,0.48,0.44,0.46,0.48,11.74,0.47,false
460,0.8461538461538461,0.9218436873747495,0.47,0.47,0.48,0.49,0.48,0.48,0.49,0.49,0.46,0.46,0.49,0.50,0.47,0.47,0.47,0.48,0.47,0.46,0.48,0.47,0.48,0.48,0.47,0.47,0.47,11.90,0.48,false
461,0.3333333333333333,0.9238476953907816,0.47,0.47,0.47,0.47,0.48,0.46,0.48,0.47,0.45,0.46,0.47,0.45,0.48,0.47,0.48,0.46,0.48,0.46,0.48,0.48,0.47,0.46,0.47,0.48,0.48,11.75,0.47,false
462,0.34615384615384615,0.9258517034068137,0.50,0.49,0.51,0.50,0.52,0.53,0.50,0.51,0.50,0.50,0.52,0.52,0.51,0.49,0.50,0.50,0.48,0.51,0.49,0.50,0.50,0.48,0.50,0.51,0.51,12.58,0.50,false
463,0.5128205128205128,0.9278557114228457,0.47,0.47,0.46,0.46,0.47,0.45,0.45,0.47,0.46,0.46,0.46,0.47,0.46,0.45,0.45,0.47,0.46,0.45,0.46,0.47,0.48,0.45,0.46,0.45,0.47,11.53,0.46,false
464,0.358974358974359,0.9298597194388778,0.46,0.47,0.46,0.46,0.45,0.45,0.47,0.46,0.45,0.45,0.47,0.45,0.46,0.45,0.44,0.44,0.46,0.44,0.46,0.44,0.46,0.45,0.45,0.46,0.47,11.38,0.46,false
465,0.7692307692307693,0.9318637274549099,0.47,0.48,0.48,0.45,0.50,0.47,0.49,0.48,0.47,0.49,0.47,0.47,0.47,0.48,0.48,0.47,0.48,0.46,0.48,0.50,0.49,0.47,0.48,0.47,0.50,11.95,0.48,false
466,0.3974358974358974,0.9338677354709419,0.46,0.45,0.46,0.46,0.46,0.46,0.47,0.47,0.45,0.45,0.46,0.45,0.45,0.45,0.47,0.47,0.48,0.45,0.44,0.45,0.45,0.45,0.45,0.46,0.46,11.43,0.46,false
467,0.41025641025641024,0.935871743486974,0.46,0.46,0.45,0.45,0.48,0.45,0.45,0.47,0.47,0.47,0.48,0.45,0.47,0.46,0.45,0.45,0.46,0.46,0.45,0.45,0.48,0.46,0.46,0.47,0.47,11.53,0.46,false
468,0.4230769230769231,0.9378757515030061,0.48,0.46,0.47,0.48,0.48,0.47,0.46,0.47,0.47,0.50,0.47,0.47,0.47,0.46,0.49,0.46,0.46,0.46,0.46,0.47,0.47,0.47,0.47,0.46,0.49,11.77,0.47,false
469,0.8076923076923077,0.9398797595190381,0.50,0.54,0.51,0.49,0.51,0.51,0.49,0.50,0.51,0.51,0.50,0.52,0.51,0.48,0.53,0.51,0.51,0.51,0.50,0.53,0.52,0.51,0.50,0.50,0.52,12.72,0.51,false
470,0.8205128205128205,0.9418837675350702,0.45,0.47,0.45,0.45,0.46,0.46,0.46,0.45,0.44,0.46,0.47,0.45,0.46,0.47,0.46,0.46,0.47,0.45,0.45,0.46,0.46,0.45,0.46,0.45,0.46,11.43,0.46,false
471,0.44871794871794873,0.9438877755511023,0.47,0.46,0.46,0.45,0.49,0.45,0.47,0.47,0.47,0.46,0.47,0.46,0.47,0.46,0.46,0.47,0.47,0.45,0.45,0.45,0.46,0.45,0.46,0.47,0.47,11.57,0.46,false
472,0.4358974358974359,0.9458917835671342,0.48,0.47,0.47,0.45,0.49,0.48,0.47,0.47,0.46,0.47,0.48,0.47,0.48,0.47,0.47,0.45,0.46,0.48,0.46,0.44,0.47,0.47,0.47,0.47,0.48,11.73,0.47,false
473,0.4230769230769231,0.9478957915831663,0.49,0.49,0.51,0.51,0.50,0.50,0.50,0.50,0.48,0.50,0.50,0.52,0.50,0.49,0.51,0.51,0.49,0.52,0.48,0.49,0.50,0.50,0.51,0.49,0.51,12.50,0.50,false
474,0.782051282051282,0.9498997995991983,0.51,0.49,0.50,0.49,0.49,0.49,0.50,0.50,0.49,0.50,0.51,0.49,0.51,0.48,0.51,0.49,0.50,0.50,0.50,0.50,0.49,0.50,0.51,0.49,0.52,12.46,0.50,false
475,0.7692307692307693,0.9519038076152304,0.46,0.48,0.47,0.50,0.49,0.49,0.49,0.50,0.49,0.49,0.49,0.48,0.49,0.46,0.49,0.47,0.51,0.48,0.47,0.49,0.47,0.48,0.49,0.47,0.50,12.10,0.48,false
476,0,0.9539078156312625,0.50,0.47,0.48,0.48,0.49,0.49,0.47,0.47,0.48,0.48,0.49,0.47,0.47,0.47,0.49,0.48,0.49,0.50,0.50,0.48,0.48,0.49,0.49,0.47,0.50,12.08,0.48,false
477,0.7307692307692307,0.9559118236472945,0.49,0.49,0.49,0.49,0.50,0.48,0.49,0.48,0.47,0.49,0.49,0.47,0.49,0.46,0.49,0.48,0.49,0.47,0.49,0.48,0.49,0.50,0.51,0.48,0.49,12.15,0.49,false
478,0.5256410256410257,0.9579158316633266,0.48,0.48,0.46,0.46,0.47,0.48,0.45,0.47,0.47,0.48,0.45,0.47,0.47,0.45,0.47,0.47,0.47,0.46,0.47,0.45,0.47,0.48,0.48,0.45,0.47,11.68,0.47,false
479,0.5512820512820513,0.9599198396793587,0.49,0.48,0.47,0.47,0.48,0.48,0.48,0.49,0.47,0.47,0.49,0.46,0.48,0.47,0.48,0.49,0.48,0.46,0.46,0.47,0.49,0.49,0.49,0.47,0.48,11.94,0.48,false
480,0.2948717948717949,0.9619238476953907,0.51,0.52,0.54,0.51,0.52,0.52,0.50,0.51,0.51,0.50,0.51,0.51,0.52,0.52,0.50,0.51,0.52,0.52,0.50,0.52,0.52,0.51,0.50,0.51,0.54,12.85,0.51,false
481,0.6794871794871795,0.9639278557114228,0.53,0.51,0.54,0.51,0.54,0.52,0.52,0.52,0.51,0.51,0.53,0.51,0.51,0.51,0.53,0.51,0.53,0.52,0.51,0.51,0.53,0.53,0.51,0.51,0.54,13.00,0.52,false
482,0.9615384615384616,0.9659318637274549,0.50,0.54,0.55,0.56,0.52,0.53,0.52,0.52,0.52,0.52,0.53,0.52,0.52,0.53,0.53,0.52,0.55,0.50,0.53,0.53,0.55,0.52,0.51,0.53,0.52,13.17,0.53,false
483,0.6153846153846154,0.9679358717434869,0.47,0.49,0.49,0.46,0.49,0.48,0.49,0.51,0.50,0.46,0.50,0.47,0.48,0.50,0.50,0.48,0.51,0.48,0.49,0.48,0.50,0.47,0.49,0.50,0.48,12.17,0.49,false
484,0.9743589743589743,0.969939879759519,0.52,0.50,0.50,0.48,0.50,0.51,0.48,0.51,0.49,0.49,0.49,0.48,0.48,0.48,0.49,0.48,0.50,0.49,0.50,0.50,0.49,0.50,0.49,0.51,0.49,12.35,0.49,false
485,0.23076923076923078,0.9719438877755511,0.49,0.51,0.50,0.51,0.50,0.50,0.53,0.51,0.48,0.51,0.51,0.49,0.51,0.50,0.51,0.53,0.52,0.51,0.51,0.52,0.53,0.50,0.53,0.49,0.52,12.72,0.51,false
486,0.6410256410256411,0.9739478957915831,0.47,0.48,0.47,0.48,0.48,0.49,0.49,0.48,0.48,0.48,0.49,0.47,0.50,0.49,0.48,0.47,0.49,0.50,0.47,0.46,0.48,0.47,0.49,0.48,0.50,12.04,0.48,false
487,0.20512820512820512,0.9759519038076152,0.46,0.47,0.47,0.46,0.48,0.47,0.47,0.47,0.46,0.47,0.48,0.46,0.46,0.47,0.46,0.47,0.47,0.48,0.46,0.48,0.47,0.45,0.47,0.47,0.50,11.73,0.47,false
488,0.19230769230769232,0.9779559118236473,0.49,0.51,0.49,0.49,0.51,0.49,0.50,0.52,0.51,0.50,0.52,0.50,0.49,0.50,0.53,0.52,0.50,0.51,0.52,0.51,0.49,0.49,0.51,0.50,0.52,12.62,0.50,false
489,1,0.9799599198396793,0.50,0.51,0.51,0.50,0.50,0.50,0.50,0.49,0.50,0.50,0.49,0.47,0.50,0.51,0.52,0.48,0.50,0.48,0.50,0.49,0.52,0.49,0.51,0.52,0.51,12.50,0.50,false
490,0.21794871794871795,0.9819639278557114,0.48,0.48,0.47,0.48,0.47,0.46,0.47,0.49,0.47,0.47,0.48,0.44,0.48,0.47,0.47,0.45,0.48,0.46,0.46,0.46,0.48,0.48,0.47,0.47,0.49,11.78,0.47,false
491,0.23076923076923078,0.9839679358717435,0.45,0.47,0.48,0.47,0.48,0.45,0.48,0.48,0.49,0.45,0.47,0.46,0.50,0.48,0.48,0.46,0.46,0.47,0.47,0.48,0.47,0.45,0.46,0.47,0.50,11.78,0.47,false
492,0.24358974358974358,0.9859719438877755,0.47,0.47,0.50,0.48,0.47,0.47,0.49,0.48,0.47,0.47,0.50,0.47,0.48,0.49,0.47,0.47,0.48,0.48,0.47,0.49,0.48,0.48,0.48,0.48,0.50,11.99,0.48,false
493,0.2564102564102564,0.9879759519038076,0.47,0.49,0.48,0.50,0.46,0.50,0.48,0.48,0.49,0.47,0.50,0.48,0.48,0.49,0.50,0.47,0.49,0.46,0.46,0.48,0.49,0.50,0.48,0.49,0.50,12.09,0.48,false
494,0.2692307692307692,0.9899799599198397,0.44,0.46,0.47,0.47,0.46,0.45,0.46,0.46,0.45,0.44,0.46,0.45,0.46,0.46,0.46,0.46,0.46,0.46,0.46,0.46,0.45,0.46,0.45,0.47,0.48,11.46,0.46,false
495,0.28205128205128205,0.9919839679358717,0.47,0.48,0.48,0.48,0.48,0.47,0.50,0.50,0.47,0.48,0.50,0.48,0.47,0.48,0.47,0.49,0.49,0.47,0.48,0.49,0.48,0.46,0.49,0.48,0.50,12.04,0.48,false
496,0.08974358974358974,0.9939879759519038,0.44,0.47,0.47,0.49,0.45,0.45,0.47,0.46,0.47,0.46,0.47,0.44,0.47,0.47,0.46,0.47,0.45,0.45,0.47,0.46,0.45,0.46,0.46,0.47,0.48,11.56,0.46,false
497,0.07692307692307693,0.9959919839679359,0.46,0.47,0.46,0.47,0.45,0.45,0.46,0.45,0.46,0.45,0.46,0.44,0.45,0.47,0.47,0.48,0.47,0.45,0.47,0.48,0.46,0.47,0.47,0.46,0.47,11.55,0.46,false
498,0.0641025641025641,0.9979959919839679,0.46,0.48,0.47,0.47,0.46,0.46,0.46,0.47,0.46,0.47,0.47,0.45,0.45,0.48,0.46,0.48,0.47,0.45,0.48,0.47,0.46,0.46,0.47,0.47,0.50,11.68,0.47,false
499,0.2948717948717949,1,0.51,0.51,0.55,0.52,0.54,0.52,0.52,0.54,0.53,0.52,0.54,0.50,0.51,0.54,0.52,0.54,0.56,0.54,0.53,0.55,0.51,0.51,0.52,0.54,0.53,13.20,0.53,false