id,value_y,value_x,score_1,score_2,score_3,score_4,score_5,score_6,score_7,score_8,score_9,score_10,score_11,score_12,score_13,score_14,score_15,score_16,score_17,score_18,score_19,score_20,score_21,score_22,score_23,score_24,score_25,scores_total,score,anomaly
0,0.3043478260869568,0,0.58,0.59,0.56,0.60,0.58,0.56,0.60,0.60,0.61,0.60,0.60,0.59,0.58,0.58,0.59,0.55,0.59,0.58,0.59,0.60,0.58,0.59,0.60,0.62,0.58,14.70,0.59,true
1,0.3695652173913042,0.00021222410865874363,0.43,0.45,0.40,0.45,0.45,0.43,0.44,0.45,0.44,0.43,0.43,0.44,0.43,0.45,0.43,0.42,0.45,0.43,0.43,0.42,0.44,0.43,0.43,0.40,0.43,10.83,0.43,false
2,0.42391304347826103,0.00042444821731748726,0.41,0.43,0.44,0.44,0.44,0.42,0.44,0.45,0.44,0.44,0.43,0.44,0.44,0.46,0.42,0.44,0.42,0.44,0.43,0.43,0.46,0.44,0.45,0.44,0.44,10.93,0.44,false
3,0.47826086956521735,0.0006366723259762309,0.40,0.43,0.42,0.44,0.44,0.42,0.43,0.44,0.44,0.45,0.44,0.43,0.43,0.45,0.44,0.45,0.41,0.44,0.44,0.44,0.45,0.45,0.45,0.44,0.42,10.89,0.44,false
4,0.5326086956521742,0.0008488964346349745,0.38,0.40,0.40,0.41,0.41,0.40,0.39,0.40,0.40,0.42,0.41,0.40,0.42,0.43,0.40,0.43,0.40,0.41,0.40,0.41,0.41,0.42,0.42,0.42,0.42,10.21,0.41,false
5,0.5652173913043479,0.0010611205432937182,0.39,0.40,0.41,0.41,0.41,0.40,0.40,0.42,0.41,0.43,0.41,0.43,0.42,0.43,0.41,0.42,0.40,0.42,0.41,0.43,0.42,0.41,0.42,0.43,0.42,10.36,0.41,false
6,0.5978260869565221,0.0012733446519524619,0.41,0.41,0.41,0.43,0.41,0.40,0.41,0.39,0.41,0.41,0.40,0.41,0.42,0.41,0.40,0.41,0.40,0.41,0.41,0.41,0.43,0.41,0.43,0.40,0.42,10.26,0.41,false
7,0.6304347826086958,0.0014855687606112054,0.41,0.41,0.42,0.43,0.41,0.42,0.42,0.40,0.41,0.42,0.42,0.43,0.42,0.41,0.40,0.41,0.41,0.42,0.42,0.41,0.42,0.42,0.42,0.40,0.43,10.39,0.42,false
8,0.6521739130434784,0.001697792869269949,0.39,0.39,0.39,0.41,0.39,0.38,0.40,0.38,0.40,0.40,0.40,0.40,0.39,0.39,0.39,0.39,0.38,0.40,0.37,0.39,0.41,0.39,0.39,0.39,0.40,9.81,0.39,false
9,0.6847826086956521,0.0019100169779286927,0.38,0.39,0.40,0.40,0.38,0.40,0.39,0.38,0.40,0.39,0.39,0.39,0.40,0.39,0.39,0.39,0.38,0.41,0.37,0.39,0.40,0.38,0.40,0.38,0.41,9.78,0.39,false
10,0.7173913043478263,0.0021222410865874364,0.41,0.40,0.42,0.43,0.44,0.41,0.42,0.43,0.44,0.42,0.44,0.43,0.42,0.42,0.41,0.42,0.42,0.42,0.42,0.41,0.42,0.40,0.42,0.44,0.42,10.53,0.42,false
11,0.75,0.00233446519524618,0.37,0.38,0.38,0.37,0.39,0.37,0.38,0.38,0.40,0.38,0.41,0.40,0.38,0.38,0.38,0.39,0.39,0.38,0.38,0.38,0.39,0.37,0.37,0.38,0.39,9.57,0.38,false
12,0.7826086956521742,0.0025466893039049238,0.39,0.38,0.37,0.39,0.39,0.39,0.38,0.39,0.39,0.39,0.39,0.41,0.38,0.39,0.39,0.38,0.40,0.38,0.39,0.38,0.39,0.37,0.38,0.38,0.39,9.66,0.39,false
13,0.8260869565217395,0.0027589134125636672,0.39,0.39,0.38,0.40,0.40,0.39,0.39,0.39,0.40,0.39,0.39,0.40,0.39,0.39,0.39,0.38,0.40,0.39,0.40,0.39,0.39,0.37,0.38,0.39,0.39,9.76,0.39,false
14,0.8586956521739132,0.0029711375212224107,0.41,0.42,0.39,0.43,0.42,0.41,0.40,0.41,0.42,0.41,0.41,0.42,0.41,0.40,0.41,0.40,0.41,0.40,0.41,0.40,0.41,0.39,0.40,0.39,0.40,10.18,0.41,false
15,0.9021739130434784,0.0031833616298811546,0.39,0.39,0.38,0.39,0.39,0.38,0.39,0.40,0.41,0.41,0.39,0.41,0.40,0.40,0.39,0.39,0.39,0.39,0.38,0.39,0.39,0.37,0.39,0.39,0.38,9.78,0.39,false
16,0.8804347826086958,0.003395585738539898,0.38,0.37,0.38,0.40,0.40,0.38,0.40,0.39,0.41,0.39,0.39,0.41,0.40,0.40,0.39,0.38,0.38,0.39,0.39,0.38,0.39,0.38,0.38,0.38,0.38,9.72,0.39,false
17,0.8369565217391305,0.0036078098471986416,0.37,0.37,0.37,0.38,0.38,0.38,0.38,0.38,0.40,0.37,0.37,0.39,0.38,0.39,0.39,0.38,0.37,0.39,0.38,0.37,0.40,0.37,0.37,0.37,0.38,9.48,0.38,false
18,0.8043478260869568,0.0038200339558573855,0.40,0.41,0.39,0.41,0.42,0.42,0.41,0.42,0.43,0.40,0.40,0.42,0.40,0.41,0.41,0.40,0.43,0.42,0.41,0.40,0.42,0.41,0.40,0.40,0.40,10.24,0.41,false
19,0.7717391304347826,0.004032258064516129,0.42,0.41,0.40,0.43,0.42,0.43,0.42,0.43,0.44,0.40,0.42,0.42,0.41,0.41,0.42,0.43,0.43,0.41,0.41,0.41,0.44,0.42,0.40,0.40,0.42,10.45,0.42,false
20,0.7282608695652174,0.004244482173174873,0.38,0.38,0.37,0.39,0.39,0.38,0.39,0.38,0.39,0.39,0.38,0.39,0.37,0.38,0.39,0.37,0.38,0.38,0.38,0.37,0.38,0.37,0.37,0.37,0.38,9.50,0.38,false
21,0.6956521739130437,0.004456706281833617,0.36,0.37,0.36,0.37,0.38,0.37,0.38,0.37,0.38,0.37,0.38,0.39,0.37,0.37,0.38,0.37,0.37,0.36,0.37,0.37,0.37,0.36,0.36,0.36,0.37,9.26,0.37,false
22,0.6630434782608695,0.00466893039049236,0.38,0.39,0.38,0.41,0.39,0.39,0.39,0.38,0.40,0.40,0.41,0.40,0.39,0.42,0.41,0.39,0.39,0.38,0.39,0.39,0.39,0.38,0.40,0.40,0.39,9.84,0.39,false
23,0.6304347826086958,0.004881154499151104,0.38,0.38,0.39,0.40,0.40,0.39,0.39,0.38,0.39,0.38,0.40,0.39,0.38,0.42,0.39,0.38,0.39,0.39,0.40,0.38,0.39,0.37,0.37,0.38,0.39,9.70,0.39,false
24,0.5978260869565221,0.0050933786078098476,0.38,0.38,0.37,0.39,0.38,0.39,0.38,0.37,0.39,0.39,0.39,0.40,0.37,0.39,0.40,0.39,0.38,0.40,0.38,0.37,0.38,0.37,0.37,0.38,0.40,9.59,0.38,false
25,0.5652173913043479,0.005305602716468591,0.42,0.41,0.39,0.42,0.43,0.41,0.45,0.43,0.44,0.42,0.43,0.43,0.42,0.44,0.43,0.42,0.44,0.41,0.43,0.41,0.43,0.42,0.43,0.45,0.42,10.63,0.43,false
26,0.5217391304347826,0.0055178268251273345,0.38,0.38,0.37,0.40,0.39,0.39,0.38,0.37,0.38,0.38,0.40,0.39,0.38,0.39,0.38,0.39,0.39,0.39,0.40,0.37,0.39,0.37,0.38,0.39,0.39,9.62,0.38,false
27,0.4891304347826089,0.005730050933786078,0.39,0.39,0.38,0.41,0.41,0.40,0.41,0.39,0.41,0.40,0.41,0.40,0.39,0.40,0.40,0.40,0.39,0.39,0.40,0.39,0.40,0.39,0.41,0.40,0.41,9.97,0.40,false
28,0.45652173913043476,0.005942275042444821,0.40,0.39,0.39,0.41,0.40,0.41,0.42,0.39,0.41,0.40,0.41,0.40,0.40,0.41,0.41,0.39,0.39,0.41,0.42,0.40,0.41,0.39,0.40,0.39,0.40,10.05,0.40,false
29,0.42391304347826103,0.006154499151103565,0.46,0.46,0.46,0.50,0.47,0.48,0.49,0.46,0.48,0.45,0.49,0.47,0.47,0.48,0.48,0.48,0.46,0.46,0.47,0.48,0.47,0.47,0.47,0.45,0.48,11.79,0.47,false
30,0.3804347826086958,0.006366723259762309,0.39,0.41,0.39,0.41,0.41,0.41,0.42,0.40,0.41,0.40,0.40,0.40,0.41,0.40,0.42,0.41,0.40,0.40,0.43,0.40,0.40,0.40,0.39,0.40,0.40,10.11,0.40,false
31,0.3478260869565216,0.006578947368421052,0.38,0.39,0.37,0.40,0.41,0.40,0.41,0.38,0.40,0.40,0.40,0.40,0.39,0.39,0.41,0.40,0.39,0.40,0.42,0.39,0.39,0.38,0.40,0.39,0.41,9.90,0.40,false
32,0.3043478260869568,0.006791171477079796,0.39,0.40,0.38,0.42,0.41,0.42,0.43,0.39,0.43,0.41,0.42,0.40,0.40,0.39,0.42,0.41,0.41,0.41,0.41,0.41,0.41,0.38,0.40,0.41,0.43,10.19,0.41,false
33,0.28260869565217417,0.00700339558573854,0.40,0.41,0.39,0.42,0.41,0.43,0.41,0.41,0.41,0.42,0.42,0.43,0.40,0.41,0.42,0.40,0.42,0.42,0.41,0.41,0.43,0.39,0.43,0.43,0.43,10.36,0.41,false
34,0.2608695652173916,0.007215619694397283,0.42,0.43,0.41,0.44,0.43,0.46,0.42,0.45,0.44,0.43,0.44,0.44,0.43,0.45,0.43,0.43,0.43,0.45,0.43,0.43,0.44,0.42,0.45,0.45,0.45,10.90,0.44,false
35,0.23913043478260892,0.007427843803056027,0.44,0.46,0.44,0.44,0.43,0.46,0.44,0.45,0.43,0.45,0.46,0.45,0.43,0.46,0.44,0.44,0.43,0.47,0.45,0.44,0.43,0.44,0.45,0.45,0.46,11.14,0.45,false
36,0.2173913043478263,0.007640067911714771,0.43,0.44,0.42,0.43,0.43,0.46,0.45,0.44,0.45,0.46,0.45,0.45,0.43,0.46,0.44,0.45,0.42,0.44,0.43,0.44,0.43,0.42,0.45,0.43,0.46,11.01,0.44,false
37,0.1847826086956521,0.007852292020373514,0.45,0.48,0.48,0.47,0.48,0.48,0.48,0.48,0.47,0.47,0.50,0.47,0.48,0.49,0.47,0.48,0.47,0.49,0.49,0.50,0.48,0.45,0.49,0.48,0.48,11.96,0.48,false
38,0.1521739130434784,0.008064516129032258,0.46,0.48,0.49,0.47,0.47,0.47,0.46,0.47,0.48,0.48,0.49,0.48,0.51,0.48,0.48,0.49,0.47,0.48,0.48,0.49,0.47,0.45,0.48,0.49,0.50,11.97,0.48,false
39,0.10869565217391315,0.008276740237691002,0.49,0.48,0.52,0.47,0.48,0.48,0.50,0.46,0.48,0.49,0.49,0.48,0.50,0.48,0.49,0.49,0.48,0.49,0.50,0.48,0.48,0.47,0.48,0.49,0.50,12.15,0.49,false
40,0.0652173913043479,0.008488964346349746,0.47,0.47,0.48,0.46,0.46,0.48,0.46,0.47,0.47,0.48,0.48,0.46,0.49,0.48,0.48,0.49,0.48,0.49,0.48,0.49,0.47,0.46,0.46,0.47,0.48,11.86,0.47,false
41,0.07608695652173897,0.00870118845500849,0.47,0.46,0.47,0.45,0.47,0.48,0.47,0.47,0.47,0.47,0.48,0.46,0.48,0.49,0.49,0.48,0.46,0.47,0.47,0.48,0.46,0.46,0.47,0.47,0.47,11.77,0.47,false
42,0.10869565217391315,0.008913412563667233,0.46,0.45,0.47,0.45,0.45,0.47,0.46,0.45,0.46,0.46,0.47,0.45,0.46,0.47,0.47,0.46,0.44,0.46,0.47,0.45,0.46,0.44,0.46,0.47,0.46,11.47,0.46,false
43,0.14130434782608686,0.009125636672325976,0.49,0.48,0.50,0.49,0.49,0.50,0.48,0.48,0.48,0.49,0.50,0.48,0.49,0.49,0.49,0.49,0.47,0.50,0.49,0.48,0.48,0.48,0.47,0.49,0.49,12.17,0.49,false
44,0.16304347826086948,0.00933786078098472,0.47,0.48,0.47,0.47,0.48,0.50,0.48,0.50,0.49,0.48,0.49,0.47,0.49,0.49,0.50,0.49,0.48,0.47,0.52,0.50,0.47,0.48,0.45,0.49,0.47,12.08,0.48,false
45,0.1847826086956521,0.009550084889643463,0.51,0.51,0.50,0.50,0.50,0.53,0.49,0.54,0.51,0.51,0.51,0.49,0.52,0.51,0.52,0.49,0.51,0.48,0.53,0.51,0.51,0.47,0.50,0.50,0.50,12.65,0.51,false
46,0.2173913043478263,0.009762308998302207,0.50,0.51,0.50,0.49,0.50,0.51,0.50,0.51,0.52,0.51,0.52,0.49,0.50,0.51,0.50,0.51,0.49,0.48,0.52,0.50,0.50,0.48,0.50,0.51,0.51,12.57,0.50,false
47,0.23913043478260892,0.009974533106960951,0.54,0.52,0.57,0.53,0.53,0.53,0.53,0.54,0.53,0.53,0.53,0.52,0.54,0.52,0.54,0.54,0.54,0.51,0.53,0.53,0.54,0.53,0.51,0.54,0.52,13.29,0.53,false
48,0.2608695652173916,0.010186757215619695,0.57,0.57,0.57,0.59,0.57,0.57,0.56,0.58,0.58,0.56,0.56,0.55,0.57,0.55,0.57,0.59,0.59,0.56,0.56,0.55,0.57,0.57,0.56,0.55,0.56,14.18,0.57,true
49,0.29347826086956524,0.010398981324278437,0.50,0.49,0.50,0.52,0.50,0.49,0.46,0.51,0.48,0.47,0.50,0.48,0.49,0.47,0.48,0.50,0.49,0.49,0.48,0.49,0.50,0.50,0.48,0.51,0.49,12.27,0.49,false
50,0.3152173913043479,0.010611205432937181,0.49,0.48,0.49,0.48,0.47,0.51,0.47,0.50,0.48,0.47,0.50,0.46,0.50,0.48,0.50,0.49,0.47,0.49,0.48,0.47,0.49,0.47,0.50,0.51,0.46,12.11,0.48,false
51,0.3478260869565216,0.010823429541595925,0.46,0.47,0.46,0.47,0.47,0.49,0.46,0.47,0.47,0.47,0.48,0.45,0.48,0.47,0.47,0.48,0.47,0.48,0.46,0.46,0.48,0.46,0.47,0.49,0.47,11.76,0.47,false
52,0.3804347826086958,0.011035653650254669,0.46,0.46,0.45,0.46,0.46,0.46,0.47,0.46,0.45,0.47,0.48,0.45,0.47,0.48,0.48,0.47,0.46,0.49,0.45,0.47,0.47,0.46,0.47,0.48,0.46,11.64,0.47,false
53,0.41304347826086946,0.011247877758913413,0.47,0.47,0.45,0.47,0.47,0.47,0.48,0.48,0.48,0.45,0.48,0.45,0.47,0.48,0.46,0.48,0.46,0.48,0.46,0.48,0.48,0.49,0.49,0.48,0.46,11.79,0.47,false
54,0.4347826086956521,0.011460101867572157,0.48,0.51,0.48,0.51,0.49,0.51,0.51,0.48,0.50,0.48,0.49,0.48,0.50,0.51,0.49,0.51,0.48,0.52,0.50,0.53,0.49,0.51,0.51,0.49,0.51,12.47,0.50,false
55,0.4673913043478263,0.0116723259762309,0.52,0.54,0.52,0.52,0.53,0.52,0.53,0.52,0.52,0.52,0.53,0.51,0.53,0.53,0.52,0.54,0.50,0.54,0.53,0.55,0.52,0.57,0.53,0.52,0.54,13.20,0.53,false
56,0.5,0.011884550084889643,0.48,0.49,0.48,0.50,0.49,0.49,0.49,0.49,0.49,0.47,0.48,0.49,0.52,0.49,0.49,0.53,0.48,0.52,0.50,0.50,0.52,0.52,0.48,0.49,0.49,12.37,0.49,false
57,0.5434782608695653,0.012096774193548387,0.47,0.49,0.47,0.46,0.49,0.49,0.49,0.48,0.48,0.48,0.50,0.46,0.48,0.50,0.49,0.49,0.46,0.47,0.47,0.48,0.50,0.49,0.51,0.48,0.49,12.07,0.48,false
58,0.5760869565217395,0.01230899830220713,0.43,0.44,0.43,0.43,0.43,0.47,0.43,0.43,0.44,0.44,0.45,0.42,0.43,0.44,0.44,0.46,0.44,0.47,0.43,0.44,0.44,0.45,0.45,0.45,0.46,11.04,0.44,false
59,0.6195652173913042,0.012521222410865875,0.42,0.41,0.41,0.41,0.42,0.44,0.42,0.41,0.42,0.40,0.41,0.40,0.41,0.41,0.42,0.41,0.41,0.44,0.42,0.41,0.42,0.40,0.42,0.41,0.41,10.36,0.41,false
60,0.6630434782608695,0.012733446519524618,0.41,0.41,0.42,0.41,0.41,0.43,0.39,0.41,0.42,0.41,0.42,0.41,0.41,0.41,0.43,0.42,0.41,0.43,0.43,0.41,0.42,0.41,0.42,0.41,0.42,10.38,0.42,false
61,0.7065217391304347,0.012945670628183362,0.45,0.45,0.44,0.43,0.44,0.45,0.42,0.42,0.46,0.43,0.42,0.43,0.42,0.42,0.45,0.45,0.42,0.43,0.44,0.42,0.43,0.43,0.45,0.44,0.44,10.88,0.44,false
62,0.75,0.013157894736842105,0.41,0.41,0.42,0.41,0.42,0.43,0.41,0.41,0.43,0.41,0.43,0.40,0.43,0.41,0.43,0.41,0.41,0.43,0.41,0.40,0.42,0.41,0.42,0.42,0.43,10.42,0.42,false
63,0.7934782608695653,0.013370118845500848,0.44,0.42,0.42,0.43,0.43,0.43,0.42,0.43,0.44,0.42,0.43,0.43,0.41,0.42,0.44,0.43,0.42,0.42,0.41,0.42,0.43,0.43,0.42,0.41,0.44,10.64,0.43,false
64,0.7717391304347826,0.013582342954159592,0.40,0.39,0.39,0.40,0.40,0.41,0.39,0.39,0.43,0.40,0.40,0.39,0.40,0.37,0.41,0.40,0.38,0.41,0.39,0.39,0.40,0.38,0.40,0.38,0.40,9.90,0.40,false
65,0.75,0.013794567062818336,0.42,0.41,0.41,0.41,0.41,0.43,0.42,0.43,0.44,0.42,0.44,0.42,0.40,0.41,0.41,0.41,0.41,0.45,0.41,0.42,0.41,0.41,0.43,0.40,0.43,10.46,0.42,false
66,0.7934782608695653,0.01400679117147708,0.42,0.40,0.40,0.42,0.42,0.43,0.41,0.43,0.43,0.42,0.43,0.40,0.43,0.41,0.43,0.40,0.41,0.43,0.42,0.41,0.41,0.40,0.42,0.40,0.41,10.39,0.42,false
67,0.8478260869565221,0.014219015280135824,0.45,0.43,0.43,0.43,0.44,0.45,0.43,0.45,0.45,0.44,0.45,0.44,0.47,0.43,0.46,0.43,0.44,0.45,0.45,0.44,0.45,0.44,0.46,0.42,0.44,11.07,0.44,false
68,0.8913043478260868,0.014431239388794566,0.44,0.41,0.44,0.42,0.43,0.45,0.41,0.43,0.43,0.43,0.42,0.43,0.45,0.43,0.44,0.43,0.41,0.44,0.42,0.43,0.43,0.42,0.44,0.42,0.42,10.72,0.43,false
69,0.8804347826086958,0.01464346349745331,0.40,0.39,0.41,0.41,0.40,0.43,0.40,0.39,0.43,0.41,0.42,0.41,0.41,0.40,0.41,0.39,0.40,0.43,0.40,0.39,0.41,0.39,0.41,0.40,0.38,10.12,0.40,false
70,0.8586956521739132,0.014855687606112054,0.39,0.37,0.39,0.40,0.40,0.43,0.39,0.40,0.42,0.39,0.41,0.40,0.40,0.40,0.39,0.39,0.40,0.42,0.38,0.39,0.41,0.39,0.42,0.40,0.38,9.96,0.40,false
71,0.8260869565217395,0.015067911714770798,0.43,0.43,0.41,0.43,0.43,0.46,0.42,0.43,0.45,0.43,0.45,0.44,0.44,0.42,0.44,0.42,0.43,0.47,0.42,0.42,0.45,0.43,0.45,0.44,0.42,10.86,0.43,false
72,0.7826086956521742,0.015280135823429542,0.42,0.40,0.38,0.41,0.42,0.45,0.41,0.42,0.44,0.40,0.42,0.42,0.42,0.40,0.41,0.41,0.40,0.43,0.42,0.41,0.43,0.42,0.43,0.40,0.40,10.37,0.41,false
73,0.7282608695652174,0.015492359932088286,0.38,0.38,0.38,0.38,0.39,0.39,0.38,0.37,0.40,0.38,0.39,0.39,0.38,0.36,0.38,0.38,0.38,0.39,0.37,0.38,0.39,0.37,0.39,0.38,0.37,9.53,0.38,false
74,0.6739130434782611,0.015704584040747028,0.37,0.36,0.36,0.37,0.37,0.40,0.38,0.36,0.39,0.38,0.38,0.38,0.37,0.36,0.38,0.37,0.39,0.39,0.36,0.37,0.37,0.36,0.37,0.37,0.36,9.32,0.37,false
75,0.6304347826086958,0.015916808149405774,0.38,0.37,0.37,0.38,0.37,0.39,0.37,0.38,0.40,0.38,0.39,0.38,0.37,0.37,0.38,0.39,0.38,0.40,0.38,0.37,0.37,0.37,0.38,0.38,0.37,9.47,0.38,false
76,0.5869565217391305,0.016129032258064516,0.40,0.38,0.39,0.38,0.40,0.42,0.39,0.40,0.42,0.41,0.41,0.39,0.40,0.40,0.39,0.41,0.40,0.43,0.40,0.40,0.41,0.39,0.40,0.40,0.40,10.02,0.40,false
77,0.5434782608695653,0.01634125636672326,0.37,0.37,0.37,0.37,0.37,0.38,0.37,0.38,0.38,0.39,0.38,0.38,0.38,0.37,0.37,0.38,0.37,0.39,0.37,0.37,0.37,0.36,0.39,0.37,0.37,9.37,0.37,false
78,0.5108695652173916,0.016553480475382003,0.38,0.36,0.37,0.38,0.38,0.39,0.38,0.38,0.40,0.39,0.39,0.37,0.39,0.37,0.37,0.38,0.38,0.39,0.38,0.39,0.39,0.37,0.38,0.38,0.38,9.52,0.38,false
79,0.4891304347826089,0.016765704584040746,0.38,0.37,0.36,0.38,0.38,0.41,0.37,0.37,0.40,0.39,0.38,0.37,0.38,0.38,0.38,0.39,0.39,0.40,0.39,0.38,0.39,0.37,0.38,0.37,0.37,9.53,0.38,false
80,0.4673913043478263,0.01697792869269949,0.39,0.37,0.37,0.38,0.38,0.38,0.38,0.38,0.41,0.38,0.39,0.38,0.37,0.37,0.39,0.40,0.38,0.39,0.38,0.37,0.38,0.37,0.38,0.37,0.38,9.52,0.38,false
81,0.4456521739130437,0.017190152801358233,0.38,0.37,0.37,0.38,0.38,0.39,0.39,0.38,0.41,0.40,0.38,0.39,0.38,0.37,0.38,0.39,0.38,0.39,0.38,0.38,0.39,0.37,0.38,0.38,0.39,9.58,0.38,false
82,0.41304347826086946,0.01740237691001698,0.36,0.35,0.35,0.36,0.36,0.36,0.36,0.36,0.39,0.36,0.37,0.37,0.36,0.35,0.36,0.37,0.37,0.37,0.36,0.35,0.36,0.35,0.36,0.35,0.35,9.01,0.36,false
83,0.39130434782608686,0.01761460101867572,0.37,0.36,0.36,0.36,0.36,0.37,0.36,0.36,0.39,0.37,0.37,0.37,0.37,0.36,0.37,0.39,0.37,0.38,0.37,0.37,0.36,0.36,0.37,0.36,0.35,9.18,0.37,false
84,0.35869565217391314,0.017826825127334467,0.38,0.36,0.38,0.37,0.38,0.38,0.37,0.37,0.39,0.37,0.38,0.37,0.37,0.38,0.38,0.39,0.39,0.38,0.39,0.37,0.38,0.37,0.39,0.36,0.37,9.42,0.38,false
85,0.33695652173913054,0.01803904923599321,0.37,0.36,0.37,0.37,0.38,0.38,0.37,0.38,0.39,0.38,0.37,0.38,0.38,0.38,0.36,0.39,0.37,0.38,0.37,0.37,0.38,0.36,0.39,0.36,0.36,9.35,0.37,false
86,0.3043478260869568,0.01825127334465195,0.37,0.36,0.36,0.38,0.37,0.38,0.36,0.38,0.39,0.37,0.37,0.38,0.38,0.37,0.36,0.39,0.38,0.38,0.37,0.37,0.38,0.38,0.38,0.37,0.36,9.34,0.37,false
87,0.27173913043478265,0.018463497453310697,0.37,0.37,0.37,0.38,0.37,0.37,0.37,0.37,0.39,0.38,0.37,0.38,0.37,0.36,0.37,0.37,0.38,0.38,0.38,0.37,0.37,0.37,0.37,0.37,0.36,9.31,0.37,false
88,0.25,0.01867572156196944,0.38,0.38,0.38,0.38,0.37,0.39,0.37,0.38,0.40,0.39,0.38,0.39,0.39,0.38,0.38,0.39,0.37,0.39,0.40,0.38,0.38,0.37,0.37,0.39,0.36,9.54,0.38,false
89,0.2173913043478263,0.018887945670628185,0.38,0.38,0.39,0.39,0.39,0.39,0.38,0.39,0.40,0.39,0.39,0.41,0.38,0.38,0.39,0.39,0.38,0.39,0.39,0.39,0.39,0.39,0.39,0.38,0.37,9.69,0.39,false
90,0.19565217391304368,0.019100169779286927,0.39,0.39,0.39,0.41,0.39,0.39,0.38,0.39,0.40,0.41,0.38,0.41,0.39,0.38,0.40,0.39,0.39,0.40,0.40,0.39,0.39,0.38,0.39,0.40,0.39,9.82,0.39,false
91,0.17391304347826103,0.01931239388794567,0.40,0.39,0.39,0.41,0.38,0.40,0.40,0.39,0.41,0.42,0.39,0.40,0.39,0.38,0.40,0.39,0.40,0.41,0.40,0.40,0.39,0.38,0.40,0.39,0.40,9.91,0.40,false
92,0.1521739130434784,0.019524617996604415,0.39,0.38,0.39,0.42,0.39,0.41,0.40,0.39,0.42,0.42,0.39,0.41,0.39,0.39,0.40,0.41,0.39,0.41,0.40,0.39,0.40,0.39,0.40,0.40,0.41,9.99,0.40,false
93,0.14130434782608686,0.019736842105263157,0.43,0.39,0.40,0.42,0.41,0.42,0.41,0.42,0.44,0.42,0.41,0.43,0.40,0.41,0.42,0.44,0.42,0.42,0.42,0.42,0.43,0.41,0.41,0.41,0.42,10.43,0.42,false
94,0.11956521739130423,0.019949066213921902,0.40,0.40,0.40,0.42,0.40,0.42,0.40,0.40,0.42,0.42,0.40,0.41,0.40,0.39,0.40,0.42,0.39,0.41,0.41,0.39,0.40,0.39,0.41,0.40,0.41,10.11,0.40,false
95,0.10869565217391315,0.020161290322580645,0.40,0.40,0.40,0.42,0.41,0.42,0.40,0.40,0.42,0.41,0.40,0.42,0.41,0.40,0.41,0.43,0.41,0.41,0.42,0.39,0.40,0.39,0.42,0.40,0.41,10.20,0.41,false
96,0.08695652173913052,0.02037351443123939,0.43,0.43,0.44,0.44,0.43,0.42,0.43,0.44,0.46,0.42,0.42,0.45,0.45,0.44,0.45,0.46,0.43,0.43,0.45,0.42,0.45,0.43,0.43,0.44,0.45,10.94,0.44,false
97,0.07608695652173897,0.020585738539898132,0.40,0.42,0.42,0.42,0.41,0.41,0.41,0.42,0.43,0.42,0.41,0.44,0.45,0.41,0.41,0.43,0.41,0.41,0.42,0.40,0.42,0.40,0.43,0.40,0.43,10.43,0.42,false
98,0.05434782608695682,0.020797962648556875,0.39,0.42,0.40,0.42,0.40,0.39,0.40,0.40,0.42,0.40,0.40,0.41,0.40,0.39,0.39,0.41,0.39,0.40,0.39,0.39,0.42,0.39,0.41,0.39,0.42,10.04,0.40,false
99,0.10869565217391315,0.02101018675721562,0.44,0.45,0.43,0.45,0.45,0.42,0.46,0.47,0.46,0.45,0.44,0.48,0.46,0.45,0.45,0.46,0.44,0.44,0.46,0.44,0.44,0.42,0.46,0.44,0.44,11.20,0.45,false
100,0.16304347826086948,0.021222410865874362,0.42,0.42,0.41,0.43,0.43,0.40,0.42,0.42,0.43,0.42,0.42,0.45,0.42,0.42,0.43,0.42,0.42,0.42,0.43,0.42,0.44,0.41,0.43,0.41,0.41,10.55,0.42,false
101,0.19565217391304368,0.021434634974533108,0.42,0.41,0.41,0.42,0.41,0.42,0.43,0.42,0.42,0.42,0.42,0.42,0.42,0.43,0.41,0.41,0.42,0.41,0.42,0.40,0.43,0.41,0.43,0.42,0.41,10.44,0.42,false
102,0.23913043478260892,0.02164685908319185,0.43,0.43,0.41,0.43,0.44,0.41,0.45,0.42,0.44,0.41,0.43,0.43,0.41,0.44,0.43,0.44,0.42,0.43,0.43,0.43,0.44,0.40,0.44,0.43,0.41,10.68,0.43,false
103,0.28260869565217417,0.021859083191850596,0.40,0.41,0.39,0.40,0.42,0.41,0.43,0.41,0.41,0.39,0.41,0.42,0.41,0.41,0.41,0.43,0.40,0.41,0.40,0.41,0.40,0.40,0.42,0.41,0.39,10.20,0.41,false
104,0.3152173913043479,0.022071307300509338,0.42,0.43,0.40,0.42,0.42,0.40,0.43,0.42,0.42,0.41,0.41,0.42,0.41,0.41,0.42,0.43,0.42,0.43,0.41,0.41,0.42,0.41,0.42,0.41,0.40,10.40,0.42,false
105,0.35869565217391314,0.02228353140916808,0.41,0.40,0.40,0.44,0.42,0.40,0.42,0.40,0.41,0.42,0.42,0.42,0.42,0.42,0.42,0.42,0.44,0.42,0.40,0.41,0.42,0.40,0.45,0.42,0.41,10.41,0.42,false
106,0.4021739130434784,0.022495755517826826,0.42,0.41,0.40,0.41,0.42,0.41,0.42,0.41,0.41,0.42,0.42,0.41,0.40,0.42,0.41,0.42,0.43,0.41,0.40,0.40,0.40,0.41,0.40,0.40,0.40,10.26,0.41,false
107,0.4456521739130437,0.022707979626485568,0.41,0.41,0.40,0.43,0.43,0.43,0.43,0.41,0.42,0.42,0.43,0.42,0.41,0.43,0.41,0.42,0.42,0.42,0.42,0.41,0.42,0.40,0.41,0.42,0.42,10.45,0.42,false
108,0.4891304347826089,0.022920203735144314,0.40,0.40,0.39,0.42,0.41,0.41,0.40,0.40,0.40,0.43,0.40,0.40,0.40,0.40,0.40,0.41,0.43,0.39,0.40,0.38,0.40,0.39,0.40,0.41,0.40,10.07,0.40,false
109,0.5326086956521742,0.023132427843803056,0.42,0.40,0.40,0.42,0.40,0.41,0.41,0.41,0.42,0.41,0.41,0.40,0.40,0.41,0.41,0.42,0.41,0.39,0.41,0.39,0.40,0.40,0.41,0.42,0.41,10.19,0.41,false
110,0.5760869565217395,0.0233446519524618,0.42,0.40,0.41,0.42,0.41,0.41,0.41,0.39,0.42,0.40,0.41,0.42,0.40,0.41,0.40,0.42,0.41,0.39,0.41,0.39,0.41,0.39,0.41,0.42,0.41,10.19,0.41,false
111,0.6195652173913042,0.023556876061120544,0.41,0.41,0.40,0.43,0.42,0.41,0.42,0.40,0.42,0.43,0.43,0.41,0.40,0.42,0.42,0.42,0.42,0.41,0.39,0.40,0.43,0.40,0.42,0.42,0.42,10.36,0.41,false
112,0.6521739130434784,0.023769100169779286,0.41,0.40,0.39,0.42,0.43,0.42,0.42,0.40,0.42,0.42,0.42,0.41,0.40,0.41,0.41,0.42,0.42,0.40,0.41,0.39,0.41,0.40,0.39,0.41,0.40,10.23,0.41,false
113,0.6956521739130437,0.02398132427843803,0.41,0.40,0.40,0.43,0.42,0.42,0.42,0.40,0.42,0.43,0.44,0.42,0.39,0.41,0.40,0.43,0.42,0.41,0.41,0.40,0.42,0.40,0.42,0.41,0.41,10.34,0.41,false
114,0.739130434782609,0.024193548387096774,0.42,0.41,0.41,0.42,0.43,0.43,0.43,0.41,0.43,0.41,0.44,0.42,0.41,0.42,0.41,0.41,0.41,0.42,0.40,0.41,0.43,0.42,0.42,0.41,0.42,10.45,0.42,false
115,0.7826086956521742,0.02440577249575552,0.45,0.43,0.42,0.44,0.43,0.44,0.44,0.41,0.44,0.42,0.44,0.42,0.43,0.44,0.44,0.44,0.43,0.43,0.44,0.41,0.43,0.43,0.44,0.42,0.43,10.79,0.43,false
116,0.8260869565217395,0.02461799660441426,0.42,0.39,0.41,0.41,0.42,0.40,0.42,0.41,0.42,0.42,0.42,0.40,0.40,0.40,0.41,0.41,0.41,0.42,0.40,0.39,0.41,0.42,0.41,0.41,0.41,10.24,0.41,false
117,0.8586956521739132,0.024830220713073003,0.41,0.39,0.39,0.40,0.41,0.40,0.42,0.41,0.43,0.42,0.40,0.40,0.40,0.42,0.41,0.41,0.42,0.42,0.40,0.39,0.40,0.41,0.41,0.40,0.40,10.17,0.41,false
118,0.9021739130434784,0.02504244482173175,0.41,0.40,0.39,0.42,0.43,0.40,0.43,0.43,0.44,0.40,0.42,0.41,0.41,0.42,0.41,0.41,0.42,0.42,0.42,0.40,0.41,0.41,0.40,0.42,0.41,10.34,0.41,false
119,0.8804347826086958,0.02525466893039049,0.40,0.39,0.39,0.42,0.42,0.40,0.42,0.41,0.41,0.40,0.40,0.39,0.41,0.40,0.41,0.39,0.40,0.39,0.40,0.39,0.40,0.39,0.39,0.39,0.40,10.01,0.40,false
120,0.8478260869565221,0.025466893039049237,0.40,0.39,0.39,0.42,0.40,0.41,0.39,0.40,0.41,0.40,0.39,0.39,0.40,0.40,0.41,0.38,0.40,0.40,0.39,0.39,0.39,0.39,0.39,0.39,0.39,9.91,0.40,false
121,0.8152173913043479,0.02567911714770798,0.38,0.39,0.37,0.38,0.40,0.39,0.40,0.40,0.40,0.38,0.39,0.40,0.39,0.40,0.40,0.38,0.39,0.39,0.39,0.38,0.39,0.38,0.39,0.38,0.39,9.73,0.39,false
122,0.7717391304347826,0.025891341256366725,0.37,0.38,0.37,0.37,0.38,0.38,0.38,0.38,0.39,0.37,0.39,0.38,0.38,0.39,0.38,0.37,0.37,0.38,0.38,0.36,0.38,0.37,0.37,0.38,0.37,9.42,0.38,false
123,0.739130434782609,0.026103565365025467,0.40,0.39,0.39,0.40,0.41,0.41,0.40,0.39,0.40,0.39,0.40,0.40,0.39,0.41,0.40,0.39,0.38,0.38,0.39,0.38,0.42,0.39,0.40,0.40,0.40,9.91,0.40,false
124,0.6956521739130437,0.02631578947368421,0.43,0.42,0.41,0.42,0.41,0.43,0.43,0.40,0.43,0.41,0.42,0.45,0.42,0.42,0.43,0.41,0.41,0.43,0.43,0.42,0.41,0.42,0.41,0.42,0.41,10.50,0.42,false
125,0.6630434782608695,0.026528013582342955,0.48,0.46,0.51,0.46,0.45,0.45,0.48,0.47,0.46,0.45,0.47,0.50,0.47,0.47,0.48,0.48,0.45,0.48,0.49,0.45,0.48,0.49,0.46,0.46,0.47,11.77,0.47,false
126,0.6195652173913042,0.026740237691001697,0.40,0.39,0.40,0.39,0.41,0.40,0.40,0.40,0.41,0.39,0.41,0.41,0.40,0.40,0.40,0.41,0.40,0.39,0.42,0.40,0.40,0.40,0.39,0.40,0.40,10.02,0.40,false
127,0.5760869565217395,0.026952461799660443,0.41,0.39,0.41,0.42,0.41,0.43,0.40,0.40,0.42,0.41,0.41,0.42,0.39,0.41,0.40,0.41,0.41,0.40,0.40,0.41,0.41,0.40,0.41,0.40,0.42,10.20,0.41,false
128,0.5434782608695653,0.027164685908319185,0.37,0.38,0.38,0.38,0.38,0.40,0.37,0.37,0.39,0.37,0.39,0.38,0.38,0.39,0.38,0.38,0.38,0.38,0.39,0.38,0.39,0.37,0.38,0.38,0.37,9.51,0.38,false
129,0.5,0.02737691001697793,0.40,0.39,0.39,0.41,0.39,0.41,0.39,0.39,0.41,0.38,0.42,0.40,0.39,0.40,0.39,0.41,0.41,0.39,0.41,0.40,0.40,0.37,0.40,0.41,0.39,9.95,0.40,false
130,0.4456521739130437,0.027589134125636672,0.43,0.44,0.44,0.44,0.44,0.46,0.42,0.44,0.44,0.44,0.46,0.43,0.43,0.46,0.43,0.45,0.45,0.44,0.44,0.47,0.46,0.44,0.46,0.43,0.43,11.07,0.44,false
131,0.39130434782608686,0.027801358234295415,0.45,0.45,0.45,0.47,0.45,0.47,0.43,0.45,0.45,0.45,0.47,0.43,0.45,0.46,0.43,0.47,0.46,0.46,0.47,0.49,0.46,0.42,0.45,0.43,0.44,11.31,0.45,false
132,0.33695652173913054,0.02801358234295416,0.50,0.47,0.49,0.48,0.49,0.53,0.50,0.49,0.49,0.49,0.51,0.46,0.51,0.51,0.50,0.50,0.50,0.48,0.48,0.52,0.51,0.48,0.50,0.51,0.49,12.39,0.50,false
133,0.27173913043478265,0.028225806451612902,0.51,0.48,0.51,0.50,0.51,0.52,0.51,0.50,0.47,0.51,0.49,0.48,0.48,0.51,0.51,0.50,0.51,0.48,0.52,0.51,0.53,0.51,0.52,0.50,0.50,12.57,0.50,false
134,0.20652173913043473,0.028438030560271648,0.45,0.45,0.45,0.46,0.47,0.47,0.45,0.46,0.43,0.45,0.46,0.43,0.47,0.48,0.48,0.47,0.45,0.46,0.47,0.48,0.48,0.44,0.48,0.45,0.47,11.51,0.46,false
135,0.14130434782608686,0.02865025466893039,0.46,0.45,0.47,0.48,0.46,0.47,0.48,0.47,0.46,0.45,0.47,0.45,0.48,0.48,0.49,0.47,0.47,0.47,0.49,0.48,0.48,0.48,0.48,0.47,0.47,11.78,0.47,false
136,0.07608695652173897,0.028862478777589132,0.46,0.48,0.46,0.48,0.46,0.48,0.48,0.49,0.45,0.47,0.47,0.46,0.50,0.48,0.48,0.48,0.46,0.49,0.49,0.50,0.49,0.47,0.49,0.47,0.47,11.91,0.48,false
137,0.05434782608695682,0.029074702886247878,0.46,0.46,0.44,0.47,0.46,0.46,0.47,0.46,0.44,0.47,0.45,0.44,0.46,0.47,0.49,0.48,0.46,0.47,0.46,0.47,0.47,0.47,0.46,0.48,0.46,11.58,0.46,false
138,0.0652173913043479,0.02928692699490662,0.49,0.46,0.50,0.51,0.50,0.49,0.50,0.49,0.48,0.49,0.50,0.47,0.49,0.48,0.49,0.49,0.49,0.51,0.49,0.50,0.50,0.50,0.48,0.49,0.51,12.30,0.49,false
139,0.07608695652173897,0.029499151103565366,0.47,0.46,0.47,0.45,0.47,0.47,0.47,0.46,0.46,0.47,0.47,0.45,0.46,0.45,0.45,0.46,0.45,0.48,0.46,0.48,0.49,0.45,0.47,0.47,0.47,11.61,0.46,false
140,0.07608695652173897,0.029711375212224108,0.49,0.49,0.52,0.50,0.50,0.51,0.51,0.51,0.51,0.52,0.48,0.48,0.51,0.51,0.50,0.51,0.51,0.49,0.50,0.51,0.53,0.50,0.50,0.46,0.50,12.55,0.50,false
141,0.07608695652173897,0.029923599320882854,0.47,0.48,0.49,0.48,0.48,0.49,0.48,0.48,0.46,0.46,0.46,0.46,0.48,0.47,0.46,0.49,0.48,0.46,0.48,0.46,0.50,0.47,0.48,0.47,0.48,11.87,0.47,false
142,0.08695652173913052,0.030135823429541596,0.44,0.44,0.43,0.45,0.45,0.46,0.43,0.43,0.42,0.43,0.43,0.41,0.43,0.43,0.44,0.43,0.43,0.44,0.45,0.42,0.45,0.43,0.45,0.45,0.45,10.92,0.44,false
143,0.09782608695652159,0.030348047538200338,0.44,0.42,0.42,0.44,0.43,0.44,0.42,0.42,0.42,0.42,0.42,0.39,0.43,0.42,0.43,0.44,0.42,0.41,0.45,0.43,0.44,0.44,0.42,0.43,0.42,10.66,0.43,false
144,0.09782608695652159,0.030560271646859084,0.43,0.44,0.42,0.45,0.43,0.44,0.45,0.43,0.43,0.42,0.44,0.41,0.46,0.43,0.43,0.45,0.42,0.42,0.44,0.43,0.44,0.42,0.45,0.45,0.43,10.86,0.43,false
145,0.10869565217391315,0.030772495755517826,0.43,0.44,0.41,0.42,0.43,0.41,0.42,0.44,0.42,0.42,0.43,0.41,0.42,0.42,0.42,0.43,0.42,0.40,0.43,0.44,0.43,0.42,0.42,0.43,0.42,10.58,0.42,false
146,0.11956521739130423,0.03098471986417657,0.41,0.43,0.41,0.40,0.43,0.41,0.41,0.41,0.40,0.42,0.41,0.39,0.41,0.41,0.42,0.42,0.40,0.42,0.41,0.42,0.43,0.40,0.42,0.44,0.42,10.35,0.41,false
147,0.1304347826086958,0.031196943972835314,0.43,0.43,0.43,0.42,0.44,0.42,0.41,0.42,0.42,0.41,0.41,0.41,0.41,0.44,0.43,0.42,0.42,0.42,0.44,0.43,0.44,0.42,0.44,0.45,0.43,10.64,0.43,false
148,0.14130434782608686,0.031409168081494056,0.44,0.44,0.43,0.44,0.44,0.43,0.43,0.44,0.43,0.43,0.44,0.43,0.43,0.43,0.45,0.45,0.43,0.45,0.44,0.43,0.45,0.44,0.46,0.43,0.44,10.95,0.44,false
149,0.16304347826086948,0.0316213921901528,0.44,0.45,0.44,0.44,0.43,0.45,0.46,0.44,0.43,0.43,0.45,0.42,0.44,0.44,0.44,0.44,0.42,0.43,0.43,0.45,0.44,0.43,0.46,0.45,0.44,10.99,0.44,false
150,0.17391304347826103,0.03183361629881155,0.44,0.46,0.44,0.46,0.46,0.45,0.45,0.44,0.45,0.44,0.45,0.44,0.44,0.43,0.43,0.45,0.44,0.43,0.45,0.46,0.45,0.45,0.49,0.45,0.47,11.22,0.45,false
151,0.1847826086956521,0.032045840407470286,0.43,0.43,0.42,0.44,0.43,0.43,0.44,0.42,0.43,0.43,0.44,0.42,0.43,0.42,0.43,0.42,0.42,0.42,0.43,0.44,0.45,0.42,0.46,0.43,0.43,10.76,0.43,false
152,0.19565217391304368,0.03225806451612903,0.43,0.42,0.42,0.44,0.43,0.43,0.44,0.42,0.43,0.43,0.43,0.41,0.42,0.46,0.43,0.42,0.42,0.42,0.44,0.45,0.45,0.42,0.46,0.42,0.44,10.78,0.43,false
153,0.2173913043478263,0.03247028862478778,0.40,0.40,0.40,0.39,0.39,0.41,0.39,0.40,0.40,0.38,0.41,0.38,0.38,0.40,0.40,0.40,0.40,0.40,0.40,0.40,0.40,0.39,0.41,0.39,0.41,9.93,0.40,false
154,0.22826086956521738,0.03268251273344652,0.42,0.42,0.41,0.43,0.42,0.43,0.41,0.41,0.42,0.41,0.43,0.41,0.40,0.42,0.41,0.42,0.42,0.41,0.43,0.43,0.43,0.41,0.44,0.40,0.43,10.47,0.42,false
155,0.23913043478260892,0.03289473684210526,0.42,0.41,0.40,0.42,0.42,0.41,0.42,0.43,0.42,0.42,0.44,0.41,0.40,0.45,0.42,0.41,0.43,0.43,0.44,0.44,0.45,0.41,0.43,0.41,0.42,10.56,0.42,false
156,0.2608695652173916,0.03310696095076401,0.38,0.38,0.38,0.38,0.38,0.39,0.39,0.40,0.40,0.39,0.39,0.38,0.38,0.40,0.38,0.40,0.39,0.41,0.40,0.40,0.40,0.39,0.39,0.39,0.40,9.77,0.39,false
157,0.27173913043478265,0.03331918505942275,0.42,0.41,0.40,0.40,0.41,0.42,0.40,0.40,0.45,0.41,0.41,0.41,0.40,0.41,0.43,0.42,0.42,0.42,0.41,0.42,0.42,0.41,0.41,0.41,0.40,10.32,0.41,false
158,0.29347826086956524,0.03353140916808149,0.38,0.36,0.36,0.37,0.37,0.38,0.38,0.38,0.38,0.37,0.38,0.36,0.36,0.38,0.37,0.38,0.37,0.37,0.38,0.38,0.38,0.37,0.36,0.38,0.38,9.33,0.37,false
159,0.3043478260869568,0.03374363327674024,0.37,0.37,0.36,0.38,0.37,0.38,0.37,0.38,0.38,0.37,0.37,0.37,0.36,0.38,0.37,0.39,0.38,0.36,0.37,0.38,0.38,0.36,0.37,0.37,0.39,9.33,0.37,false
160,0.27173913043478265,0.03395585738539898,0.40,0.38,0.39,0.40,0.41,0.42,0.40,0.41,0.41,0.41,0.41,0.40,0.37,0.40,0.39,0.41,0.41,0.40,0.40,0.40,0.41,0.39,0.42,0.39,0.41,10.04,0.40,false
161,0.22826086956521738,0.03416808149405773,0.41,0.39,0.39,0.40,0.40,0.41,0.42,0.41,0.41,0.39,0.41,0.40,0.37,0.40,0.41,0.42,0.40,0.40,0.42,0.41,0.41,0.39,0.42,0.41,0.41,10.11,0.40,false
162,0.23913043478260892,0.03438030560271647,0.38,0.37,0.38,0.39,0.38,0.40,0.38,0.38,0.39,0.39,0.38,0.37,0.38,0.40,0.39,0.41,0.41,0.39,0.39,0.40,0.39,0.39,0.40,0.40,0.37,9.71,0.39,false
163,0.2608695652173916,0.03459252971137521,0.36,0.36,0.38,0.37,0.37,0.37,0.38,0.37,0.38,0.38,0.37,0.38,0.36,0.37,0.38,0.39,0.38,0.38,0.39,0.40,0.38,0.38,0.39,0.37,0.37,9.41,0.38,false
164,0.28260869565217417,0.03480475382003396,0.36,0.36,0.37,0.36,0.36,0.37,0.37,0.36,0.37,0.37,0.37,0.37,0.35,0.36,0.36,0.38,0.37,0.37,0.38,0.37,0.37,0.37,0.37,0.35,0.37,9.16,0.37,false
165,0.3043478260869568,0.0350169779286927,0.37,0.37,0.37,0.37,0.38,0.39,0.37,0.36,0.39,0.38,0.38,0.38,0.37,0.38,0.38,0.38,0.37,0.38,0.38,0.38,0.38,0.37,0.38,0.38,0.38,9.42,0.38,false
166,0.32608695652173947,0.03522920203735144,0.37,0.37,0.37,0.38,0.38,0.39,0.37,0.37,0.39,0.37,0.39,0.37,0.36,0.36,0.37,0.38,0.38,0.36,0.37,0.37,0.37,0.36,0.37,0.37,0.37,9.31,0.37,false
167,0.28260869565217417,0.03544142614601019,0.37,0.36,0.37,0.38,0.39,0.39,0.37,0.37,0.40,0.38,0.39,0.38,0.38,0.40,0.39,0.40,0.40,0.39,0.39,0.40,0.40,0.38,0.39,0.37,0.36,9.60,0.38,false
168,0.27173913043478265,0.035653650254668934,0.44,0.47,0.46,0.47,0.45,0.44,0.46,0.44,0.47,0.47,0.44,0.46,0.44,0.45,0.46,0.47,0.46,0.46,0.47,0.47,0.47,0.43,0.43,0.44,0.46,11.38,0.46,false
169,0.29347826086956524,0.03586587436332767,0.41,0.39,0.40,0.41,0.41,0.42,0.40,0.40,0.42,0.40,0.42,0.43,0.40,0.42,0.42,0.42,0.41,0.41,0.41,0.43,0.42,0.41,0.41,0.40,0.41,10.28,0.41,false
170,0.3152173913043479,0.03607809847198642,0.36,0.36,0.36,0.37,0.36,0.37,0.36,0.36,0.38,0.36,0.38,0.36,0.36,0.36,0.35,0.36,0.37,0.36,0.37,0.36,0.38,0.35,0.38,0.36,0.36,9.10,0.36,false
171,0.32608695652173947,0.036290322580645164,0.37,0.36,0.37,0.37,0.37,0.38,0.37,0.36,0.37,0.35,0.38,0.37,0.36,0.38,0.36,0.37,0.36,0.37,0.38,0.37,0.37,0.36,0.37,0.36,0.36,9.19,0.37,false
172,0.3478260869565216,0.0365025466893039,0.37,0.36,0.36,0.37,0.37,0.36,0.37,0.36,0.38,0.37,0.36,0.37,0.36,0.35,0.35,0.36,0.36,0.36,0.37,0.36,0.37,0.36,0.37,0.36,0.37,9.10,0.36,false
173,0.33695652173913054,0.03671477079796265,0.39,0.38,0.37,0.37,0.36,0.39,0.38,0.37,0.39,0.38,0.36,0.37,0.37,0.36,0.38,0.38,0.37,0.37,0.38,0.38,0.38,0.35,0.38,0.36,0.37,9.34,0.37,false
174,0.3043478260869568,0.036926994906621394,0.38,0.37,0.36,0.37,0.37,0.39,0.38,0.37,0.38,0.38,0.39,0.37,0.37,0.38,0.36,0.38,0.38,0.39,0.37,0.37,0.38,0.36,0.38,0.37,0.37,9.37,0.37,false
175,0.3152173913043479,0.03713921901528013,0.39,0.37,0.39,0.39,0.38,0.38,0.39,0.39,0.39,0.38,0.38,0.39,0.36,0.36,0.37,0.39,0.39,0.37,0.39,0.39,0.40,0.38,0.40,0.36,0.38,9.56,0.38,false
176,0.33695652173913054,0.03735144312393888,0.39,0.38,0.39,0.39,0.38,0.39,0.38,0.40,0.39,0.39,0.39,0.38,0.37,0.37,0.38,0.37,0.38,0.38,0.38,0.39,0.40,0.37,0.40,0.37,0.39,9.60,0.38,false
177,0.35869565217391314,0.037563667232597624,0.38,0.37,0.39,0.39,0.39,0.38,0.38,0.38,0.40,0.39,0.38,0.38,0.37,0.38,0.38,0.39,0.38,0.39,0.39,0.40,0.39,0.39,0.40,0.37,0.38,9.62,0.38,false
178,0.39130434782608686,0.03777589134125637,0.40,0.38,0.39,0.39,0.40,0.38,0.38,0.37,0.40,0.38,0.37,0.39,0.37,0.39,0.38,0.38,0.38,0.39,0.39,0.38,0.39,0.37,0.38,0.38,0.38,9.59,0.38,false
179,0.4021739130434784,0.03798811544991511,0.37,0.37,0.39,0.39,0.39,0.38,0.37,0.38,0.39,0.38,0.38,0.37,0.35,0.37,0.36,0.39,0.38,0.39,0.38,0.38,0.36,0.36,0.38,0.35,0.38,9.39,0.38,false
180,0.35869565217391314,0.038200339558573854,0.40,0.39,0.39,0.41,0.39,0.41,0.39,0.39,0.40,0.39,0.40,0.40,0.39,0.38,0.40,0.40,0.39,0.40,0.38,0.40,0.39,0.37,0.40,0.38,0.38,9.82,0.39,false
181,0.3478260869565216,0.0384125636672326,0.37,0.36,0.36,0.38,0.38,0.38,0.38,0.37,0.38,0.38,0.38,0.38,0.37,0.36,0.37,0.38,0.38,0.39,0.38,0.38,0.37,0.37,0.37,0.36,0.37,9.35,0.37,false
182,0.3695652173913042,0.03862478777589134,0.37,0.37,0.38,0.38,0.38,0.37,0.37,0.36,0.40,0.37,0.37,0.38,0.37,0.36,0.37,0.37,0.37,0.38,0.37,0.37,0.37,0.37,0.39,0.37,0.38,9.34,0.37,false
183,0.39130434782608686,0.038837011884550084,0.38,0.37,0.38,0.39,0.38,0.38,0.38,0.39,0.41,0.38,0.38,0.39,0.37,0.37,0.37,0.38,0.38,0.38,0.38,0.37,0.39,0.38,0.39,0.37,0.38,9.52,0.38,false
184,0.42391304347826103,0.03904923599320883,0.39,0.38,0.38,0.39,0.38,0.40,0.38,0.39,0.41,0.38,0.37,0.39,0.38,0.38,0.38,0.38,0.37,0.39,0.38,0.38,0.38,0.37,0.39,0.37,0.38,9.57,0.38,false
185,0.4456521739130437,0.039261460101867575,0.38,0.38,0.39,0.38,0.38,0.38,0.37,0.38,0.39,0.39,0.36,0.40,0.37,0.36,0.37,0.38,0.37,0.38,0.38,0.37,0.37,0.37,0.38,0.38,0.38,9.44,0.38,false
186,0.4347826086956521,0.039473684210526314,0.39,0.41,0.40,0.39,0.39,0.41,0.39,0.40,0.41,0.41,0.38,0.43,0.38,0.39,0.41,0.41,0.40,0.40,0.39,0.37,0.39,0.39,0.40,0.39,0.39,9.92,0.40,false
187,0.4021739130434784,0.03968590831918506,0.40,0.39,0.40,0.40,0.41,0.40,0.40,0.39,0.41,0.40,0.39,0.42,0.38,0.39,0.40,0.40,0.39,0.40,0.40,0.39,0.40,0.39,0.40,0.40,0.39,9.94,0.40,false
188,0.42391304347826103,0.039898132427843805,0.39,0.40,0.39,0.39,0.40,0.39,0.39,0.39,0.41,0.41,0.38,0.40,0.37,0.40,0.39,0.39,0.39,0.39,0.40,0.37,0.40,0.40,0.40,0.39,0.39,9.82,0.39,false
189,0.45652173913043476,0.040110356536502544,0.40,0.41,0.40,0.41,0.41,0.40,0.41,0.40,0.42,0.41,0.40,0.42,0.38,0.40,0.40,0.40,0.40,0.41,0.41,0.38,0.40,0.40,0.41,0.40,0.41,10.09,0.40,false
190,0.4891304347826089,0.04032258064516129,0.40,0.40,0.41,0.42,0.42,0.42,0.41,0.41,0.42,0.43,0.41,0.42,0.40,0.40,0.40,0.40,0.41,0.40,0.43,0.40,0.42,0.40,0.42,0.41,0.41,10.27,0.41,false
191,0.5217391304347826,0.040534804753820035,0.41,0.41,0.40,0.41,0.41,0.42,0.40,0.43,0.41,0.42,0.41,0.42,0.42,0.42,0.41,0.42,0.42,0.42,0.43,0.39,0.42,0.41,0.43,0.41,0.41,10.36,0.41,false
192,0.5434782608695653,0.04074702886247878,0.43,0.42,0.43,0.45,0.42,0.43,0.42,0.42,0.42,0.43,0.42,0.42,0.44,0.42,0.43,0.44,0.44,0.41,0.41,0.45,0.43,0.42,0.44,0.42,0.44,10.70,0.43,false
193,0.5108695652173916,0.04095925297113752,0.38,0.39,0.38,0.39,0.41,0.39,0.38,0.38,0.40,0.39,0.41,0.41,0.40,0.38,0.39,0.39,0.40,0.40,0.40,0.39,0.39,0.38,0.40,0.39,0.40,9.82,0.39,false
194,0.5108695652173916,0.041171477079796265,0.42,0.42,0.42,0.43,0.43,0.41,0.42,0.42,0.43,0.43,0.43,0.42,0.42,0.41,0.43,0.41,0.41,0.42,0.43,0.42,0.42,0.41,0.41,0.41,0.42,10.50,0.42,false
195,0.5543478260869568,0.04138370118845501,0.45,0.43,0.45,0.45,0.42,0.46,0.44,0.44,0.47,0.45,0.46,0.47,0.46,0.44,0.46,0.45,0.45,0.44,0.44,0.45,0.43,0.42,0.45,0.43,0.45,11.16,0.45,false
196,0.5869565217391305,0.04159592529711375,0.41,0.40,0.41,0.41,0.42,0.41,0.41,0.41,0.42,0.41,0.43,0.43,0.41,0.41,0.41,0.41,0.42,0.42,0.43,0.40,0.41,0.40,0.41,0.42,0.41,10.33,0.41,false
197,0.6195652173913042,0.041808149405772495,0.40,0.39,0.39,0.40,0.40,0.39,0.39,0.39,0.41,0.39,0.40,0.41,0.40,0.39,0.39,0.39,0.39,0.40,0.40,0.38,0.39,0.38,0.39,0.40,0.39,9.85,0.39,false
198,0.6630434782608695,0.04202037351443124,0.42,0.42,0.41,0.42,0.43,0.41,0.40,0.41,0.43,0.40,0.41,0.43,0.41,0.42,0.41,0.41,0.41,0.42,0.42,0.40,0.41,0.40,0.40,0.42,0.42,10.34,0.41,false
199,0.6630434782608695,0.042232597623089986,0.41,0.39,0.38,0.42,0.41,0.38,0.39,0.40,0.42,0.39,0.40,0.42,0.40,0.39,0.41,0.42,0.40,0.40,0.40,0.39,0.42,0.39,0.40,0.40,0.41,10.04,0.40,false
200,0.6413043478260868,0.042444821731748725,0.41,0.40,0.42,0.41,0.42,0.40,0.41,0.40,0.42,0.41,0.41,0.42,0.41,0.41,0.41,0.40,0.42,0.41,0.41,0.40,0.41,0.41,0.41,0.42,0.43,10.28,0.41,false
201,0.6739130434782611,0.04265704584040747,0.41,0.42,0.42,0.41,0.42,0.40,0.41,0.42,0.41,0.42,0.40,0.45,0.41,0.40,0.41,0.42,0.42,0.42,0.40,0.40,0.40,0.42,0.42,0.43,0.41,10.35,0.41,false
202,0.7065217391304347,0.042869269949066216,0.43,0.43,0.42,0.42,0.43,0.41,0.43,0.44,0.43,0.43,0.43,0.43,0.41,0.41,0.42,0.41,0.43,0.42,0.42,0.41,0.42,0.42,0.41,0.43,0.43,10.57,0.42,false
203,0.75,0.043081494057724955,0.42,0.42,0.40,0.40,0.43,0.40,0.40,0.42,0.41,0.41,0.41,0.42,0.40,0.40,0.41,0.41,0.42,0.41,0.40,0.40,0.41,0.42,0.40,0.42,0.41,10.25,0.41,false
204,0.7826086956521742,0.0432937181663837,0.42,0.42,0.41,0.41,0.44,0.41,0.43,0.42,0.44,0.42,0.43,0.43,0.41,0.42,0.43,0.41,0.44,0.42,0.42,0.42,0.41,0.42,0.40,0.43,0.43,10.54,0.42,false
205,0.8152173913043479,0.043505942275042446,0.42,0.42,0.41,0.44,0.44,0.42,0.43,0.42,0.43,0.42,0.42,0.43,0.42,0.43,0.43,0.43,0.43,0.43,0.43,0.41,0.43,0.42,0.43,0.43,0.43,10.65,0.43,false
206,0.7934782608695653,0.04371816638370119,0.42,0.42,0.39,0.42,0.43,0.41,0.41,0.42,0.43,0.41,0.42,0.42,0.41,0.41,0.43,0.41,0.42,0.42,0.43,0.41,0.42,0.42,0.41,0.42,0.41,10.42,0.42,false
207,0.8152173913043479,0.04393039049235993,0.44,0.44,0.42,0.43,0.46,0.43,0.44,0.43,0.44,0.44,0.45,0.44,0.43,0.44,0.44,0.43,0.45,0.44,0.45,0.43,0.44,0.43,0.43,0.43,0.44,10.94,0.44,false
208,0.8478260869565221,0.044142614601018676,0.42,0.40,0.40,0.40,0.43,0.40,0.42,0.43,0.42,0.41,0.42,0.43,0.42,0.41,0.42,0.42,0.42,0.42,0.42,0.41,0.41,0.41,0.41,0.41,0.42,10.38,0.42,false
209,0.8913043478260868,0.04435483870967742,0.45,0.45,0.44,0.45,0.47,0.45,0.45,0.44,0.48,0.43,0.44,0.46,0.45,0.43,0.46,0.44,0.45,0.45,0.45,0.44,0.45,0.45,0.44,0.44,0.45,11.21,0.45,false
210,0.8913043478260868,0.04456706281833616,0.49,0.46,0.45,0.48,0.47,0.48,0.45,0.48,0.46,0.46,0.45,0.47,0.46,0.47,0.46,0.44,0.45,0.47,0.45,0.45,0.45,0.47,0.46,0.46,0.46,11.55,0.46,false
211,0.8586956521739132,0.044779286926994906,0.45,0.45,0.43,0.44,0.45,0.44,0.43,0.44,0.45,0.41,0.43,0.43,0.44,0.42,0.44,0.43,0.43,0.43,0.44,0.43,0.45,0.44,0.42,0.42,0.45,10.89,0.44,false
212,0.8260869565217395,0.04499151103565365,0.42,0.40,0.39,0.42,0.41,0.40,0.40,0.39,0.40,0.41,0.40,0.42,0.41,0.40,0.40,0.41,0.39,0.40,0.40,0.40,0.40,0.40,0.40,0.40,0.41,10.08,0.40,false
213,0.7934782608695653,0.0452037351443124,0.40,0.40,0.39,0.39,0.42,0.40,0.42,0.39,0.41,0.40,0.40,0.40,0.39,0.39,0.39,0.38,0.40,0.39,0.40,0.40,0.39,0.39,0.39,0.39,0.40,9.92,0.40,false
214,0.7608695652173916,0.045415959252971136,0.40,0.40,0.39,0.40,0.42,0.40,0.42,0.39,0.41,0.40,0.41,0.40,0.39,0.39,0.39,0.39,0.41,0.39,0.40,0.40,0.40,0.40,0.39,0.40,0.43,10.02,0.40,false
215,0.7282608695652174,0.04562818336162988,0.42,0.41,0.41,0.40,0.42,0.42,0.41,0.41,0.41,0.44,0.43,0.42,0.41,0.40,0.41,0.40,0.42,0.42,0.42,0.41,0.41,0.40,0.41,0.41,0.42,10.34,0.41,false
216,0.6956521739130437,0.04584040747028863,0.41,0.41,0.41,0.41,0.42,0.42,0.41,0.41,0.41,0.42,0.43,0.42,0.41,0.41,0.40,0.40,0.41,0.41,0.41,0.40,0.41,0.41,0.40,0.40,0.43,10.28,0.41,false
217,0.6521739130434784,0.046052631578947366,0.39,0.40,0.39,0.39,0.39,0.41,0.40,0.39,0.40,0.40,0.41,0.40,0.38,0.38,0.39,0.39,0.38,0.41,0.40,0.40,0.39,0.38,0.39,0.38,0.39,9.83,0.39,false
218,0.6195652173913042,0.04626485568760611,0.39,0.40,0.39,0.39,0.39,0.40,0.40,0.38,0.39,0.40,0.39,0.40,0.38,0.39,0.39,0.39,0.38,0.40,0.41,0.39,0.38,0.37,0.38,0.38,0.39,9.75,0.39,false
219,0.5869565217391305,0.04647707979626486,0.42,0.43,0.41,0.41,0.41,0.42,0.42,0.42,0.41,0.40,0.44,0.43,0.39,0.41,0.41,0.41,0.41,0.42,0.42,0.42,0.42,0.40,0.41,0.42,0.44,10.40,0.42,false
220,0.5543478260869568,0.0466893039049236,0.41,0.40,0.42,0.40,0.40,0.41,0.42,0.39,0.43,0.40,0.41,0.42,0.38,0.39,0.41,0.40,0.40,0.41,0.42,0.40,0.40,0.41,0.38,0.40,0.42,10.13,0.41,false
221,0.5217391304347826,0.04690152801358234,0.43,0.45,0.46,0.44,0.44,0.43,0.46,0.46,0.44,0.43,0.46,0.46,0.45,0.45,0.44,0.45,0.44,0.45,0.47,0.46,0.45,0.45,0.44,0.45,0.46,11.22,0.45,false
222,0.47826086956521735,0.04711375212224109,0.41,0.42,0.41,0.41,0.43,0.41,0.42,0.42,0.40,0.38,0.41,0.39,0.41,0.40,0.41,0.40,0.41,0.41,0.41,0.41,0.40,0.41,0.40,0.40,0.42,10.20,0.41,false
223,0.4456521739130437,0.04732597623089983,0.40,0.40,0.39,0.41,0.41,0.40,0.39,0.40,0.39,0.39,0.40,0.38,0.39,0.39,0.41,0.40,0.40,0.39,0.41,0.39,0.39,0.39,0.38,0.39,0.40,9.89,0.40,false
224,0.4021739130434784,0.04753820033955857,0.40,0.39,0.38,0.40,0.39,0.40,0.37,0.39,0.39,0.38,0.40,0.40,0.39,0.40,0.39,0.39,0.40,0.39,0.40,0.40,0.39,0.37,0.40,0.39,0.38,9.78,0.39,false
225,0.35869565217391314,0.04775042444821732,0.41,0.41,0.41,0.42,0.40,0.43,0.40,0.41,0.41,0.41,0.42,0.41,0.40,0.41,0.41,0.42,0.41,0.41,0.41,0.42,0.41,0.39,0.42,0.40,0.40,10.25,0.41,false
226,0.3043478260869568,0.04796264855687606,0.42,0.41,0.43,0.42,0.40,0.45,0.41,0.42,0.42,0.42,0.44,0.43,0.42,0.44,0.45,0.45,0.43,0.44,0.43,0.45,0.43,0.41,0.42,0.43,0.40,10.67,0.43,false
227,0.25,0.0481748726655348,0.41,0.42,0.42,0.42,0.41,0.44,0.41,0.41,0.41,0.43,0.42,0.43,0.41,0.44,0.44,0.42,0.42,0.44,0.41,0.45,0.43,0.40,0.43,0.41,0.41,10.54,0.42,false
228,0.19565217391304368,0.04838709677419355,0.44,0.44,0.43,0.44,0.41,0.46,0.43,0.44,0.44,0.44,0.44,0.43,0.43,0.45,0.45,0.43,0.44,0.44,0.44,0.46,0.44,0.43,0.44,0.46,0.43,10.98,0.44,false
229,0.1304347826086958,0.04859932088285229,0.45,0.46,0.46,0.46,0.45,0.46,0.45,0.44,0.44,0.47,0.47,0.44,0.46,0.47,0.47,0.45,0.45,0.46,0.47,0.47,0.48,0.45,0.48,0.46,0.45,11.47,0.46,false
230,0.07608695652173897,0.04881154499151104,0.46,0.46,0.46,0.46,0.46,0.46,0.43,0.45,0.46,0.46,0.46,0.45,0.49,0.48,0.47,0.47,0.47,0.45,0.47,0.48,0.49,0.46,0.47,0.46,0.46,11.59,0.46,false
231,0.05434782608695682,0.04902376910016978,0.47,0.46,0.47,0.48,0.47,0.47,0.48,0.47,0.47,0.47,0.47,0.45,0.46,0.46,0.46,0.47,0.46,0.46,0.49,0.47,0.49,0.48,0.45,0.47,0.46,11.71,0.47,false
232,0.0652173913043479,0.04923599320882852,0.44,0.44,0.42,0.44,0.45,0.44,0.44,0.47,0.44,0.42,0.44,0.43,0.44,0.43,0.43,0.46,0.44,0.43,0.44,0.44,0.47,0.44,0.43,0.46,0.45,11.03,0.44,false
233,0.07608695652173897,0.04944821731748727,0.47,0.48,0.44,0.48,0.46,0.46,0.48,0.49,0.47,0.46,0.46,0.44,0.45,0.46,0.47,0.48,0.47,0.44,0.46,0.46,0.48,0.44,0.47,0.47,0.45,11.59,0.46,false
234,0.07608695652173897,0.04966044142614601,0.44,0.45,0.43,0.45,0.45,0.46,0.43,0.46,0.44,0.44,0.46,0.42,0.47,0.45,0.46,0.47,0.45,0.43,0.45,0.45,0.47,0.46,0.45,0.44,0.44,11.22,0.45,false
235,0.08695652173913052,0.04987266553480475,0.46,0.47,0.44,0.47,0.45,0.45,0.44,0.46,0.45,0.45,0.45,0.43,0.46,0.45,0.47,0.45,0.46,0.45,0.46,0.43,0.47,0.44,0.46,0.46,0.45,11.33,0.45,false
236,0.08695652173913052,0.0500848896434635,0.48,0.50,0.45,0.50,0.49,0.49,0.46,0.47,0.48,0.47,0.48,0.46,0.49,0.47,0.48,0.48,0.49,0.45,0.48,0.47,0.48,0.48,0.48,0.50,0.47,11.95,0.48,false
237,0.09782608695652159,0.050297113752122244,0.46,0.47,0.45,0.45,0.45,0.46,0.45,0.46,0.44,0.44,0.45,0.44,0.46,0.45,0.45,0.44,0.45,0.44,0.45,0.45,0.46,0.45,0.46,0.48,0.47,11.33,0.45,false
238,0.09782608695652159,0.05050933786078098,0.45,0.49,0.46,0.46,0.45,0.47,0.47,0.46,0.44,0.45,0.44,0.45,0.49,0.49,0.47,0.47,0.46,0.47,0.48,0.47,0.49,0.46,0.48,0.47,0.49,11.68,0.47,false
239,0.09782608695652159,0.05072156196943973,0.42,0.46,0.43,0.44,0.45,0.46,0.44,0.44,0.43,0.43,0.44,0.44,0.47,0.46,0.44,0.46,0.43,0.45,0.44,0.46,0.46,0.44,0.45,0.45,0.45,11.14,0.45,false
240,0.10869565217391315,0.050933786078098474,0.43,0.46,0.43,0.46,0.44,0.44,0.44,0.45,0.43,0.44,0.44,0.43,0.44,0.43,0.45,0.47,0.46,0.44,0.46,0.45,0.46,0.44,0.45,0.46,0.45,11.15,0.45,false
241,0.10869565217391315,0.05114601018675721,0.48,0.50,0.50,0.48,0.49,0.50,0.49,0.48,0.48,0.47,0.49,0.49,0.47,0.50,0.52,0.52,0.49,0.51,0.47,0.50,0.48,0.51,0.48,0.50,0.51,12.31,0.49,false
242,0.10869565217391315,0.05135823429541596,0.51,0.57,0.54,0.55,0.55,0.53,0.53,0.52,0.54,0.52,0.52,0.54,0.50,0.55,0.55,0.53,0.54,0.55,0.55,0.54,0.52,0.53,0.54,0.55,0.55,13.42,0.54,false
243,0.11956521739130423,0.051570458404074704,0.44,0.46,0.43,0.46,0.46,0.45,0.44,0.46,0.44,0.45,0.43,0.43,0.44,0.45,0.46,0.47,0.45,0.44,0.46,0.46,0.45,0.44,0.47,0.47,0.47,11.28,0.45,false
244,0.11956521739130423,0.05178268251273345,0.45,0.47,0.43,0.44,0.46,0.45,0.42,0.44,0.43,0.45,0.43,0.42,0.45,0.45,0.45,0.47,0.44,0.45,0.45,0.46,0.46,0.46,0.47,0.47,0.46,11.23,0.45,false
245,0.1304347826086958,0.05199490662139219,0.43,0.45,0.44,0.44,0.43,0.44,0.45,0.46,0.44,0.44,0.45,0.42,0.43,0.46,0.44,0.45,0.44,0.45,0.44,0.44,0.46,0.45,0.45,0.44,0.45,11.09,0.44,false
246,0.1304347826086958,0.052207130730050934,0.43,0.44,0.44,0.45,0.44,0.45,0.45,0.45,0.44,0.45,0.45,0.44,0.42,0.45,0.46,0.47,0.43,0.46,0.46,0.46,0.46,0.45,0.46,0.45,0.47,11.23,0.45,false
247,0.14130434782608686,0.05241935483870968,0.44,0.45,0.43,0.45,0.45,0.44,0.45,0.44,0.44,0.44,0.45,0.43,0.42,0.44,0.45,0.47,0.45,0.45,0.44,0.45,0.43,0.45,0.46,0.45,0.48,11.15,0.45,false
248,0.1521739130434784,0.05263157894736842,0.45,0.45,0.42,0.45,0.45,0.44,0.43,0.44,0.45,0.44,0.45,0.44,0.43,0.44,0.44,0.45,0.44,0.44,0.45,0.45,0.44,0.44,0.44,0.44,0.44,11.05,0.44,false
249,0.16304347826086948,0.052843803056027164,0.43,0.45,0.44,0.44,0.43,0.45,0.42,0.42,0.46,0.42,0.44,0.44,0.43,0.45,0.44,0.45,0.43,0.44,0.44,0.45,0.44,0.44,0.44,0.45,0.45,10.99,0.44,false
250,0.17391304347826103,0.05305602716468591,0.42,0.42,0.43,0.44,0.44,0.44,0.44,0.43,0.43,0.43,0.45,0.42,0.42,0.41,0.43,0.45,0.42,0.44,0.43,0.45,0.42,0.43,0.43,0.44,0.45,10.81,0.43,false
251,0.19565217391304368,0.053268251273344655,0.40,0.39,0.38,0.41,0.40,0.41,0.39,0.39,0.40,0.40,0.40,0.39,0.38,0.39,0.39,0.41,0.39,0.40,0.40,0.40,0.41,0.39,0.39,0.38,0.39,9.88,0.40,false
252,0.20652173913043473,0.053480475382003394,0.40,0.42,0.40,0.42,0.43,0.43,0.41,0.42,0.43,0.42,0.43,0.42,0.41,0.42,0.42,0.43,0.42,0.42,0.43,0.43,0.42,0.43,0.41,0.42,0.42,10.51,0.42,false
253,0.2173913043478263,0.05369269949066214,0.41,0.41,0.41,0.43,0.42,0.45,0.42,0.42,0.45,0.44,0.44,0.43,0.41,0.43,0.44,0.45,0.44,0.44,0.42,0.41,0.45,0.41,0.43,0.42,0.42,10.70,0.43,false
254,0.16304347826086948,0.053904923599320885,0.41,0.42,0.38,0.40,0.41,0.41,0.40,0.40,0.41,0.40,0.41,0.43,0.40,0.40,0.42,0.42,0.42,0.43,0.40,0.41,0.41,0.39,0.41,0.39,0.39,10.17,0.41,false
255,0.1304347826086958,0.054117147707979624,0.40,0.41,0.38,0.40,0.40,0.41,0.39,0.40,0.41,0.39,0.40,0.40,0.39,0.40,0.41,0.42,0.40,0.41,0.40,0.40,0.40,0.38,0.42,0.38,0.39,9.99,0.40,false
256,0.14130434782608686,0.05432937181663837,0.40,0.41,0.39,0.40,0.39,0.41,0.39,0.40,0.40,0.42,0.40,0.41,0.40,0.40,0.41,0.43,0.41,0.40,0.40,0.41,0.41,0.39,0.42,0.39,0.39,10.08,0.40,false
257,0.16304347826086948,0.054541595925297115,0.41,0.42,0.40,0.41,0.41,0.41,0.40,0.40,0.42,0.43,0.41,0.43,0.41,0.42,0.44,0.45,0.42,0.41,0.42,0.40,0.42,0.41,0.43,0.41,0.40,10.39,0.42,false
258,0.1847826086956521,0.05475382003395586,0.41,0.41,0.41,0.43,0.42,0.43,0.42,0.43,0.41,0.41,0.41,0.42,0.38,0.41,0.41,0.44,0.42,0.42,0.42,0.45,0.42,0.41,0.43,0.42,0.42,10.46,0.42,false
259,0.20652173913043473,0.0549660441426146,0.41,0.40,0.40,0.41,0.42,0.42,0.40,0.41,0.42,0.42,0.42,0.42,0.39,0.41,0.41,0.42,0.41,0.42,0.40,0.43,0.42,0.41,0.42,0.40,0.41,10.30,0.41,false
260,0.2173913043478263,0.055178268251273345,0.37,0.37,0.37,0.38,0.39,0.40,0.36,0.37,0.38,0.40,0.37,0.38,0.36,0.37,0.38,0.40,0.38,0.38,0.37,0.38,0.39,0.36,0.39,0.37,0.38,9.45,0.38,false
261,0.17391304347826103,0.05539049235993209,0.39,0.40,0.38,0.41,0.40,0.41,0.38,0.38,0.41,0.42,0.42,0.40,0.39,0.40,0.40,0.43,0.38,0.40,0.39,0.40,0.40,0.39,0.41,0.39,0.41,9.99,0.40,false
262,0.17391304347826103,0.05560271646859083,0.41,0.44,0.42,0.44,0.43,0.44,0.40,0.42,0.45,0.43,0.45,0.44,0.43,0.45,0.43,0.47,0.44,0.43,0.44,0.44,0.44,0.42,0.43,0.41,0.44,10.84,0.43,false
263,0.19565217391304368,0.055814940577249575,0.39,0.40,0.39,0.41,0.41,0.41,0.39,0.41,0.42,0.41,0.41,0.42,0.41,0.41,0.40,0.42,0.41,0.41,0.42,0.41,0.41,0.40,0.41,0.40,0.40,10.18,0.41,false
264,0.2173913043478263,0.05602716468590832,0.39,0.40,0.41,0.40,0.41,0.41,0.39,0.40,0.42,0.40,0.41,0.42,0.39,0.41,0.40,0.42,0.39,0.41,0.41,0.40,0.40,0.39,0.41,0.39,0.40,10.08,0.40,false
265,0.23913043478260892,0.056239388794567066,0.41,0.41,0.41,0.42,0.42,0.43,0.40,0.39,0.43,0.42,0.42,0.42,0.40,0.41,0.40,0.44,0.42,0.41,0.42,0.43,0.42,0.41,0.42,0.42,0.41,10.39,0.42,false
266,0.2608695652173916,0.056451612903225805,0.40,0.40,0.41,0.42,0.42,0.41,0.41,0.39,0.41,0.41,0.40,0.41,0.40,0.39,0.40,0.42,0.41,0.39,0.40,0.42,0.41,0.39,0.40,0.42,0.40,10.14,0.41,false
267,0.23913043478260892,0.05666383701188455,0.40,0.38,0.39,0.40,0.41,0.39,0.39,0.38,0.39,0.38,0.40,0.40,0.39,0.39,0.39,0.40,0.39,0.40,0.39,0.39,0.40,0.38,0.39,0.38,0.38,9.78,0.39,false
268,0.20652173913043473,0.056876061120543296,0.40,0.40,0.39,0.40,0.40,0.41,0.39,0.39,0.40,0.38,0.40,0.41,0.39,0.40,0.39,0.40,0.39,0.41,0.42,0.41,0.41,0.40,0.40,0.39,0.40,9.98,0.40,false
269,0.22826086956521738,0.057088285229202035,0.39,0.39,0.39,0.39,0.39,0.40,0.38,0.39,0.41,0.39,0.40,0.39,0.38,0.38,0.40,0.41,0.39,0.40,0.40,0.42,0.41,0.39,0.39,0.38,0.39,9.85,0.39,false
270,0.25,0.05730050933786078,0.40,0.38,0.38,0.40,0.39,0.39,0.37,0.37,0.40,0.39,0.39,0.38,0.37,0.38,0.38,0.39,0.39,0.38,0.40,0.39,0.40,0.37,0.40,0.38,0.40,9.67,0.39,false
271,0.27173913043478265,0.057512733446519526,0.39,0.38,0.38,0.40,0.39,0.38,0.37,0.39,0.40,0.39,0.38,0.39,0.38,0.38,0.39,0.39,0.38,0.37,0.40,0.39,0.39,0.38,0.39,0.38,0.38,9.64,0.39,false
272,0.29347826086956524,0.057724957555178265,0.38,0.38,0.38,0.40,0.39,0.39,0.38,0.39,0.39,0.39,0.38,0.40,0.39,0.39,0.38,0.40,0.39,0.39,0.40,0.40,0.40,0.39,0.40,0.39,0.39,9.76,0.39,false
273,0.29347826086956524,0.05793718166383701,0.39,0.39,0.41,0.41,0.38,0.41,0.39,0.39,0.40,0.41,0.41,0.40,0.39,0.39,0.39,0.40,0.39,0.39,0.39,0.40,0.41,0.40,0.41,0.39,0.39,9.93,0.40,false
274,0.25,0.058149405772495756,0.41,0.41,0.42,0.42,0.41,0.42,0.42,0.40,0.41,0.42,0.41,0.42,0.41,0.40,0.39,0.43,0.40,0.42,0.42,0.41,0.41,0.40,0.40,0.40,0.40,10.26,0.41,false
275,0.25,0.0583616298811545,0.40,0.39,0.39,0.41,0.39,0.40,0.40,0.39,0.41,0.42,0.40,0.41,0.39,0.38,0.39,0.41,0.39,0.41,0.41,0.41,0.41,0.40,0.40,0.38,0.38,9.97,0.40,false
276,0.27173913043478265,0.05857385398981324,0.39,0.38,0.39,0.40,0.38,0.39,0.39,0.39,0.39,0.39,0.39,0.39,0.38,0.39,0.38,0.40,0.39,0.39,0.40,0.39,0.40,0.37,0.38,0.37,0.38,9.69,0.39,false
277,0.28260869565217417,0.058786078098471986,0.40,0.39,0.41,0.41,0.40,0.40,0.40,0.40,0.40,0.41,0.40,0.41,0.40,0.40,0.39,0.42,0.40,0.41,0.43,0.41,0.42,0.40,0.41,0.39,0.41,10.12,0.40,false
278,0.3043478260869568,0.05899830220713073,0.41,0.40,0.42,0.42,0.41,0.42,0.41,0.41,0.42,0.41,0.41,0.42,0.41,0.40,0.41,0.42,0.41,0.41,0.42,0.40,0.43,0.39,0.41,0.39,0.40,10.26,0.41,false
279,0.32608695652173947,0.05921052631578947,0.40,0.40,0.40,0.40,0.41,0.39,0.41,0.39,0.41,0.39,0.39,0.40,0.39,0.37,0.40,0.41,0.40,0.39,0.40,0.39,0.39,0.39,0.40,0.38,0.40,9.90,0.40,false
280,0.29347826086956524,0.059422750424448216,0.40,0.41,0.41,0.42,0.44,0.42,0.41,0.41,0.44,0.41,0.38,0.41,0.41,0.40,0.40,0.43,0.40,0.40,0.42,0.42,0.42,0.41,0.41,0.39,0.38,10.25,0.41,false
281,0.27173913043478265,0.05963497453310696,0.39,0.39,0.40,0.41,0.41,0.40,0.41,0.40,0.43,0.40,0.40,0.42,0.38,0.41,0.39,0.40,0.39,0.38,0.39,0.39,0.40,0.40,0.39,0.40,0.39,9.97,0.40,false
282,0.29347826086956524,0.05984719864176571,0.39,0.42,0.42,0.42,0.41,0.41,0.42,0.43,0.43,0.42,0.40,0.44,0.40,0.41,0.41,0.42,0.41,0.41,0.42,0.41,0.42,0.42,0.41,0.41,0.41,10.37,0.41,false
283,0.32608695652173947,0.060059422750424446,0.42,0.43,0.44,0.42,0.43,0.42,0.44,0.43,0.44,0.44,0.43,0.46,0.41,0.42,0.42,0.42,0.43,0.42,0.43,0.43,0.45,0.44,0.42,0.43,0.43,10.75,0.43,false
284,0.3478260869565216,0.06027164685908319,0.40,0.40,0.40,0.41,0.41,0.40,0.40,0.38,0.41,0.41,0.40,0.43,0.40,0.40,0.39,0.40,0.40,0.41,0.40,0.39,0.40,0.40,0.40,0.40,0.41,10.05,0.40,false
285,0.3804347826086958,0.06048387096774194,0.41,0.43,0.41,0.43,0.42,0.42,0.42,0.41,0.42,0.44,0.41,0.45,0.40,0.41,0.41,0.41,0.41,0.42,0.42,0.42,0.42,0.42,0.42,0.41,0.42,10.46,0.42,false
286,0.4021739130434784,0.060696095076400676,0.41,0.41,0.41,0.44,0.42,0.42,0.41,0.41,0.42,0.44,0.41,0.43,0.40,0.39,0.40,0.41,0.42,0.42,0.39,0.41,0.41,0.40,0.40,0.40,0.40,10.28,0.41,false
287,0.35869565217391314,0.06090831918505942,0.43,0.42,0.43,0.44,0.44,0.43,0.44,0.42,0.44,0.43,0.43,0.42,0.42,0.41,0.41,0.46,0.43,0.44,0.42,0.44,0.42,0.42,0.42,0.41,0.43,10.70,0.43,false
288,0.3804347826086958,0.06112054329371817,0.41,0.45,0.44,0.43,0.44,0.43,0.44,0.42,0.43,0.43,0.44,0.45,0.43,0.43,0.44,0.45,0.44,0.44,0.43,0.41,0.42,0.42,0.44,0.44,0.44,10.84,0.43,false
289,0.41304347826086946,0.06133276740237691,0.43,0.42,0.43,0.43,0.44,0.43,0.44,0.43,0.44,0.43,0.45,0.46,0.43,0.43,0.43,0.44,0.43,0.43,0.42,0.42,0.42,0.41,0.44,0.44,0.45,10.82,0.43,false
290,0.45652173913043476,0.06154499151103565,0.43,0.42,0.41,0.43,0.43,0.42,0.43,0.41,0.44,0.43,0.45,0.44,0.43,0.43,0.43,0.43,0.43,0.43,0.42,0.42,0.42,0.42,0.43,0.44,0.42,10.69,0.43,false
291,0.4891304347826089,0.0617572156196944,0.43,0.42,0.42,0.44,0.43,0.43,0.43,0.42,0.43,0.43,0.45,0.44,0.42,0.42,0.42,0.44,0.42,0.43,0.43,0.42,0.41,0.40,0.45,0.42,0.43,10.68,0.43,false
292,0.5217391304347826,0.06196943972835314,0.41,0.42,0.42,0.42,0.41,0.42,0.40,0.41,0.42,0.42,0.43,0.41,0.42,0.41,0.41,0.42,0.43,0.42,0.42,0.41,0.41,0.41,0.42,0.41,0.41,10.39,0.42,false
293,0.5217391304347826,0.06218166383701188,0.42,0.43,0.44,0.43,0.45,0.44,0.42,0.42,0.45,0.43,0.45,0.44,0.44,0.42,0.43,0.45,0.42,0.45,0.43,0.43,0.43,0.43,0.43,0.43,0.45,10.86,0.43,false
294,0.5108695652173916,0.06239388794567063,0.41,0.42,0.42,0.43,0.44,0.43,0.43,0.42,0.44,0.42,0.44,0.44,0.44,0.43,0.42,0.44,0.44,0.44,0.42,0.43,0.43,0.42,0.42,0.44,0.43,10.74,0.43,false
295,0.5434782608695653,0.06260611205432937,0.43,0.43,0.42,0.44,0.43,0.42,0.43,0.44,0.44,0.43,0.45,0.44,0.43,0.43,0.42,0.43,0.44,0.45,0.43,0.43,0.44,0.43,0.42,0.43,0.44,10.82,0.43,false
296,0.5760869565217395,0.06281833616298811,0.44,0.43,0.43,0.44,0.44,0.45,0.45,0.45,0.45,0.46,0.46,0.44,0.44,0.45,0.42,0.44,0.44,0.45,0.43,0.42,0.44,0.43,0.44,0.43,0.43,11.00,0.44,false
297,0.6195652173913042,0.06303056027164686,0.46,0.45,0.45,0.46,0.45,0.47,0.46,0.45,0.45,0.47,0.47,0.47,0.45,0.44,0.45,0.47,0.47,0.46,0.48,0.45,0.45,0.45,0.47,0.46,0.46,11.47,0.46,false
298,0.6521739130434784,0.0632427843803056,0.62,0.63,0.61,0.63,0.60,0.61,0.63,0.67,0.63,0.62,0.64,0.62,0.62,0.60,0.62,0.61,0.64,0.63,0.60,0.61,0.59,0.62,0.63,0.64,0.58,15.50,0.62,true