num,n_px,ce_px,cs_px,n_p,i_uiip,p_uiip,i_f,p_f,i_uiipu,c_pu_p,p_pu,month_day_hour_min,truth
5,2.07,247.15,0,0.109,196.56,18.5,253,32.12,261.93,0,51.04,0,0
6,2.1,306.77,0,0.11,182.76,18.61,249.93,32.39,259.33,0,51.23,1,0
7,2.13,269.94,0,0.11,194.23,18.5,251.67,32.19,262.67,0,51.03,2,0
8,2.16,307.57,0,0.11,171.88,18.65,248.13,32.48,271.47,0,51.59,3,0
9,2.19,360.82,0,0.109,178.46,18.73,242.07,32.97,313.73,0,52.38,4,0
10,2.23,360.49,0,0.11,153.45,18.61,242.27,32.97,316,0,52.31,5,0
11,2.27,361.25,0,0.109,160.81,18.66,242.73,32.93,325.67,0,52.52,6,0
12,2.31,412.33,0,0.11,159.33,18.5,240.4,33.14,350,0,53.16,7,0
13,2.37,419.17,0,0.11,151.02,18.22,237.93,33.32,366.07,0,53.36,8,0
14,2.42,432.61,0,0.11,140.03,18.18,235.93,33.48,366.27,0,53.47,9,0
15,2.47,413.29,0,0.11,146.49,18.3,235.73,33.52,364.87,0,53.54,10,0
16,2.52,442.81,0,0.11,143.2,18.18,233.93,33.69,364.87,0,53.61,11,0
17,2.58,435.32,0,0.109,136.35,18.29,232.27,33.82,365.87,0,53.69,12,0
18,2.63,428.91,0,0.109,129.39,18.15,231.47,33.89,365.2,0,53.76,13,0
19,2.68,428.93,0,0.11,124.68,18.14,231.53,33.86,364.4,0,53.69,14,0
20,2.74,431.12,0,0.109,130.73,18.04,230.87,33.91,364.2,0,53.78,15,0
21,2.79,437.03,0,0.109,138.08,18.16,229.53,34.03,360.8,0,54.04,16,0
22,2.85,474.36,0,0.109,147.58,18.22,258.73,34.15,358.87,0,54.1,17,0
23,2.91,463.97,0,0.109,131.02,18.24,257.93,34.39,357.2,0,54.24,18,0
24,2.97,472.23,0,0.11,125.07,18.18,257.67,34.44,356.47,0,54.23,19,0
25,3.03,460.56,0,0.11,128.3,18.16,256.53,34.48,356.13,0,54.29,20,0
26,3.08,455.21,0,0.11,123.35,18.18,255.93,34.58,354.87,0,54.4,21,0
27,3.14,446.86,0,0.109,120.56,18.2,259.93,34.23,356.27,0,54.12,22,0
28,3.2,426.83,0,0.109,123.6,18.23,254.47,34.47,355.4,0,54.28,23,0
29,3.25,414.31,0,0.109,135.43,18.63,258.13,34.33,356.27,0,54.18,24,0
30,3.31,432.38,0,0.107,134.2,19.5,258.53,34.31,355.93,0,54.16,25,0
31,3.36,387.31,0,0.106,117.87,19.67,260.47,34.18,337.73,18.93,53.84,26,0
32,3.41,255.63,0,0.106,120.14,19.58,267.73,33.54,214.33,26.67,52.07,27,0
33,3.44,209.45,0,0.109,138.55,19.5,271.53,33.24,194.73,25.24,51.73,28,0
34,3.46,168.49,0,0.109,124.55,19.76,271.8,33.18,186.8,26.04,51.49,29,0
35,3.48,120.46,0,0.11,141.79,19.46,271.93,33.2,165.93,24.87,51.54,30,0
36,3.49,37.81,1.55,0.109,174.91,20.62,271.2,33.2,117.13,25.14,51.43,31,0
37,3.49,0.77,21.71,0.108,180.4,20.57,261.2,33.12,114.6,25.95,51.17,32,0
38,3.48,0,135.16,0.11,193.92,20.64,225.33,32.52,95.27,25.07,50.59,33,0
39,3.45,0,177.52,0.109,211.47,20.47,228.07,32.35,93.73,27.04,50.58,34,0
40,3.42,0,200.43,0.107,208.69,20.65,230.47,32.15,96.33,25.29,50.44,35,0
41,3.38,0,241.42,0.109,226.56,19.84,234.33,31.94,97.73,26.09,50.21,36,0
42,3.34,0,308.64,0.109,237.04,20.43,237.13,31.72,104.67,25.07,49.62,37,0
43,3.3,0,304.39,0.108,238.06,20.65,239.53,31.57,101.47,26.73,49.78,38,0
44,3.25,0,338.83,0.109,265.38,20.67,242.47,31.33,104.87,24.37,49.36,39,0
45,3.19,0,442.41,0.11,246.45,20.71,257.13,30.24,3.53,26.11,48.04,40,0
46,3.12,0,439.09,0.109,254.33,20.71,255.07,30.33,3.47,25.13,48.07,41,0
47,3.06,0,440.73,0.11,254.88,20.69,259.4,30.04,3.13,26.58,47.77,42,0
48,2.99,0,375.71,0.109,271.95,20.7,256.8,30.21,3.2,24.65,47.87,43,0
49,2.92,0,355.27,0.106,263.69,20.71,256.2,30.29,3.4,25.62,48.02,44,0
50,2.86,0,384.41,0.107,259.91,20.72,253.93,30.39,3.47,25.15,48.35,45,0
51,2.79,0,383.16,0.109,241.56,20.65,255.07,30.34,3.6,25.48,48.1,46,0
52,2.73,0,377.6,0.107,250.38,20.67,254.27,30.39,3.53,26.15,48.24,47,0
53,2.67,0,368.19,0.109,257,20.67,253.2,30.49,3.27,26.24,48.2,48,0
54,2.61,0,330.87,0.109,267.64,20.8,249.8,30.71,3.4,25.92,48.35,49,0
55,2.55,0,315,0.11,230.01,20.65,246.53,30.92,3.4,25.1,48.74,50,0
56,2.5,0,328.31,0.109,226.61,20.76,253.27,30.44,3.4,25.05,48.1,51,0
57,2.45,0,304.82,0.108,222.46,20.69,247.2,30.92,3.33,25.61,48.82,52,0
58,2.4,0,275.11,0.109,220.44,20.7,250.47,30.67,3.67,25.19,48.68,53,0
59,2.35,0,186.53,0.106,219.92,20.7,243.13,31.22,81.27,25.82,49.16,54,0
60,2.31,0,160.77,0.107,228.33,20.77,241.8,31.33,111.33,25.7,49.41,55,0
61,2.28,0,157.61,0.108,210.7,20.49,241.47,31.35,109.8,25.43,49.33,56,0
62,2.26,0,153.89,0.107,223.9,20.77,239.4,31.53,108.8,24.77,49.63,57,0
63,2.23,0,135.85,0.107,223.54,20.54,239.27,31.53,106.07,24.61,49.73,58,0
64,2.2,0,122.93,0.11,208.89,20.74,236.2,31.75,105.4,25.45,49.84,59,0
65,2.18,0,95.23,0.109,197.23,20.73,238.8,31.56,105.27,25.07,49.74,60,0
66,2.16,0,78.85,0.109,185.06,20.53,240.8,31.43,105.2,24.95,49.57,61,0
67,2.15,0,48.95,0.108,196.2,20.86,237.47,31.69,102.27,25.78,49.93,62,0
68,2.13,0.58,31.28,0.107,184.05,20.85,237.4,31.74,103.13,25.57,49.73,63,0
69,2.12,1.3,27.83,0.109,172.21,20.65,237.6,31.74,103.73,24.99,49.86,64,0
70,2.11,1.64,30.19,0.108,183.42,20.67,242.53,31.36,104.07,25.23,49.58,65,0
71,2.09,0,53.04,0.109,182.95,20.56,237.73,31.7,104.53,25.14,49.7,66,0
72,2.08,0,62.73,0.109,177.8,20.6,240.93,31.49,105.8,24.34,49.66,67,0
73,2.07,0,78.61,0.109,189.91,20.61,241.8,31.44,105.4,26.29,49.56,68,0
74,2.05,0,76.53,0.108,173.41,20.62,242.67,31.37,104.47,24.86,49.59,69,0
75,2.03,0,95.87,0.107,192.07,20.56,241.4,31.46,107.27,25.97,49.5,70,0
76,2.01,0,80.38,0.108,196.6,20.75,240.67,31.51,105.73,25.21,49.65,71,0
77,1.99,0,82.33,0.108,174.11,20.9,243.4,31.33,106.47,26.13,49.57,72,0
78,1.97,0,72.33,0.109,183.59,20.64,242.2,31.44,105.73,24.72,49.47,73,0
79,1.96,0,47.44,0.11,184.65,20.48,267.87,31.69,95.47,25.38,49.7,74,0
80,1.94,0,73.99,0.109,178.26,20.74,276.2,31.41,94.4,25.26,49.32,75,0
81,1.93,0,88.93,0.107,173.12,20.67,276.33,31.37,95.33,25.49,49.31,76,0
82,1.91,0,71.96,0.109,180.69,21.35,273.4,31.43,94,24.9,49.49,77,0
83,1.9,0,76.48,0.11,185.65,21.5,273.8,31.5,94.33,25.51,49.55,78,0
84,1.88,0,82.56,0.105,184.12,21.77,276.07,31.33,95.13,25.2,49.37,79,0
85,1.86,0,80.59,0.107,177.16,21.76,275.73,31.32,97.13,25.21,49.34,80,0
86,1.84,0,80.53,0.109,178.75,21.62,276,31.32,96.4,25.22,49.35,81,0
87,1.83,0,84.77,0.105,164.44,21.67,261.87,31.18,97.2,25.54,49.29,82,0
88,1.81,108.75,18.19,0.106,162.86,21.68,252.8,31.74,259.13,24.56,51.18,83,0
89,1.81,222.12,0,0.108,196.79,21.8,250.53,31.92,379.53,7.58,52,84,0
90,1.84,253.53,0,0.108,186.74,22.05,249.4,32.01,377.27,0.28,51.95,85,0
91,1.87,241.61,0,0.107,183.86,22.16,248,32.07,342.67,0.07,51.51,86,0
92,1.9,199.41,0,0.107,189.08,22.29,252,31.78,316.53,0,51.28,87,0
93,1.92,245.66,0,0.108,172.92,22.01,247.07,32.21,315.2,0,51.47,88,0
94,1.95,256.27,0,0.108,191.61,22.11,249.07,32.05,318,0,51.59,89,0
95,1.98,316.64,0,0.107,183.29,22.1,241.2,32.62,371.13,0,52.37,90,0
96,2.02,332.43,0,0.107,156.01,21.49,242.6,32.56,369.27,0,52.59,91,0
97,2.06,325.61,0,0.103,151.21,18.7,240.4,32.71,367.6,0,52.66,92,0
98,2.1,338.97,0,0.105,162.11,18.66,240.27,32.73,367.53,0,52.63,93,0
99,2.15,361.35,0,0.109,147.63,18.44,238.93,32.81,366.73,0,52.73,94,0
100,2.19,392.31,0,0.105,141.96,18.18,235.87,33.11,364.53,0,53,95,0
101,2.24,411.8,0,0.107,154.47,17.96,231.4,33.38,362.87,0,53.24,96,0
102,2.29,427.53,0,0.109,151.18,18.01,232.13,33.39,362.07,0,53.35,97,0
103,2.34,438.55,0,0.109,124.51,18.23,230.33,33.51,360.73,0,53.31,98,0
104,2.4,456.11,0,0.109,126.15,18.12,227,33.73,359,0,53.69,99,0
105,2.45,431.23,0,0.109,121.44,18.15,230.2,33.59,359,0,53.59,100,0
106,2.51,427.81,0,0.109,129.15,18.12,225.73,33.9,359.4,0,53.67,101,0
107,2.57,438.57,0,0.108,125.45,18.12,226.87,33.88,357,0,53.78,102,0
108,2.62,454.19,0,0.105,108.25,18.16,226.87,33.95,359.4,0,53.76,103,0
109,2.68,449.75,0,0.107,114.32,18.16,242.4,34.07,357.2,0,54.02,104,0
110,2.74,463.07,0,0.105,120.46,18.13,240.13,34.24,355.87,0,54.1,105,0
111,2.8,452.37,0,0.107,129.17,18.12,238.73,34.36,355.13,0,54.07,106,0
112,2.86,444.15,0,0.105,133.06,18.07,240.27,34.24,357.53,0,53.9,107,0
113,2.92,446.01,0,0.105,123.81,18.16,242.4,34.09,356.13,0,53.82,108,0
114,2.98,461.7,0,0.103,117.2,18.04,237.07,34.48,354,0,54.16,109,0
115,3.03,462.52,0,0.106,118.1,18.1,236.6,34.54,350.13,0,54.35,110,0
116,3.09,467.78,0,0.106,103.49,18.2,237.73,34.48,352.87,0,54.19,111,0
117,3.15,435.04,0,0.103,117.47,17.91,237.67,34.44,336.8,0,54.03,112,0
118,3.21,344.81,0,0.103,123.3,18.17,249.33,34.18,238.67,0,52.97,113,0
119,3.25,315.01,0,0.105,116.1,18.12,266.27,33.78,177.33,0,52.06,114,0
120,3.29,296.04,0,0.109,104.56,18.12,265.73,33.78,177.6,0,52.16,115,0
121,3.33,293.31,0,0.108,114.12,18.13,263.47,33.95,176.73,0,52.32,116,0
122,3.36,310.04,0,0.107,110.28,18.07,264.8,33.83,176.33,0,52.23,117,0
123,3.4,182.78,0,0.107,112.55,18.05,271.47,33.24,91.27,0,51.17,118,0
124,3.42,237.99,0,0.108,122.18,18.99,261.93,33.79,143.4,0,51.84,119,0
125,3.45,215.96,0,0.105,155.08,20.65,263.87,33.46,131.53,0,51.71,120,0
126,3.47,159.28,0,0.108,149.01,20.69,268.27,33.46,86,0,51.31,121,0
127,3.49,121.53,0,0.105,132.72,20.59,271.47,33.2,87.53,18.36,51.31,122,0
128,3.49,102.43,0,0.106,123.99,20.67,269.13,33.35,87.87,25.63,51.41,123,0
129,3.5,79.27,0,0.107,146.48,20.45,272.87,33.05,90.33,26.17,51.18,124,0
130,3.51,28.69,1.11,0.104,159.65,20.48,220,33.28,132.93,24.54,51.5,125,0
131,3.5,3.71,34.25,0.104,185.12,20.48,199.6,33.03,153.27,26.9,51.56,126,0
132,3.49,0,97.18,0.105,215.27,20.54,202.73,32.82,155,25.26,51.09,127,0
133,3.47,0,170.67,0.101,223.2,20.46,211.4,32.31,155.8,25.78,50.86,128,0
134,3.44,0,240.79,0.101,225.32,19.57,214.93,32.07,107.87,24.82,50.13,129,0
135,3.4,0,274.15,0.102,234.84,20.46,222.07,31.64,99.73,26.56,49.84,130,0
136,3.36,0,310.95,0.1,258.71,20.67,223.67,31.55,103.2,25.87,49.61,131,0
137,3.3,0,335.21,0.101,277.96,20.61,230.2,31.1,104.33,25.79,49.29,132,0
138,3.25,0,448.49,0.102,285.47,20.65,242.53,30.21,10.93,25.72,48.02,133,0
139,3.18,0,465.61,0.101,281.63,20.68,244.73,30.05,3.6,25.22,47.73,134,0
140,3.1,0,467.01,0.101,272.34,20.64,245.33,29.99,3.4,25.08,47.47,135,0
141,3.03,0,470.01,0.101,275.56,20.69,247.87,29.79,3.4,23.38,47.41,136,0
142,2.95,0,468.46,0.102,265.94,20.67,246.73,29.86,3.8,21.12,47.39,137,0
143,2.88,0,448.31,0.1,259.49,20.67,246.73,29.87,3.47,23.37,47.63,138,0
144,2.82,0,416.62,0.1,249.22,20.71,245.53,29.93,3.47,25.59,47.79,139,0
145,2.75,0,363.29,0.1,261.53,20.65,243.27,30.16,3.33,25.57,48.18,140,0
146,2.68,0,365.01,0.102,241.84,20.69,239.73,30.37,3.53,25.49,47.97,141,0
147,2.62,0,377.07,0.101,252.22,20.75,239.4,30.4,3.8,25.76,48.12,142,0
148,2.56,0,355.37,0.101,251.37,20.62,240,30.5,3.6,25.71,48.27,143,0
149,2.5,0,333.73,0.101,237.16,20.73,260.53,30.54,3.53,25.69,48.29,144,0
150,2.45,0,331.26,0.1,227.28,20.71,257.73,30.76,3.2,24.95,48.57,145,0
151,2.39,0,348.28,0.103,226.57,20.76,263.13,30.33,3.47,25.46,48.18,146,0
152,2.34,0,311.63,0.101,224.65,20.68,259.67,30.61,3.6,25.01,48.43,147,0
153,2.29,0,292.15,0.101,210.21,20.63,258.47,30.7,3.6,25.61,48.67,148,0
154,2.24,0,275.46,0.101,226.43,20.63,256.6,30.82,3.47,25.51,48.6,149,0
155,2.2,0,266.69,0.101,220,20.66,257.13,30.77,3.47,25.49,48.61,150,0
156,2.15,0,236.59,0.103,217.63,20.72,255.13,30.93,3.2,26.17,48.56,151,0
157,2.11,0,172.93,0.101,220.49,20.71,251.87,31.24,105.33,25.01,49.17,152,0
158,2.08,0,152.19,0.102,218.73,20.67,258.8,31.33,110.87,25.03,49.33,153,0
159,2.05,0,136.91,0.101,208.88,20.64,268.8,31.24,109,25.73,49.4,154,0
160,2.03,0,98.57,0.101,206.39,20.76,266.27,31.41,107.87,25.77,49.52,155,0
161,2.01,0,84.73,0.101,215.67,20.72,267.53,31.29,107.2,25.47,49.37,156,0
162,1.99,0,58.55,0.101,191.12,20.56,266.33,31.38,105.07,25.02,49.51,157,0
163,1.97,0,50.74,0.101,192.39,20.72,264.2,31.48,107.13,25.57,49.61,158,0
164,1.96,0,40.79,0.102,190.52,20.89,263.8,31.53,105.47,25.48,49.61,159,0
165,1.95,0,52.85,0.1,173.53,20.78,264.13,31.5,105.2,24.86,49.52,160,0
166,1.94,0,42.67,0.103,169.57,20.69,263.53,31.52,104.33,25.78,49.62,161,0
167,1.92,0,42.64,0.101,185.35,20.81,265.4,31.39,105.33,25.87,49.54,162,0
168,1.91,2.31,43.35,0.1,179.25,20.67,264.2,31.48,138.07,25.88,50.03,163,0
169,1.9,14.86,8.11,0.1,180.09,20.67,266.47,31.29,205.27,26.61,50.01,164,0
170,1.89,65.64,0,0.102,169.54,20.73,260.13,31.64,271.73,25.1,50.93,165,0
171,1.89,81.73,0,0.102,185.33,20.54,243.13,31.33,316.6,25.25,50.86,166,0
172,1.9,73.97,0,0.1,183.56,20.59,241.87,31.39,316.13,26.01,50.81,167,0
173,1.9,94.91,0,0.101,207.77,20.67,239.2,31.6,315.47,25.22,50.91,168,0
174,1.91,108.9,0,0.101,202.51,21.62,235.73,31.81,315.93,25.46,50.99,169,0
175,1.91,95.92,0,0.103,171.82,21.59,238.13,31.69,317.33,25.4,50.87,170,0
176,1.92,95.97,0,0.1,191.64,21.52,240.87,31.54,314,25.29,50.95,171,0
177,1.93,85.07,0,0.101,183.68,21.67,238.2,31.69,317.27,25.29,50.93,172,0
178,1.93,67.56,0,0.104,187.56,21.49,238.47,31.53,318.6,23.89,50.8,173,0
179,1.93,59.07,0,0.103,178.72,21.73,236.8,31.5,316.93,25.54,50.89,174,0
180,1.94,27.19,2.03,0.106,183.8,21.76,239.93,31.56,318.47,24.56,50.82,175,0
181,1.94,63.61,0.58,0.105,184.4,21.47,240.4,31.53,341.8,26.11,51.16,176,0
182,1.94,107.21,0,0.104,186.06,21.77,238.4,31.71,363.67,24.87,51.53,177,0
183,1.95,112.09,0,0.107,174.3,21.76,239.87,31.6,363.4,25.26,51.49,178,0
184,1.96,132.13,0,0.107,179.1,21.88,238.87,31.69,362.07,25.71,51.55,179,0
185,1.97,218.11,0,0.105,191.49,21.54,276.13,32.26,357.53,4.97,51.89,180,0
186,1.99,251.79,0,0.104,185.55,21.73,287.8,32.22,356.73,0.27,51.96,181,0
187,2.03,291.91,0,0.103,185.35,21.89,285.53,32.44,354,0.06,52.18,182,0
188,2.06,278.25,0,0.106,177.34,21.45,288.33,32.19,355.67,0,51.93,183,0
189,2.09,306.33,0,0.105,187.79,21.74,282.13,32.65,352.73,0,52.27,184,0
190,2.13,318.29,0,0.103,183.85,21.67,282.73,32.56,354.13,0,52.3,185,0
191,2.17,318.71,0,0.102,176.83,21.9,279.07,32.84,353.4,0,52.42,186,0
192,2.21,334.49,0,0.103,157.68,18.95,277.87,32.94,361.27,0,52.73,187,0
193,2.25,331.45,0,0.103,162.17,18.07,276.8,32.99,373.27,0,52.79,188,0
194,2.29,332.95,0,0.105,166.81,18.1,275.73,33.05,372.73,0,52.82,189,0
195,2.33,376.01,0,0.107,160.2,17.98,271.8,33.32,369.73,0,53.14,190,0
196,2.38,409.48,0,0.106,157.89,18.08,267.13,33.71,367,0,53.48,191,0
197,2.44,405.27,0,0.105,196.12,17.96,270.87,33.44,366.93,0,53.26,192,0
198,2.49,421.16,0,0.105,211.96,18.08,265.67,33.8,366.27,0,53.41,193,0
199,2.54,425.21,0,0.105,203.28,18.19,267.67,33.65,362.8,0,53.49,194,0
200,2.6,359.71,0,0.105,192.91,18.01,231.53,33.22,339,0,52.95,195,0
201,2.64,320.27,0,0.104,195.09,18.07,239,33.16,337.87,0,52.71,196,0
202,2.68,322.96,0,0.101,174.16,18.2,239.67,33.12,339,0,52.64,197,0
203,2.72,351.99,0,0.103,183.51,18.12,236.67,33.37,336.47,0,52.88,198,0
204,2.76,340.47,0,0.101,183.17,18.14,238.87,33.24,335.8,0,52.9,199,0
205,2.8,322.48,0,0.104,192.24,18.1,236.4,33.41,336.27,0,53,200,0
206,2.85,318.43,0,0.101,174.58,17.9,239.73,33.22,337.07,0,52.73,201,0
207,2.88,288.65,0,0.104,175.44,18.05,239.13,33.24,338.93,0,52.74,202,0
208,2.92,343.18,0,0.1,161.63,18.18,237.33,33.39,335.13,0,53.03,203,0
209,2.96,328.66,0,0.101,163.17,17.95,237.13,33.4,335,0,53.07,204,0
210,3,330.34,0,0.101,180.54,18.17,237.33,33.4,336,0,53.04,205,0
211,3.04,348.49,0,0.103,159.61,18.05,234.27,33.65,348.47,0,53.31,206,0
212,3.08,361.55,0,0.102,163.25,18.12,231.4,33.88,357.87,0,53.61,207,0
213,3.13,346.45,0,0.104,182.41,18.09,234.07,33.7,360.6,0,53.41,208,0
214,3.17,329.61,0,0.101,192.51,18.19,231.2,33.91,360.87,0,53.51,209,0
215,3.21,351.56,0,0.101,175,18.19,239.4,33.77,357.53,0,53.67,210,0
216,3.26,365.69,0,0.1,173.88,17.95,243.27,33.82,353.8,0,53.72,211,0
217,3.3,352.23,0,0.1,162.85,18.16,240.27,34.02,354.53,0,53.77,212,0
218,3.35,355.47,0,0.101,158.64,18.06,238.6,34.16,355.6,0,53.82,213,0
219,3.39,310.33,0,0.1,156.6,18.22,243.8,33.8,355.93,0,53.56,214,0
220,3.43,285.39,0,0.101,180.71,19.03,240.53,33.73,356.13,0,53.62,215,0
221,3.46,243.11,0,0.101,198.64,21.27,239.8,33.7,361.27,0,53.48,216,0
222,3.49,195.55,0,0.101,201.47,21.27,248.27,33.44,344.13,0,53.04,217,0
223,3.52,27.49,1.97,0.101,200.08,21.15,249,33.35,194.47,17.65,51.63,218,0
224,3.52,0,136.2,0.1,206.25,21.22,252.93,32.69,35.53,26.85,50.54,219,0
225,3.49,0,229.61,0.1,195.65,21.22,247.67,32.48,3.73,25.7,50.24,220,0
226,3.45,0,245.81,0.101,205.34,21.52,251.33,32.21,3.47,26.34,50.14,221,0
227,3.42,0,281.05,0.101,220.49,21.75,255.87,31.86,3.53,25.56,49.54,222,0
228,3.37,0,303.86,0.101,258.03,20.46,260.8,31.4,3.47,25.82,49.29,223,0
229,3.32,0,342.63,0.1,252.49,21.78,252,31.37,3.33,25.8,49.14,224,0
230,3.26,0,341.14,0.101,252.28,21.98,251.33,31.41,3.8,26.27,49.2,225,0
231,3.21,0,357.64,0.1,238.45,21.95,256.2,31.03,3.4,24.26,48.72,226,0
232,3.15,0,358.23,0.102,247.81,21.76,255.67,31.07,3.47,25.57,48.85,227,0
233,3.1,0,367,0.1,283.57,22.03,256.47,30.97,3.8,25.59,48.64,228,0
234,3.04,0,379.29,0.1,263.47,22,256.47,30.97,3.47,26.93,48.54,229,0
235,2.98,0,394.67,0.1,264.94,21.98,261.2,30.62,3.4,25.65,48.29,230,0
236,2.92,0,378.59,0.101,263.92,22,260.27,30.65,3.53,25.12,48.36,231,0
237,2.86,0,368.2,0.1,284.62,21.97,262.47,30.52,3.93,25,48.31,232,0
238,2.8,0,333.42,0.1,276.63,21.93,255.07,31.03,3.67,26,48.87,233,0
239,2.74,0,324.08,0.101,274.25,22.06,258.2,30.82,3.8,25.9,48.9,234,0
240,2.69,0,336.73,0.1,271.83,22,258.33,30.8,3.73,25.78,48.44,235,0
241,2.64,0,317.51,0.1,243.53,22.07,258.93,30.75,3.53,25.66,48.54,236,0
242,2.58,0,254.85,0.1,248.47,21.98,247.33,30.84,3.6,24.88,48.78,237,0
243,2.53,0,284.77,0.1,245.56,21.95,250,30.59,3.67,24.15,48.24,238,0
244,2.47,0,242.63,0.101,251.32,22.27,248.27,30.72,3.53,25.62,48.81,239,0
245,2.42,0,273.44,0.101,222.32,22.25,247.27,30.82,3.53,24.64,48.52,240,0
246,2.37,0,288.2,0.101,213.06,22.15,253.87,30.33,3.33,26.28,48.22,241,0
247,2.32,0,285.35,0.101,238.65,21.8,247.67,30.8,3.47,26.3,48.46,242,0
248,2.27,0,284.48,0.101,222.53,21.77,250.13,30.63,3.53,25.19,48.51,243,0
249,2.21,0,298.55,0.101,220.61,21.62,250,30.61,3.47,25.53,48.24,244,0
250,2.16,0,168.64,0.102,218.32,21.21,253.87,31.12,147.53,25.18,49.44,245,0
251,2.13,0,146.47,0.1,208.07,21.28,260.2,31.33,142.87,26.12,49.48,246,0
252,2.1,0,153.83,0.102,199.07,21.18,264.13,31.28,135.8,25.75,49.28,247,0
253,2.07,0,166.85,0.101,213.27,21.12,269.2,30.87,142.93,25.75,48.97,248,0
254,2.04,0,125.15,0.101,207.24,21.29,265.6,31.14,140.53,24.35,49.14,249,0
255,2.01,0,109.71,0.1,196.73,21.39,264.27,31.24,138.4,26.19,49.56,250,0
256,1.99,0,97.37,0.1,195.44,21.26,263.27,31.33,137.47,25.29,49.61,251,0
257,1.96,0,88.29,0.101,191.78,21.18,263.33,31.31,138.87,25.64,49.39,252,0
258,1.95,0,92.55,0.1,184.34,21.13,261.6,31.41,140.2,24.75,49.46,253,0
259,1.93,0,62.59,0.101,182.69,20.9,264.33,31.2,138.47,25.68,49.54,254,0
260,1.91,2.65,26.56,0.1,176.72,20.1,261.33,31.46,138.4,25.33,49.63,255,0
261,1.9,0,57.53,0.1,170.98,20.37,261.6,31.41,136.33,25.76,49.52,256,0
262,1.88,0,43.93,0.1,173.35,20.24,263.53,31.23,137.93,25.73,49.54,257,0
263,1.87,0,43.59,0.1,190.52,20.1,260.07,31.51,138,24.67,49.59,258,0
264,1.86,121.29,15.91,0.101,170.5,20.28,260.53,31.52,278.2,25.25,50.76,259,0
265,1.87,171.49,0,0.101,174.41,20.29,259,31.62,367.47,25.44,51.48,260,0
266,1.88,169.55,0,0.1,178.82,20.29,258.73,31.65,354.33,26.81,51.37,261,0
267,1.9,93.08,0,0.101,178.78,20.1,258.6,31.69,284.13,25.36,50.56,262,0
268,1.91,88.5,0,0.1,167.5,20.26,259.13,31.6,285.27,25.12,50.59,263,0
269,1.91,46.26,0,0.101,177.5,20.01,256.87,31.77,287.67,26.04,50.51,264,0
270,1.91,53.48,0,0.101,184.95,20.14,261.33,31.4,286.13,24.59,50.41,265,0
271,1.91,76.87,0,0.1,176.7,20.1,259.47,31.53,285.53,26.09,50.56,266,0
272,1.92,69.16,0,0.1,180.38,20.24,258.13,31.63,286.73,25.67,50.63,267,0
273,1.92,26.09,1.06,0.1,175.64,20.24,260.2,31.42,288.8,25.76,50.41,268,0
274,1.92,24.11,0,0.1,192.7,20,255.13,31.59,285.33,25.64,50.75,269,0
275,1.91,5.31,12.73,0.101,200.96,20.14,256.33,31.41,288.87,25.98,50.44,270,0
276,1.91,8.49,6.17,0.1,197.07,20.26,258.87,31.58,286.27,26.75,50.54,271,0
277,1.9,5.01,11.09,0.1,192.89,20.24,262.93,31.25,289.87,24.61,50.41,272,0
278,1.89,5.93,9.65,0.101,195.26,19.8,258.07,31.67,287.4,25.24,50.65,273,0
279,1.89,18.18,5.45,0.1,203.78,19.92,257.87,31.65,288.07,25.91,50.66,274,0
280,1.88,48.73,0,0.1,176.62,20.2,258.73,31.59,286.07,25.32,50.63,275,0
281,1.88,87.57,0,0.101,181.37,20.05,254.67,31.87,288.73,5.46,50.66,276,0
282,1.89,105.27,0,0.103,185.74,20.29,258,31.64,286.47,0.27,50.69,277,0
283,1.9,218.07,0,0.101,174.27,20.1,256.6,31.8,350.47,0.06,51.52,278,0
284,1.92,262.25,0,0.101,168.37,20.14,253.47,32.02,352.47,0,51.7,279,0
285,1.94,250.73,0,0.101,186.89,20.38,254,31.98,352.8,0,51.8,280,0
286,1.97,265.77,0,0.101,188.06,20.19,252.93,32.05,350.47,0,51.82,281,0
287,2,308.73,0,0.1,185.04,20.23,247.73,32.48,347.53,0,52.1,282,0
288,2.04,327.05,0,0.1,176.78,20.2,246.6,32.54,345.2,0,52.3,283,0
289,2.07,342.35,0,0.1,147.95,16.71,243.8,32.81,371.27,0,52.76,284,0
290,2.12,352.29,0,0.1,150.5,16.55,241.87,32.95,369.93,0,52.85,285,0
291,2.16,403.13,0,0.101,150.21,16.74,240.27,33.08,368.8,0,53.01,286,0
292,2.21,415.52,0,0.101,137.99,16.62,239.73,33.2,365.4,0,53.23,287,0
293,2.27,431.83,0,0.101,169.53,16.34,233.73,33.6,363.8,0,53.51,288,0
294,2.32,401.05,0,0.1,176.58,16.69,233.2,33.67,365.07,0,53.43,289,0
295,2.37,417.54,0,0.101,169.37,16.7,237.73,33.35,364.33,0,53.33,290,0
296,2.43,433.3,0,0.101,164.05,16.5,232.8,33.74,361.33,0,53.6,291,0
297,2.49,396.51,0,0.1,168.96,16.56,235.8,33.54,366.33,0,53.27,292,0
298,2.53,408.91,0,0.1,156.85,16.6,234.2,33.63,361.73,0,53.46,293,0
299,2.59,409.86,0,0.1,155.6,16.59,233.6,33.69,365.6,0,53.35,294,0
300,2.64,409.33,0,0.1,162.79,16.51,233.13,33.93,361.6,0,53.61,295,0
301,2.69,442.61,0,0.1,147.76,16.53,243.47,33.92,358.53,0,53.77,296,0
302,2.75,469.95,0,0.101,147.62,16.59,240.73,34.13,357.2,0,54.05,297,0
303,2.81,430.85,0,0.1,152.41,16.7,242.2,34.02,358.27,0,53.93,298,0
304,2.86,410.63,0,0.1,131.19,16.67,239.13,34.21,359,0,53.96,299,0
305,2.92,400.61,0,0.1,128.16,16.57,242.6,33.93,362.33,0,53.73,300,0
306,2.97,436.79,0,0.1,115.53,16.93,241.33,34.07,359.4,0,53.97,301,0
307,3.03,432.76,0,0.101,115,17.11,236.07,34.46,359.87,0,54.21,302,0
308,3.08,434.31,0,0.102,124.07,16.8,237.27,34.37,356.8,0,54.22,303,0
309,3.14,463.05,0,0.101,129.13,16.95,258.13,34.59,356,0,54.33,304,0
310,3.2,411.51,0,0.102,130.52,16.65,261.2,34.35,362,0,53.88,305,0
311,3.24,427.48,0,0.1,127.99,16.68,257.87,34.58,358.27,0,54.31,306,0
312,3.3,448.54,0,0.1,127.16,16.67,258.4,34.54,357.13,0,54.25,307,0
313,3.36,409.91,0,0.1,135.22,16.64,262.6,34.22,357.53,0,54.16,308,0
314,3.41,387.54,0,0.101,120.88,16.7,262.07,34.22,360,0,54.09,309,0
315,3.45,345.39,0,0.1,128.61,16.63,262.93,34.17,361.93,0,53.97,310,0
316,3.5,313.17,0,0.1,147.96,17.85,265.13,33.97,363.4,0,53.81,311,0
317,3.54,282.25,0,0.1,167.32,20.01,265.27,33.9,363.4,0,53.66,312,0
318,3.57,239.83,0,0.101,164.43,20.62,259,33.51,367.33,0,53.31,313,0
319,3.6,103.29,1.16,0.1,173.21,20.72,261.4,33.24,258.2,18.5,51.91,314,0
320,3.61,18.23,2.13,0.1,178.59,20.71,260.67,33.27,180.93,24.91,51.76,315,0
321,3.61,0,71.6,0.101,186.89,20.6,263.33,33.07,152.53,25.98,51.31,316,0
322,3.6,0,162.87,0.1,196,20.88,257.33,32.71,130.67,26.1,50.74,317,0
323,3.57,0,246.29,0.1,209.27,20.76,236.47,32.45,84.33,25,50.4,318,0
324,3.53,0,266.78,0.1,223.85,20.08,240.07,32.18,87.8,26.71,50.16,319,0
325,3.49,0,289.59,0.1,229.35,19.65,243.2,31.78,87.87,25.74,49.84,320,0
326,3.45,0,346.88,0.101,222.01,20.6,235.73,31.66,63.33,25.57,49.41,321,0
327,3.39,0,355.9,0.1,238.22,18.86,239.33,31.42,64.67,25.08,49.35,322,0
328,3.34,0,370.41,0.1,244.53,18.77,239.2,31.37,30.13,26.05,49.31,323,0
329,3.28,0,393.23,0.1,264.86,21.21,247.07,30.84,3.2,26.43,48.86,324,0
330,3.22,0,393.67,0.1,287.36,21.2,249.27,30.69,3.33,25.52,48.68,325,0
331,3.15,0,390.81,0.1,290.95,21.32,248.47,30.72,3.8,24.88,48.55,326,0
332,3.09,0,391.21,0.1,291.79,21.25,249.47,30.65,3.4,24.94,48.49,327,0
333,3.03,0,383.9,0.101,283.5,21.18,251,30.53,4.2,26.45,48.35,328,0
334,2.97,0,359.07,0.101,234.76,21.65,251.6,30.5,3.47,24.96,47.96,329,0
335,2.91,0,380.16,0.103,247.35,21.71,237.47,30.62,3.67,24.64,48.24,330,0
336,2.85,0,352.61,0.101,237.04,21.5,237.4,30.63,3.53,25.93,48.43,331,0
337,2.79,0,363.66,0.101,226.02,20.78,239.53,30.49,3.33,24.51,48.08,332,0
338,2.73,0,344.86,0.103,220.32,21.16,235.8,30.76,3.53,26.19,48.54,333,0
339,2.68,0,362.31,0.103,219.22,21.24,239.33,30.51,3.4,25.5,48.38,334,0
340,2.62,0,309.46,0.105,212.98,21.28,233.33,30.94,26.8,24.74,49.16,335,0
341,2.57,0,194,0.101,219.62,21.23,228.6,31.31,109.53,25.79,49.65,336,0
342,2.53,0,223.47,0.105,207.7,20.99,244.8,31.31,101.8,25.29,49.41,337,0
343,2.5,0,193.76,0.105,225.15,20.63,248.67,31.24,97.2,24.64,49.59,338,0
344,2.45,0,220.92,0.101,233.24,20.5,246.13,31.37,98.07,25.89,49.46,339,0
345,2.42,0,227.39,0.103,213.09,21.11,253.47,31.17,95.8,25.2,49.38,340,0
346,2.38,0,224.18,0.102,204.5,21.16,259.93,31.24,97.13,25.46,49.42,341,0
347,2.34,0,228.63,0.104,205.93,21.22,262.93,30.99,92.93,26.38,49.29,342,0
348,2.31,0,207.47,0.105,182.5,20.9,259.67,31.18,100.93,25.03,49.33,343,0
349,2.27,0,206.55,0.108,191.51,20.87,259.6,31.18,103.73,26.45,49.27,344,0
350,2.24,0,165.37,0.105,184.6,20.84,258.2,31.27,103.07,25.78,49.39,345,0
351,2.2,0,175.49,0.101,184.9,20.82,256.8,31.39,102,25.3,49.54,346,0
352,2.17,0,162.61,0.103,186.71,20.68,257.87,31.3,101.67,25.09,49.41,347,0
353,2.15,0,147.95,0.101,186.69,20.86,256.47,31.39,102,26.49,49.39,348,0
354,2.12,0,106.87,0.103,202.82,20.82,256.8,31.35,102.8,24.76,49.55,349,0
355,2.1,0,131.5,0.103,195.18,20.69,258.27,31.23,103.13,25.23,49.36,350,0
356,2.07,0,79.19,0.101,174.55,19.69,253.47,31.59,102.07,24.92,49.46,351,0
357,2.05,0,50.92,0.103,163.52,19.73,254.67,31.5,101.6,25.57,49.67,352,0
358,2.03,0,43.45,0.105,174.77,19.89,258.33,31.2,102.2,25.05,49.38,353,0
359,2.01,0,67.29,0.104,164.85,19.67,253.8,31.58,104.33,25.67,49.47,354,0
360,1.99,0,68.34,0.105,162.23,19.89,255.07,31.48,101.27,25.11,49.67,355,0
361,1.97,0,103.55,0.106,177.49,19.77,258.2,31.21,103.33,27.1,49.32,356,0
362,1.95,0,71.76,0.108,174.45,19.78,256.87,31.35,137.13,25.12,49.48,357,0
363,1.93,0,58.21,0.107,182.18,19.8,257.73,31.27,141.93,24.99,49.5,358,0
364,1.92,0,59.07,0.106,172.76,19.74,253.13,31.61,141.73,26.2,49.91,359,0
365,1.9,0,74.95,0.109,170.63,19.8,258.2,31.18,143.67,24.77,49.39,360,0
366,1.88,0,83.13,0.109,182.89,19.67,258.87,31.12,141.67,25.75,49.54,361,0
367,1.86,0,91.58,0.109,163.79,19.88,253.27,31.55,140.87,24.99,49.82,362,0
368,1.85,0,121.76,0.108,172.66,19.73,258.8,31.1,152.27,25.16,49.37,363,0
369,1.82,22.91,48.47,0.109,187.37,19.66,258.4,31.17,230.4,26.83,50.05,364,0
370,1.81,22.68,6.85,0.109,190.17,19.61,255.13,31.4,283.4,25.45,50.44,365,0
371,1.81,1.83,19.43,0.108,172.03,19.72,256,31.31,282.93,25.81,50.46,366,0
372,1.8,17.55,1.11,0.109,182.15,19.64,255.27,31.33,283.33,25.56,50.48,367,0
373,1.79,3.76,16.55,0.107,188.84,19.57,258.27,31.13,282.6,26.18,50.48,368,0
374,1.78,0.43,25.5,0.107,191.73,19.62,258.67,31.1,285.33,25.64,50.26,369,0
375,1.77,8.87,2.01,0.108,178.97,19.79,251.93,31.58,283.8,25.06,50.54,370,0
376,1.77,28.07,2.17,0.105,182.72,19.74,254.6,31.39,284.53,24.7,50.45,371,0
377,1.76,50.93,0,0.107,183.4,19.69,255.87,31.31,282.87,5.8,50.49,372,0
378,1.76,48.95,0.05,0.104,179.73,19.58,236.6,31.3,284.27,0.28,50.5,373,0
379,1.77,102.81,0,0.106,184.69,19.67,215.93,31.56,282.53,0.07,50.69,374,0
380,1.77,125.92,0,0.103,165.42,19.61,217.4,31.45,285.27,0,50.5,375,0
381,1.79,218.37,0,0.107,180.65,20.51,214.93,31.67,367.33,0,51.73,376,0
382,1.81,279.42,0,0.108,176.96,20.44,211,31.99,377.33,0,52.05,377,0
383,1.84,268.67,0,0.105,176.4,20.64,228.87,32.11,377.33,0,52.18,378,0
384,1.87,304.83,0,0.105,179.37,20.44,243.67,32.41,375.87,0,52.34,379,0
385,1.91,311.75,0,0.103,150.37,17.19,241.87,32.53,375.67,0,52.46,380,0
386,1.95,339.27,0,0.104,150.98,16.78,239.73,32.67,375,0,52.46,381,0
387,1.99,398.35,0,0.105,143.39,16.62,240.33,32.66,372,0,52.72,382,0
388,2.04,382.43,0,0.104,154.63,16.48,236.47,32.9,372.73,0,52.79,383,0
389,2.08,373.01,0,0.103,201.25,15.9,236.4,32.97,371.4,0,52.93,384,0
390,2.13,363.43,0,0.103,244.45,14.33,237.07,32.88,370.93,0,52.72,385,0
391,2.18,388.89,0,0.101,235.1,15.71,237.2,32.95,366.93,0,52.94,386,0
392,2.23,396.75,0,0.103,211.69,16.58,234.33,33.12,367.53,0,53.07,387,0
393,2.28,343.08,0,0.103,211.32,16.24,234.67,33.07,369.53,0,52.82,388,0
394,2.32,362.45,0,0.103,209.15,16.56,237.2,32.94,368,0,52.87,389,0
395,2.37,360.78,0,0.102,210.16,16.63,236.2,33.05,366.73,0,53.02,390,0
396,2.41,374.17,0,0.102,208.67,16.58,231.73,33.31,364.53,0,53.18,391,0
397,2.46,366.46,0,0.103,203.93,16.59,233.73,33.22,365.4,0,53.1,392,0
398,2.51,355.51,0,0.101,190.34,16.34,234.73,33.16,367.87,0,52.96,393,0
399,2.55,320.99,0,0.1,193.07,16.5,236.93,33.01,369.47,0,52.71,394,0
400,2.59,382.48,0,0.103,178.74,16.6,231.07,33.47,363.07,0,53.4,395,0
401,2.64,339.7,0,0.104,159.33,15.59,234,33.22,350.87,0,52.48,396,0
402,2.68,332.28,0,0.103,170.46,15.7,235.07,33.18,366.27,0,52.93,397,0
403,2.73,350.95,0,0.103,153.3,16.56,230.8,33.46,364.6,0,53.26,398,0
404,2.77,370.56,0,0.101,150.47,16.66,230.13,33.59,363.87,0,53.41,399,0
405,2.82,347.99,0,0.103,158.8,16.44,230.67,33.54,366,0,53.39,400,0
406,2.86,360.31,0,0.102,168.18,16.58,249.67,33.86,360,0,53.7,401,0
407,2.91,370.66,0,0.104,170.16,16.59,251.8,33.83,363.87,0,53.59,402,0
408,2.96,387.21,0,0.1,178.8,16.56,244.2,34.39,360.27,0,53.99,403,0
409,3,362.8,0,0.105,172.1,16.5,252.67,33.78,362.27,0,53.62,404,0
410,3.05,351.17,0,0.103,169.51,16.52,252.73,33.76,364.2,0,53.6,405,0
411,3.09,304.49,0,0.101,170.36,16.54,256.13,33.48,362.8,0,53.43,406,0
412,3.13,289.16,0,0.101,167.25,18.09,251.8,33.52,363.2,0,53.47,407,0
413,3.17,271.75,0,0.101,186.51,19.54,252.67,33.4,365.33,0,53.26,408,0
414,3.2,235.82,0,0.103,198.16,20.64,261.13,33.6,358.07,0,53.22,409,0
415,3.23,180.8,0,0.102,177.69,20.75,271.87,33.29,347.27,20.26,52.93,410,0
416,3.25,152.95,0,0.101,204.26,20.37,280.47,32.84,341.13,25.51,52.48,411,0
417,3.27,32.22,33.04,0.101,208.98,20.69,280.13,32.82,224.73,25.1,51.36,412,0
418,3.27,0,72.23,0.101,203.3,21.11,280.27,32.85,186.33,26.14,51.23,413,0
419,3.25,0,192.43,0.101,219.59,21.05,287.8,32.14,102.47,25.83,49.99,414,0
420,3.22,0,286.75,0.1,230.73,20.07,278.8,31.68,2.53,25.19,49.48,415,0
421,3.17,0,358.32,0.1,224.28,20.6,260.53,31.15,2.4,27.23,48.74,416,0
422,3.11,0,368.49,0.1,228.85,20.78,265.13,30.67,2.4,25.24,48.6,417,0
423,3.06,0,374.27,0.101,250.61,21.21,253.07,30.9,2.2,25.06,48.59,418,0
424,3,0,393.67,0.1,243.16,21.16,244.2,30.7,2.47,25.3,48.65,419,0
425,2.93,0,393.86,0.1,270.62,21.27,247.07,30.41,2.2,25.88,48.19,420,0
426,2.87,0,377.5,0.1,243.08,21.17,247.67,30.39,2.6,25.55,48.31,421,0
427,2.81,0,386.99,0.1,247.96,21.14,245.13,30.58,2.4,26.43,48.31,422,0
428,2.75,0,400.8,0.1,249.36,21.24,249.4,30.25,2.73,25,47.9,423,0
429,2.68,0,381.57,0.101,231.87,21.12,247.2,30.41,2.33,25.72,48.27,424,0
430,2.62,0,342.35,0.1,246.77,21.12,245.93,30.52,2.67,25.76,48.38,425,0
431,2.56,0,348.67,0.101,248.56,21.62,245.33,30.56,2.53,25.74,48.43,426,0
432,2.51,0,334.97,0.101,248.98,21.66,247.53,30.41,3.33,25.25,48.23,427,0
433,2.45,0,325.75,0.1,245.64,21.65,246.87,30.48,3.47,25.43,48.44,428,0
434,2.4,0,330.31,0.101,261.96,21.72,246.4,30.46,3.6,24.99,48.34,429,0
435,2.35,0,323.63,0.1,243.85,21.76,246.53,30.47,3.33,26.01,48.4,430,0
436,2.3,0,328.66,0.1,222.3,21.71,246.33,30.48,3.53,25.99,48.37,431,0
437,2.25,0,192.23,0.101,224.43,21.24,234.27,31.37,122.4,24.76,49.44,432,0
438,2.21,0,173.47,0.1,223.05,21.2,236,31.28,132.8,25.07,49.52,433,0
439,2.17,0,178.86,0.1,222.12,21.17,248.73,31.22,111.2,25.59,49.46,434,0
440,2.14,0,206.11,0.1,220.2,21.21,252,30.97,102.13,26.91,49.09,435,0
441,2.11,0,225.65,0.1,214.49,21.29,253.53,30.84,121.8,24.63,48.84,436,0
442,2.07,0,202.12,0.1,217.88,21.24,250.13,31.08,131.47,25.43,49.25,437,0
443,2.04,0,193.93,0.101,210.58,20.93,252.27,30.93,131.33,25.93,49.13,438,0
444,2,0,166.61,0.1,195.96,21.26,249.27,31.14,137.53,25.16,49.5,439,0
445,1.97,0,166.19,0.1,181.08,20.73,250.33,31.05,139.67,24.9,49.29,440,0
446,1.94,0,148.49,0.1,208.86,20.88,251.87,30.96,138.2,24.81,49.21,441,0
447,1.91,0,134.21,0.1,201.73,20.59,251.27,30.98,139.4,25.64,49.17,442,0
448,1.88,0,106.44,0.1,194.03,20.81,251.2,31,138.4,26.48,49.19,443,0
449,1.86,0,118.82,0.1,189.35,20.63,247.53,31.27,101.4,25.01,49.45,444,0
450,1.83,0,127.61,0.1,175.77,20.64,246.87,31.25,101.93,26.07,49.2,445,0
451,1.8,0,128.48,0.1,175.71,20.76,251.8,30.92,99.73,26.01,49.12,446,0
452,1.78,0,133.1,0.1,190.26,20.52,249.8,31.1,98.27,25.86,49.41,447,0
453,1.75,0,135.03,0.1,184.23,20.59,251.93,30.93,100.6,25.38,49.13,448,0
454,1.73,0,148.23,0.1,188.37,20.8,248.87,31.12,102,25.36,49.12,449,0
455,1.7,0,129.05,0.1,186.19,20.62,251.8,30.92,137.33,25.28,49.29,450,0
456,1.67,0,95.81,0.1,179.18,20.69,249.6,31.08,204.27,26.52,49.61,451,0
457,1.65,9.74,15.66,0.1,169.4,20.69,248.33,31.17,280.47,25.7,50.28,452,0
458,1.65,31.55,0.73,0.1,172.46,20.6,246.07,31.39,298.67,25.97,50.59,453,0
459,1.65,71.23,0,0.1,166.33,20.73,247.8,31.22,300.6,25.55,50.41,454,0
460,1.65,96.59,0,0.1,153.63,20.62,249.27,31.12,300.27,24.95,50.47,455,0
461,1.65,77.61,0,0.1,171.52,20.75,249.4,31.12,299.73,25.8,50.53,456,0
462,1.66,96.87,0,0.1,160.5,20.75,245.67,31.41,299.53,25.33,50.58,457,0
463,1.67,122.77,0,0.1,146.65,20.74,249.53,31.1,304.2,25.81,50.4,458,0
464,1.68,157.99,0,0.1,151.6,20.67,243.8,31.53,314.93,25.64,50.88,459,0
465,1.7,114.2,0,0.1,172.84,20.76,246.67,31.33,317.33,25.04,50.7,460,0
466,1.7,116.42,0,0.1,174.74,20.59,243.67,31.27,317.67,25.07,50.59,461,0
467,1.72,121.67,0,0.1,187.94,20.71,241.73,31.33,314.53,25.72,50.67,462,0
468,1.73,123.21,0,0.1,165.96,20.69,244.87,31.46,316,25.42,50.8,463,0
469,1.74,95.3,0,0.1,174.17,20.68,244.8,31.44,316.73,25.03,50.62,464,0
470,1.74,106.77,0,0.1,171.3,20.69,242.6,31.67,314.8,26.12,50.88,465,0
471,1.75,69.59,0,0.1,161.36,20.81,247,31.34,316.07,25.95,50.71,466,0
472,1.76,102.23,0,0.101,159.14,20.81,246,31.41,315.13,25.89,50.71,467,0
473,1.77,167.72,0,0.1,169.69,20.7,246.4,31.39,314.13,5.85,50.89,468,0
474,1.78,150.61,0,0.101,194.85,20.5,243.87,31.62,317.2,0.28,50.99,469,0
475,1.8,188.51,0,0.1,165.5,20.86,241.6,31.77,325.27,0.07,51.16,470,0
476,1.82,223.15,0,0.1,159.21,20.67,238.8,32.02,336.47,0,51.66,471,0
477,1.85,241.51,0,0.1,169.59,20.69,238.33,32.01,358.53,0,51.71,472,0
478,1.88,251.06,0,0.1,170.03,20.54,240.2,31.86,381.4,0,51.81,473,0
479,1.9,279.53,0,0.1,170.68,20.19,237.93,32.09,377.93,0,52.27,474,0
480,1.94,284.57,0,0.101,158.35,20.17,236.53,32.18,376.8,0,52.22,475,0
481,1.97,300.16,0,0.1,147.49,16.69,234.73,32.34,375.53,0,52.43,476,0
482,2.01,315.97,0,0.1,130.46,16.46,231.53,32.57,375.47,0,52.59,477,0
483,2.05,339.3,0,0.1,140.28,16.59,230.4,32.63,373.27,0,52.78,478,0
484,2.09,352.61,0,0.1,139.31,16.44,231.53,32.58,373.33,0,52.59,479,0
485,2.13,398.88,0,0.1,140.24,16.61,226.2,32.97,371.87,0,52.99,480,0
486,2.18,358.18,0,0.101,152.23,16.56,225.13,33.01,372.33,0,52.97,481,0
487,2.23,405.68,0,0.1,164.98,16.56,247.73,33.23,367.87,0,53.2,482,0
488,2.28,418.16,0,0.1,145.72,16.63,244.8,33.46,367,0,53.41,483,0
489,2.34,451.2,0,0.1,142.34,16.55,243,33.57,366.6,0,53.45,484,0
490,2.39,407.89,0,0.1,139.44,16.57,245.13,33.44,368.4,0,53.29,485,0
491,2.44,423.37,0,0.101,132.63,16.52,239.73,33.85,365.07,0,53.65,486,0
492,2.5,431.81,0,0.1,133.25,16.56,239.07,33.88,364.4,0,53.77,487,0
493,2.56,461.07,0,0.1,127.49,16.72,239.53,33.91,363.2,0,53.75,488,0
494,2.61,410.69,0,0.1,124.14,16.59,241.6,33.7,367.4,0,53.48,489,0
495,2.67,405.29,0,0.1,127.93,16.63,239.93,33.83,365.73,0,53.63,490,0
496,2.72,438.37,0,0.1,126.05,16.54,237.67,34.02,362.27,0,53.91,491,0
497,2.78,465.51,0,0.1,127.24,16.59,235.93,34.15,360.87,0,54.01,492,0
498,2.83,441.5,0,0.1,125.29,16.7,234.13,34.25,359.53,0,54.1,493,0
499,2.89,423.89,0,0.1,117.13,17.08,238.4,33.95,361.67,0,54.03,494,0
500,2.95,436.24,0,0.1,121.91,16.59,233.73,34.36,359.87,0,54.2,495,0
501,3,431.92,0,0.1,124.02,16.58,244.47,34.3,360.33,0,54.03,496,0
502,3.06,466.01,0,0.1,134.06,16.45,242.47,34.58,357.8,0,54.38,497,0
503,3.11,394.37,0,0.1,135.5,16.62,248.87,34.06,280.27,0,53.35,498,0
504,3.17,301.17,0,0.1,120.97,16.88,254.13,33.65,194.2,0,52.27,499,0
505,3.2,356.25,0,0.1,132.69,16.63,254.6,33.61,194.6,0,52.08,500,0
506,3.24,338.41,0,0.1,129.09,16.59,253.2,33.71,193.87,0,52.24,501,0
507,3.27,307.33,0,0.1,146.73,16.56,259,33.25,195.47,0,51.88,502,0
508,3.3,276.57,0,0.1,149.89,19.61,255.27,33.5,196.87,0,51.75,503,0
509,3.33,276.19,0,0.1,130.54,19.75,253.33,33.67,193.87,0,52.12,504,0
510,3.36,241.56,0,0.1,129.77,19.73,255.93,33.48,170.87,0,51.64,505,0
511,3.38,181.37,0,0.1,125.9,19.59,262.13,32.98,136.93,18.71,51.27,506,0
512,3.4,179.59,0,0.1,127.93,20.48,255.33,33.5,150.93,26.28,51.73,507,0
513,3.41,153.31,0,0.1,127.54,20.63,262.47,32.93,152.07,24.94,51.25,508,0
514,3.42,100.94,0,0.1,140.92,20.67,255.87,33.4,152.07,25.43,51.44,509,0
515,3.42,12.15,4.24,0.1,162.15,20.55,261.07,32.98,112.13,25.44,51.1,510,0
516,3.41,0,70.17,0.1,170.48,21.1,254.4,32.69,91,25.71,50.81,511,0
517,3.39,0,110.54,0.1,190.53,20.98,254.07,32.67,94.27,24.84,50.66,512,0
518,3.37,0,163.61,0.1,210.36,21.03,258.47,32.33,86.87,26.89,50.29,513,0
519,3.33,0,244.07,0.1,217.65,20.97,266.53,31.65,47.73,26.06,49.41,514,0
520,3.29,0,323.65,0.1,236.91,20.86,266.6,31.14,3.53,26.13,49,515,0
521,3.23,0,338.3,0.1,238.6,21.46,260.87,31.2,3.4,25.24,48.99,516,0
522,3.17,0,376.67,0.1,246.95,21.62,266.6,30.59,3.27,24.97,48.52,517,0
523,3.1,0,409.91,0.1,242.25,21.66,260.67,30.2,3.67,25.34,48.06,518,0
524,3.02,0,460.59,0.1,254.18,21.63,246.93,29.61,3.33,26.31,47.44,519,0
525,2.94,0,479.45,0.1,249.91,21.72,247.87,29.37,3.53,26.13,47.41,520,0
526,2.87,0,457.95,0.1,249.16,21.69,246.4,29.48,3.6,23.96,47.28,521,0
527,2.79,0,478.16,0.1,258.95,21.7,246.67,29.47,3.8,26.11,47.38,522,0
528,2.71,0,463.64,0.1,267.13,21.67,247,29.48,3.33,24.66,47.33,523,0
529,2.64,0,452.06,0.1,230.96,21.41,246.4,29.52,3.33,24.71,47.37,524,0
530,2.57,0,413.28,0.1,231.28,21.24,240.67,29.9,29.87,25.85,48.05,525,0
531,2.5,0,327.01,0.1,260.48,21.52,233.2,30.46,114.13,25.44,48.63,526,0
532,2.45,0,306.08,0.1,244.26,21.73,232.13,30.54,106.2,26.17,48.75,527,0
533,2.39,0,290.85,0.1,225.74,21.59,234.4,30.42,107.07,25.13,48.67,528,0
534,2.34,0,268.33,0.1,233.44,21.75,234.6,30.97,117.2,25.11,49.03,529,0
535,2.29,0,228.93,0.1,212.51,21.69,245.4,31.16,137.47,26.01,49.44,530,0
536,2.25,0,167,0.1,210.92,21.71,255.53,31.3,143.33,25.78,49.31,531,0
537,2.22,0,145.35,0.1,206.05,21.61,266.47,31.09,143.53,25.15,49.44,532,0
538,2.19,0,100.6,0.1,186.71,21.1,260.73,31.5,140.53,25.35,49.69,533,0
539,2.16,0,82.33,0.1,188.68,20.62,262,31.41,134,25.15,49.65,534,0
540,2.14,0,88.49,0.1,208.81,20.29,261.13,31.47,106,25.9,49.52,535,0
541,2.11,0,65.83,0.1,183.32,20.15,262.73,31.35,98.73,26,49.54,536,0
542,2.09,0,103.43,0.1,183.82,20.18,262.33,31.38,101.8,25.78,49.46,537,0
543,2.06,0,82.85,0.1,192.06,20.1,262.8,31.35,98.73,25.78,49.55,538,0
544,2.04,0,99.44,0.1,184.45,20.35,261.27,31.46,101.87,25.11,49.46,539,0
545,2.02,0,52.53,0.1,177.23,20.21,262.73,31.33,99.53,24.73,49.41,540,0
546,2,0,47.25,0.1,168.5,19.97,260.93,31.47,99.8,24.87,49.52,541,0
547,1.98,0,54.26,0.1,180.86,20.05,259.6,31.52,100.87,26.03,49.46,542,0
548,1.97,0,48.13,0.1,167.59,20.22,264.6,31.16,101.53,24.51,49.24,543,0
549,1.95,0,20.77,0.1,163.03,20.26,256.47,31.56,98.4,24.95,49.7,544,0
550,1.94,0,50.48,0.1,173.1,20.2,237.27,31.42,101.27,26.16,49.51,545,0
551,1.92,0,46.48,0.1,156.38,20.14,237.73,31.45,101.53,25.98,49.63,546,0
552,1.9,0,58.49,0.1,176.35,20.08,240.8,31.19,104.27,25.19,49.39,547,0
553,1.89,4,39.54,0.1,170.92,20.05,238.67,31.42,132.47,25.7,49.8,548,0
554,1.87,90.77,5.26,0.1,160.78,20.24,238.13,31.5,262,24.74,50.83,549,0
555,1.87,100.93,0,0.1,172.63,19.97,239.13,31.39,295.33,25.09,50.33,550,0
556,1.88,88.54,0,0.1,166.24,20.16,239.2,31.43,287.13,26.55,50.56,551,0
557,1.88,90.53,0,0.1,169.83,20.18,240.73,31.37,284.8,25.28,50.54,552,0
558,1.89,93.13,0,0.1,180.05,20.03,239.33,31.48,285.93,25.44,50.54,553,0
559,1.89,97.33,0,0.1,179.63,20.14,236.07,31.67,286,25.74,50.61,554,0
560,1.9,85.69,0,0.1,188.37,19.85,237.73,31.61,285.6,25.31,50.58,555,0
561,1.9,95.39,0,0.1,191.63,20.18,237.4,31.68,282.73,25.28,50.63,556,0
562,1.91,64.35,0,0.1,177.41,20.12,237.8,31.64,286.93,25.22,50.7,557,0
563,1.91,96.83,0,0.1,173.84,20.19,240.4,31.48,303.2,24.85,50.73,558,0
564,1.91,80.96,0,0.1,181.14,20.14,238,31.66,304.13,26.34,50.88,559,0
565,1.92,98.52,0,0.1,207.47,20.16,241.93,31.44,303.67,25.54,50.8,560,0
566,1.92,80.73,0,0.1,178.49,20.16,240.4,31.51,306.2,25.13,50.65,561,0
567,1.92,77.07,0,0.1,162.7,19.96,243.93,31.26,323.67,26.33,50.74,562,0
568,1.93,126.3,0,0.1,164.09,20.1,258.8,31.78,330.73,25.23,51.29,563,0
569,1.94,203.71,0,0.1,185.28,20.12,258,31.94,357,6.56,51.75,564,0
570,1.96,242.04,0,0.1,179.95,20.03,253.67,32.3,356.8,0.28,51.9,565,0
571,1.99,268.85,0,0.1,171.83,20.18,249.47,32.59,356.33,0.07,51.99,566,0
572,2.02,307.63,0,0.1,171.9,20.03,253.67,32.24,355.53,0,51.95,567,0
573,2.05,305.44,0,0.1,174.08,20.18,250.6,32.51,358.2,0,52.41,568,0
574,2.08,338.2,0,0.1,167.66,20.22,245.27,32.94,377.13,0,52.65,569,0
575,2.12,345.15,0,0.1,169.64,20.24,246.67,32.8,376.13,0,52.65,570,0
576,2.16,355.33,0,0.1,171.96,20.05,268.47,32.91,374.27,0,52.75,571,0
577,2.2,375.49,0,0.1,164.21,16.48,266.53,33.01,372.93,0,52.88,572,0
578,2.25,374.62,0,0.1,157.48,16.61,265.2,33.12,372.73,0,52.9,573,0
579,2.3,388.94,0,0.1,154.7,16.54,261.33,33.4,371.67,0,53.16,574,0
580,2.34,399.69,0,0.1,159.04,16.48,262.07,33.35,370.6,0,53.13,575,0
581,2.4,420,0,0.1,186.13,16.27,259.47,33.53,370.27,0,53.2,576,0
582,2.44,383.19,0,0.1,223.25,16.47,259.67,33.51,370.6,0,53.22,577,0
583,2.49,402.21,0,0.1,205.7,16.73,256.53,33.74,366.8,0,53.44,578,0
584,2.54,434.46,0,0.1,186.71,16.58,259.33,33.52,365.93,0,53.41,579,0
585,2.59,403.84,0,0.1,180.67,16.54,257.93,33.63,365.8,0,53.32,580,0
586,2.65,361.48,0,0.1,203.18,16.46,259.13,33.5,367.2,0,53.27,581,0
587,2.69,368.19,0,0.1,193.78,16.48,257.73,33.6,365.8,0,53.33,582,0
588,2.74,394.72,0,0.1,200.27,16.76,254.27,33.87,362.67,0,53.67,583,0
589,2.79,358.7,0,0.1,210.7,16.48,257.53,33.56,366.2,0,53.26,584,0
590,2.83,354.61,0,0.1,190.62,16.49,257.8,33.56,367.2,0,53.15,585,0
591,2.88,380.37,0,0.1,183.2,16.44,255.53,33.73,364.07,0,53.52,586,0
592,2.92,364.68,0,0.1,176.49,16.59,254.07,33.82,363.67,0,53.59,587,0
593,2.98,382.04,0,0.1,163.97,16.54,252.6,33.95,362.93,0,53.61,588,0
594,3.02,407.89,0,0.1,163.74,16.62,252.4,33.88,361.6,0,53.66,589,0
595,3.07,372.49,0,0.1,147.2,16.59,252.6,33.92,361.93,0,53.69,590,0
596,3.11,390.58,0,0.1,148.09,16.51,252.53,33.97,361.47,0,53.76,591,0
597,3.16,379.48,0,0.1,161.94,16.51,251.87,33.98,362.6,0,53.7,592,0
598,3.2,378.91,0,0.1,169.05,16.56,247.93,34.33,361.2,0,53.98,593,0
599,3.25,218.41,0,0.1,170.33,16.56,258.67,33.42,195.47,0,51.61,594,0
600,3.28,158.87,0,0.1,174.3,16.46,257.87,33.52,126.4,0,51.47,595,0
601,3.29,134.55,0,0.1,187.56,16.48,266.27,32.82,128.13,0,50.98,596,0
602,3.31,198.58,0,0.1,172.01,16.52,264.2,33.03,126.87,0,51.25,597,0
603,3.33,137.05,0,0.1,171.12,17.01,249.27,33.07,127,0,51.34,598,0
604,3.33,81.17,0,0.1,178.39,19.59,231.53,33.16,127.53,0,51.22,599,0
605,3.34,38.19,4.43,0.1,181.65,19.53,233.2,32.99,127.8,0,51.16,600,0
606,3.34,7.09,11.76,0.1,204.39,20.11,239.87,32.92,97.2,0,51.01,601,0
607,3.33,0,54.02,0.1,181.22,20.23,242,32.73,86.93,18.73,50.71,602,0
608,3.31,0,76.49,0.1,178.65,20.1,240.87,32.84,86.33,25.22,50.88,603,0
609,3.29,0,111.63,0.1,208.56,20.56,242.8,32.67,89.87,26.75,50.62,604,0
610,3.27,0,214.49,0.1,213.3,20.73,247,31.97,56.73,25.37,50.01,605,0
611,3.23,0,320.27,0.1,228.17,20.59,240.2,31.3,2.93,24.97,49.44,606,0
612,3.18,0,330.3,0.1,245.8,20.22,239.47,31.31,3.2,27.01,49.16,607,0
613,3.12,0,296.39,0.1,241.09,21.32,241.2,31.21,3.33,25.18,49.17,608,0
614,3.07,0,344.72,0.1,256.19,21.7,244.27,31.01,3.4,27.03,48.99,609,0
615,3.02,0,357.36,0.1,252.16,21.63,247.13,30.8,3.87,24.95,48.51,610,0
616,2.95,0,352.44,0.1,300.05,21.65,246.8,30.85,3.8,25.95,48.68,611,0
617,2.89,0,357.73,0.1,300.29,21.66,249.87,30.59,3.33,25.2,48.33,612,0
618,2.83,0,360.43,0.1,297.73,21.61,251.33,30.47,3.33,25.82,48.32,613,0
619,2.77,0,379.07,0.1,267.5,21.76,254.27,30.23,3.67,25.69,48.01,614,0
620,2.71,0,394.33,0.1,269.75,21.69,254,30.28,3.6,25.12,48.29,615,0
621,2.64,0,374.76,0.1,268.82,21.68,257,30.01,3.73,25.69,47.84,616,0
622,2.58,0,373.17,0.1,273.12,21.67,254,30.27,3.6,26.44,47.93,617,0
623,2.52,0,368.72,0.1,265.21,21.75,251.27,30.45,3.4,25.72,48.22,618,0
624,2.46,0,347.12,0.1,279.99,22.03,251,30.44,3.8,25.46,48.22,619,0
625,2.4,0,340.76,0.1,288.26,22.16,254.6,30.2,4.2,24.63,48.14,620,0
626,2.35,0,312.51,0.1,291.7,22.17,248.93,30.64,3.47,24.86,48.22,621,0
627,2.29,0,355.37,0.1,256.37,22.24,254.87,30.13,3.6,25.79,47.78,622,0
628,2.24,0,308.35,0.1,233.14,21.54,252.8,30.34,4,24.6,47.97,623,0
629,2.18,0,307.01,0.1,230.72,21.18,250.93,30.46,3.67,26.39,48.22,624,0
630,2.13,0,244.39,0.1,252.04,21.14,244.53,30.95,75.4,25.02,48.96,625,0
631,2.09,0,208.67,0.1,230.95,21.1,246.33,30.83,124.73,25.64,48.82,626,0
632,2.05,0,189.58,0.1,225.02,21.16,243.07,31.07,114.47,25.35,49.12,627,0
633,2.02,0,200.04,0.1,212.77,20.9,251.13,30.89,107.87,24.47,48.9,628,0
634,1.98,0,196.47,0.1,223.59,21.03,255.6,31.01,96.53,26.04,48.8,629,0
635,1.94,0,195.95,0.1,210.4,21.44,255.07,31.05,93.73,25.07,48.95,630,0
636,1.91,0,193.68,0.1,223.26,20.74,258.33,30.77,96.6,25.1,48.69,631,0
637,1.87,0,222.09,0.1,212.43,20.65,256.93,30.87,96.87,24.78,48.82,632,0
638,1.83,0,192.08,0.1,221.09,20.48,259.07,30.72,95.47,26.5,48.74,633,0
639,1.8,0,183.35,0.1,198.32,20.76,257.6,30.82,95.13,25.99,48.8,634,0
640,1.76,0,163.24,0.1,191.93,20.84,255.4,30.97,95.6,25.96,48.86,635,0
641,1.74,0,131.26,0.1,185.27,20.68,254.07,31.1,92.27,25.15,49.11,636,0
642,1.71,0,128.86,0.1,206.4,20.33,256.8,30.87,93.93,25.96,48.96,637,0
643,1.69,0,126.03,0.1,214.01,20.66,257.33,30.86,93.67,25.1,48.96,638,0
644,1.66,29.95,88.11,0.1,168.03,20.71,251.07,31.29,171.93,25.84,49.99,639,0
645,1.65,97.8,0,0.1,176.74,20.68,250.67,31.35,309,25.1,50.61,640,0
646,1.66,81.59,0,0.1,208.64,20.65,255.8,30.97,309,25.5,50.4,641,0
647,1.66,83.19,0,0.1,175.06,20.67,250.4,31.4,308.33,25,50.65,642,0
648,1.67,92.16,0,0.1,184.25,20.73,250.73,31.36,308.93,24.58,50.52,643,0
649,1.68,79.19,0,0.1,192.55,20.59,250.93,31.37,310.33,26.3,50.59,644,0
650,1.68,98.87,0,0.1,188.74,20.64,249.47,31.48,308.87,24.9,50.69,645,0
651,1.69,108.27,0,0.1,203.29,20.73,251,31.39,310.07,25.76,50.64,646,0
652,1.7,103.01,0,0.1,177.35,20.73,249,31.52,307.87,26.23,50.68,647,0
653,1.71,86.66,0,0.1,181.62,20.69,251,31.39,310.2,25.59,50.52,648,0
654,1.71,96.25,0,0.1,189.02,20.76,249.2,31.49,311.87,24.83,50.66,649,0
655,1.72,111.73,0,0.1,188.09,20.46,247.47,31.65,340.13,25.06,51.14,650,0
656,1.72,81.25,0,0.1,190.68,20.78,249.4,31.48,354.2,26.31,51.01,651,0
657,1.73,112.18,0,0.1,186.17,20.46,250.33,31.41,352.93,25,51.16,652,0
658,1.74,115.07,0,0.1,191.01,20.66,242.4,31.67,352.93,26.31,51.2,653,0
659,1.74,89.99,0,0.1,188.82,20.73,244.47,31.44,352.87,25.64,51.07,654,0
660,1.75,115.02,0,0.1,205.33,20.52,249.4,31.45,351.07,24.9,51.22,655,0
661,1.76,103.39,0,0.1,185.11,20.54,250.8,31.37,350.6,25.32,51.07,656,0
662,1.77,77.79,0,0.1,181.63,20.85,250.2,31.38,351.07,25.15,51.12,657,0
663,1.77,98.57,0,0.1,215.92,20.35,248.53,31.53,351.2,25,51.06,658,0
664,1.78,130.5,0,0.1,193.15,20.82,251.47,31.33,351.27,26.42,50.98,659,0
665,1.79,138.22,0,0.1,210.1,20.59,249.2,31.49,330.73,4.46,51.08,660,0
666,1.8,167.34,0,0.1,212.44,20.6,245.53,31.8,318.73,0.26,51.13,661,0
667,1.82,189.76,0,0.1,191.07,20.85,248.07,31.58,319.6,0.05,51.04,662,0
668,1.83,179.4,0,0.1,181.39,20.71,247.2,31.66,320.53,0,50.99,663,0
669,1.85,232.01,0,0.1,185.37,20.84,243.47,31.95,317.73,0,51.44,664,0
670,1.87,280.52,0,0.1,167.04,20.66,239.87,32.24,368.07,0,52.22,665,0
671,1.91,341.92,0,0.1,175.49,20.51,238.53,32.34,374.8,0,52.38,666,0
672,1.94,335.21,0,0.1,167.35,19.93,239,32.32,374.27,0,52.32,667,0
673,1.98,365.03,0,0.1,158.74,16.56,235.27,32.59,374.53,0,52.51,668,0
674,2.02,368.15,0,0.1,153.38,16.58,235.8,32.6,372.73,0,52.65,669,0
675,2.06,379,0,0.1,157.47,16.54,233.47,32.78,371.6,0,52.78,670,0
676,2.11,384.69,0,0.1,150.38,16.57,230.4,33,370.47,0,52.89,671,0
677,2.16,424.87,0,0.1,155.72,16.46,228.47,33.16,369.2,0,52.95,672,0
678,2.2,443.97,0,0.1,135.89,16.54,223.6,33.53,367.07,0,53.29,673,0
679,2.26,410.07,0,0.1,146.74,16.59,229.87,33.15,368.6,0,53.1,674,0
680,2.31,433.55,0,0.1,132.82,16.52,222.8,33.61,365.73,0,53.55,675,0
681,2.37,445.85,0,0.1,133.92,16.56,241,33.92,365,0,53.76,676,0
682,2.42,471.17,0,0.1,123.94,16.71,263.87,34.19,363.67,0,53.79,677,0
683,2.49,489.15,0,0.1,131.97,16.58,263.2,34.23,359.8,0,54.06,678,0
684,2.55,486.03,0,0.1,126.46,16.55,262.8,34.31,360,0,54.07,679,0
685,2.61,485.15,0,0.1,120.99,16.6,263.8,34.23,363.8,0,53.93,680,0
686,2.67,475.25,0,0.1,134.14,16.59,264.53,34.17,362.87,0,53.8,681,0
687,2.73,489.34,0,0.1,134.51,16.43,260.13,34.51,359.87,0,54.19,682,0
688,2.79,480.37,0,0.1,123.66,16.9,260,34.5,359.13,0,54.24,683,0
689,2.85,449.84,0,0.1,129.16,16.64,260.4,34.48,360.73,0,54.14,684,0
690,2.91,493.07,0,0.1,118.73,17.03,259.8,34.5,359.27,0,54.27,685,0
691,2.97,471.97,0,0.1,122.21,17.24,261.2,34.39,359.53,0,54.26,686,0
692,3.03,469.19,0,0.1,116.59,17.09,258.87,34.56,357.87,0,54.34,687,0
693,3.09,464.84,0,0.1,138.83,16.71,259,34.58,357.93,0,54.27,688,0
694,3.15,445.31,0,0.1,164.54,16.61,258.07,34.6,348.2,0,54.15,689,0
695,3.21,305.69,0,0.1,144.75,16.56,273.67,33.37,194.8,0,51.89,690,0
696,3.24,311.29,0,0.1,126.53,16.7,270.4,33.57,193.93,0,52.01,691,0
697,3.28,312.51,0,0.1,127.63,16.6,269.2,33.69,192.6,0,52.22,692,0
698,3.32,300.64,0,0.1,131.7,16.54,270.2,33.6,193.6,0,52.02,693,0
699,3.35,286.03,0,0.1,136.7,16.98,266.33,33.55,194.87,0,51.97,694,0
700,3.38,244.3,0,0.1,141.39,19.44,247.8,33.65,193.47,0,52.16,695,0
701,3.41,209.89,0,0.1,144.5,19.68,250.93,33.39,194.13,0,51.63,696,0
702,3.44,164.63,0,0.1,163.83,20.81,254.27,33.12,174,0,51.37,697,0
703,3.45,105.09,0,0.1,139.21,20.92,255.13,33.08,139.2,17.86,51.35,698,0
704,3.46,89.79,0,0.1,161.46,20.62,253.93,33.15,130.73,26.11,51.51,699,0
705,3.47,41.79,0.05,0.1,157.63,20.73,253.33,33.21,132.8,25,51.44,700,0
706,3.46,1.45,25.79,0.1,205.86,20.5,254.6,33.08,121.33,26.65,50.98,701,0
707,3.45,0,205.1,0.1,234.17,20.59,254,32.32,17.47,25.49,49.82,702,0
708,3.42,0,271.66,0.1,242.27,21.65,244.93,32.04,3.4,25.75,49.93,703,0
709,3.37,0,322.59,0.1,261.55,21.67,254,31.35,3.33,25.93,49.29,704,0
710,3.32,0,350.74,0.1,269.32,21.7,258.47,31.04,3.53,26.21,49.01,705,0
711,3.26,0,406.25,0.1,288.11,22.13,257,30.31,3.33,24.98,48.05,706,0
712,3.19,0,379.92,0.1,286.24,22.18,255.8,30.33,3.6,26.71,47.98,707,0
713,3.12,0,380.74,0.1,280.76,21.67,253.27,30.53,3.53,24.58,48.41,708,0
714,3.06,0,419.62,0.1,285.15,21.66,256.27,30.29,3.67,25.93,48.22,709,0
715,2.99,0,432,0.1,310.97,21.78,255.13,30.36,3.47,24.67,48.24,710,0
716,2.92,0,449.03,0.1,321.93,21.39,261.07,29.91,3.53,25.82,47.58,711,0
717,2.85,0,451.87,0.1,320.01,22.61,263.87,29.69,3.4,25.09,47.51,712,0
718,2.78,0,411.52,0.1,307.28,22.76,259.27,30.05,3.4,24.64,47.82,713,0
719,2.71,0,368.93,0.1,304.1,22.24,256.93,30.19,3.6,26.16,47.95,714,0
720,2.64,0,392.02,0.1,289.28,22.16,257.27,30.18,3.53,25.51,47.87,715,0
721,2.58,0,339.93,0.1,279.65,22.19,253.27,30.5,3.73,24.96,48.32,716,0
722,2.52,0,338.41,0.1,267.98,22.03,254.33,30.22,3.67,25,47.96,717,0
723,2.46,0,352.62,0.1,266.31,21.7,249.8,30.3,3.33,26.13,48.14,718,0
724,2.4,0,340.43,0.1,250.08,22.14,253.2,30.03,3.4,25.27,47.85,719,0
725,2.34,0,379.15,0.1,275.26,22.17,254.07,29.94,3.2,24.75,47.8,720,0
726,2.27,0,363.72,0.1,250.29,22.26,249.67,30.31,3.47,25.69,47.86,721,0
727,2.21,0,348.18,0.1,242.24,21.89,250,30.27,3.53,25.86,48.07,722,0
728,2.16,0,343.97,0.1,214.83,21.8,251.8,30.14,3.67,25.53,48,723,0
729,2.1,0,301.71,0.1,225.97,21.69,248.2,30.44,3.73,25.71,48.04,724,0
730,2.05,0,306.33,0.1,229.57,21.69,251.07,30.17,3.67,25.84,47.95,725,0
731,2,0,306.33,0.1,214.35,21.62,251.87,30.1,3.27,24.76,47.86,726,0
732,1.94,0,182.4,0.1,209.09,21.27,241.87,30.89,128.67,26.14,49.12,727,0
733,1.91,0,180.9,0.1,238.21,21.19,243.6,30.8,141.67,24.96,49.09,728,0
734,1.87,0,134.01,0.1,219.21,20.68,244.13,30.77,140.47,26.53,49.06,729,0
735,1.84,0,126.75,0.1,217.04,20.59,242.33,30.88,139.53,24.96,49.15,730,0
736,1.81,0,112.03,0.1,208.47,20.51,243.27,31,136.67,25.13,49.24,731,0
737,1.79,0,108.03,0.1,202.52,20.13,251.2,31.13,136.87,26.08,49.34,732,0
738,1.76,8.73,35.21,0.1,195.85,20.11,249.73,31.27,136.87,25.31,49.68,733,0
739,1.74,0,39.01,0.1,206.83,20.2,249.2,31.32,137.07,25.27,49.47,734,0
740,1.73,0,42.49,0.1,189.05,20.27,249.47,31.27,137.47,25.34,49.48,735,0
741,1.72,12.59,18.71,0.1,205.13,20.06,247.87,31.39,147.8,26.59,49.97,736,0
742,1.71,160.45,0,0.1,203.79,20.18,243.6,31.71,335.27,24.96,51.21,737,0
743,1.72,129.59,0,0.1,192.52,20.9,248.4,31.38,323.47,25.11,50.65,738,0
744,1.73,131.13,0,0.1,204.03,21.16,251.67,31.4,323,25.18,50.88,739,0
745,1.74,99.29,0,0.1,196.01,20.54,249.4,31.63,333.73,26.06,50.84,740,0
746,1.74,123.78,0,0.1,203.88,20.15,251.33,31.48,342,25.25,50.93,741,0
747,1.75,165.32,0,0.1,194.77,20.62,252.27,31.42,340.07,25.58,51.01,742,0
748,1.76,139.51,0,0.1,188.78,20.78,251.53,31.52,346.2,25.06,50.99,743,0
749,1.78,125.39,0,0.1,175.14,20.71,251.33,31.53,346.8,25.82,51.04,744,0
750,1.79,133.21,0,0.1,187.29,20.86,254.53,31.29,347,25.57,50.98,745,0
751,1.8,160.49,0,0.1,191.48,20.67,249.8,31.62,346.6,25.56,51.12,746,0
752,1.82,151.95,0,0.1,199.06,20.73,251.87,31.45,346.2,25.26,51.08,747,0
753,1.82,112.18,0,0.1,194.59,20.54,252.2,31.45,346.53,26.15,51.1,748,0
754,1.83,141.05,0,0.1,192.07,20.71,250.53,31.55,345.73,25.55,51.32,749,0
755,1.85,109.95,0,0.1,193.43,20.52,250.07,31.59,346.6,25.57,51.17,750,0
756,1.85,113.13,0,0.1,173.23,20.72,252.6,31.43,345.67,25.19,51.05,751,0
757,1.86,140.13,0,0.1,179.52,20.62,248.27,31.73,371.8,24.8,51.48,752,0
758,1.88,186.78,0,0.1,189.87,20.79,247.73,31.79,380.33,24.68,51.78,753,0
759,1.89,185.33,0,0.1,188.93,20.63,253.07,31.39,380.87,25.69,51.56,754,0
760,1.91,183.07,0,0.1,185.77,20.84,247.47,31.83,378.87,25.03,51.8,755,0
761,1.92,211.51,0,0.1,184.8,20.33,243.27,32.13,378.53,5.7,51.83,756,0
762,1.95,253.71,0,0.1,178.89,20.07,245.87,31.97,376.73,0.27,51.97,757,0
763,1.97,275.76,0,0.1,190.76,20.35,244.8,32.1,375.53,0.06,52.12,758,0
764,2,249.99,0,0.1,192.34,20.18,244.4,32.07,332.73,0,51.46,759,0
765,2.03,232.84,0,0.1,180.6,20.13,245.27,32.03,317.87,0,51.53,760,0
766,2.05,237.45,0,0.1,185.57,20.28,242.27,32.24,319.87,0,51.45,761,0
767,2.08,271.07,0,0.1,178.92,20.2,242.27,32.24,319.87,0,51.58,762,0
768,2.11,286.56,0,0.1,174.4,20.23,240.53,32.4,335.8,0,51.97,763,0
769,2.14,346.36,0,0.1,142.47,17.11,238.2,32.61,372.6,0,52.69,764,0
770,2.18,351.22,0,0.1,146.19,16.45,235.93,32.73,372.6,0,52.73,765,0
771,2.22,380.99,0,0.1,171.96,16.45,234.73,32.88,370.33,0,52.9,766,0
772,2.27,378.14,0,0.1,176.71,16.66,231.33,33.14,368.07,0,53.12,767,0
773,2.32,397.81,0,0.1,153.68,16.61,243.2,33.31,366.47,0,53.22,768,0
774,2.37,417.2,0,0.1,145.83,16.63,257.47,33.82,365.4,0,53.53,769,0
775,2.43,434.37,0,0.1,143.88,16.6,255.67,33.94,362.6,0,53.74,770,0
776,2.49,443.81,0,0.1,127.29,16.47,258.13,33.79,361.07,0,53.69,771,0
777,2.54,448.35,0,0.1,127.01,16.64,254.6,34.03,361.07,0,53.91,772,0
778,2.61,442.09,0,0.1,125,16.67,253.47,34.15,362.2,0,53.94,773,0
779,2.66,433.54,0,0.1,125.1,16.59,255.07,34.03,364.53,0,53.68,774,0
780,2.72,414.16,0,0.1,133.01,16.58,254.8,34.02,364.73,0,53.67,775,0
781,2.78,454.63,0,0.1,127.27,16.59,249.73,34.41,358.93,0,54.23,776,0
782,2.83,484.08,0,0.1,120.75,16.88,248.2,34.54,357.87,0,54.29,777,0
783,2.9,474.97,0,0.1,118.14,17.01,250,34.4,358.27,0,54.22,778,0
784,2.96,480.51,0,0.1,116.78,17.18,248.67,34.56,356.67,0,54.31,779,0
785,3.02,479.26,0,0.1,135.09,16.64,248.47,34.52,354.2,0,54.42,780,0
786,3.08,454.52,0,0.1,120.05,16.78,248.53,34.54,354.73,0,54.35,781,0
787,3.14,437.74,0,0.1,125.43,16.59,247.73,34.59,355.53,0,54.41,782,0
788,3.2,295.42,0,0.1,128.42,16.8,259.33,33.65,194.47,0,52.01,783,0
789,3.23,372.55,0,0.1,122.68,16.69,256.67,33.84,194.13,0,52.17,784,0
790,3.27,356.97,0,0.1,126.5,16.78,258.27,33.69,193.2,0,52.2,785,0
791,3.31,335.71,0,0.1,109.07,17.74,256.13,33.88,193.13,0,52.33,786,0
792,3.35,337.71,0,0.1,108.05,17.9,250.33,33.76,192,0,52.26,787,0
793,3.38,308.39,0,0.1,115.31,17.16,248,33.67,194.33,0,52.14,788,0
794,3.42,292,0,0.1,121.64,16.94,246.93,33.77,192.2,0,52.23,789,0
795,3.45,275.17,0,0.1,123.56,16.81,250.8,33.45,193.47,0,51.98,790,0
796,3.48,282.99,0,0.1,127.57,18.79,247.2,33.44,193.2,0,52.05,791,0
797,3.51,218.17,0,0.1,132.93,20.13,246.8,33.38,182.27,0,51.71,792,0
798,3.54,196.33,0,0.1,141.22,20.62,253.07,33.29,154.67,0,51.57,793,0
799,3.56,147.71,0,0.1,119.45,20.55,251.6,33.36,140.73,17.74,51.45,794,0
800,3.57,139.03,0,0.1,133.56,20.12,250.07,33.52,130.8,25.92,51.67,795,0
801,3.58,93.81,0,0.1,124.04,20.22,252.47,33.31,133.67,25.92,51.51,796,0
802,3.59,57.37,1.25,0.1,137.26,20.16,252.6,33.33,132.4,24.55,51.56,797,0
803,3.59,14.99,13.16,0.1,169.46,20.33,253.53,33.21,133.4,26.89,51.37,798,0
804,3.58,0,67.03,0.1,167.32,20.77,255.53,33.05,120.13,25.71,51.12,799,0
805,3.57,0,201.54,0.1,206.33,20.68,255.47,32.54,47.93,25.22,50.46,800,0
806,3.53,0,290.94,0.1,225.58,20.55,247.93,31.99,3.47,26.97,49.76,801,0
807,3.48,0,350.65,0.1,241.42,21.17,252.87,31.46,3.53,25.81,49.16,802,0
808,3.43,0,358.69,0.1,239.94,21.12,258.4,31.07,3.33,26.3,49.07,803,0
809,3.36,0,397.95,0.1,265.58,21.1,262.2,30.78,3.33,26.01,48.3,804,0
810,3.3,0,403.55,0.1,256.54,21.58,263.93,30.65,3.53,24.83,48.52,805,0
811,3.24,0,407.69,0.1,261.46,21.59,264.93,30.5,3.2,26.71,48.19,806,0
812,3.17,0,409.86,0.1,256.78,21.39,264.47,30.52,3.53,23.91,48.47,807,0
813,3.1,0,424.48,0.1,252.84,21.18,266.73,30.37,3.4,25.77,48.33,808,0
814,3.03,0,369.6,0.1,254.54,21.53,267.47,30.29,3.4,26.69,48.07,809,0
815,2.96,0,382.87,0.1,249.67,21.13,260.13,30.5,3.2,24.93,48.46,810,0
816,2.89,0,403.49,0.1,269.77,21.41,258.07,30.15,3.33,25.49,48.19,811,0
817,2.82,0,392.17,0.1,274.22,21.42,258.2,30.14,3.47,25.36,48.09,812,0
818,2.76,0,366.02,0.1,238.76,21.42,260,30.05,3.53,26.03,47.74,813,0
819,2.69,0,388.49,0.1,244.66,21.48,262.6,29.68,3.4,24.71,47.43,814,0
820,2.62,0,357.34,0.1,239.99,21.4,241.53,30.48,3.4,23.89,48.22,815,0
821,2.56,0,378.18,0.1,235.34,21.37,245.2,30.28,3.33,24.67,48.05,816,0
822,2.5,0,376.01,0.1,250.92,22.19,248.93,30.06,3.6,26.42,47.82,817,0
823,2.43,0,357.83,0.1,232.87,22.29,248.53,30.08,3.53,25.24,48.13,818,0
824,2.37,0,314.95,0.1,222.28,21.77,259.13,30.71,18.33,24.85,48.52,819,0
825,2.32,0,248.56,0.1,239.41,21.62,259.4,30.91,114,26.49,49.11,820,0
826,2.27,0,183.94,0.1,228.55,21.7,256.73,31.21,110.73,25.81,49.44,821,0
827,2.24,0,139.95,0.1,206.89,21.43,259.8,31.39,111.27,25.59,49.39,822,0
828,2.2,0,157.89,0.1,212.67,21.14,268.27,31.16,104.93,25.36,49.2,823,0
829,2.17,0,178.25,0.1,211.03,21.03,272.27,30.85,82.73,24.94,48.97,824,0
830,2.13,0,189.1,0.1,216.53,21.06,269.87,31.03,73.13,25.73,48.97,825,0
831,2.09,0,165.36,0.1,200.78,20.77,266.93,31.28,70.67,25.41,49.02,826,0
832,2.06,0,146.51,0.1,197.93,20.69,266.67,31.28,67.27,24.86,49.16,827,0
833,2.03,0,103.53,0.1,203.78,20.92,266.2,31.32,93.8,26.19,49.43,828,0
834,2.01,6.37,26.52,0.1,198.6,21.27,262.4,31.62,159.13,25.07,50.01,829,0
835,1.99,36.89,1.83,0.1,173.66,20.83,266.67,31.76,188.07,24.85,50.05,830,0
836,1.99,56.9,0,0.1,182.09,20.84,273.6,31.59,189.4,25.74,49.97,831,0
837,1.99,45.33,0,0.1,171.27,20.49,272.2,31.69,187.53,25.15,50.23,832,0
838,1.98,26.57,0.77,0.1,184.8,20.12,274.93,31.49,187.6,24.65,49.93,833,0
839,1.98,101.85,0,0.1,170.05,20.1,270.93,31.78,277.47,26.03,51.03,834,0
840,1.99,118.45,0,0.1,184.38,20.25,270.73,31.78,307.87,24.96,51.05,835,0
841,2,61,0,0.1,186.76,20.08,264.73,31.78,311.2,26.36,50.89,836,0
842,2,81.83,0,0.1,177.51,20.22,262.2,31.73,310.73,24.48,50.84,837,0
843,2.01,86.52,0,0.1,169.93,20.07,256.27,31.52,318.87,25.53,50.92,838,0
844,2.01,116.08,0,0.1,187.12,20.64,254.87,31.65,342.47,25.88,51.29,839,0
845,2.02,93.77,0,0.1,173.79,20.53,255.33,31.65,348.6,24.42,51.2,840,0
846,2.03,87.14,0,0.1,173.59,20.52,257.13,31.5,363.73,25.83,51.34,841,0
847,2.03,114.59,0,0.1,191.85,20.73,254.8,31.69,381.07,26,51.57,842,0
848,2.04,89.13,0,0.1,184.97,20.69,252.47,31.86,379.13,25.39,51.79,843,0
849,2.05,82.65,0,0.1,175.58,20.79,256.73,31.54,379.6,26.03,51.69,844,0
850,2.05,92.55,0,0.1,183.25,20.61,255,31.39,379.27,25.91,51.52,845,0
851,2.06,42.01,0.05,0.1,175.6,20.69,248.13,31.78,353,25.62,51.4,846,0
852,2.06,43.26,0.24,0.1,178.8,20.69,254.73,31.63,354.53,24.77,51.12,847,0
853,2.06,64.77,0,0.1,177.93,20.54,256.2,31.56,352.87,25.03,51.24,848,0
854,2.06,72.53,0,0.1,185.48,20.75,254,31.78,351.27,26.33,51.44,849,0
855,2.06,63.19,0,0.1,172.87,20.78,254.6,31.7,352.47,24.81,51.38,850,0
856,2.07,87.05,0,0.1,176.16,20.75,254.8,31.67,352.8,25.37,51.41,851,0
857,2.07,140.04,0,0.1,179.42,20.68,254.87,31.71,351.73,6.36,51.5,852,0
858,2.09,192.27,0,0.1,182.35,20.56,249.53,32.1,348.33,0.3,51.82,853,0
859,2.11,238.22,0,0.1,173.54,20.63,253,31.89,347.87,0.08,51.75,854,0
860,2.13,226.79,0,0.1,163.22,20.02,246.93,32.33,346.8,0,52.04,855,0
861,2.16,271.89,0,0.1,187.25,19.81,246.13,32.39,348.13,0,51.87,856,0
862,2.2,314.71,0,0.1,184.73,20.12,245.07,32.54,342.8,0,52.3,857,0
863,2.23,313.23,0,0.1,175.94,20,244.8,32.54,344.4,0,52.2,858,0
864,2.27,339.99,0,0.1,179.24,20.1,266.53,32.46,341.93,0,52.3,859,0
865,2.31,347.99,0,0.1,159.07,16.56,259.73,33.18,372.13,0,52.88,860,0
866,2.35,331.99,0,0.1,178.68,16.56,264.53,32.82,369.47,0,52.73,861,0
867,2.39,382.67,0,0.1,160.46,16.61,255.6,33.5,366.73,0,53.29,862,0
868,2.44,407.32,0,0.1,158.14,16.63,253,33.67,366.2,0,53.39,863,0
869,2.5,399.05,0,0.1,167.85,16.49,255.87,33.51,366.07,0,53.41,864,0
870,2.55,430.55,0,0.1,208.26,16.68,257.8,33.35,363.47,0,53.37,865,0
871,2.61,388.74,0,0.1,203.29,16.62,254.13,33.59,365.33,0,53.31,866,0
872,2.66,404.59,0,0.1,185.97,16.56,245.87,34.31,360.8,0,53.82,867,0
873,2.71,363.42,0,0.1,200.4,16.49,255.2,33.52,367.6,0,53.07,868,0
874,2.76,378.76,0,0.1,174.93,16.69,251.4,33.87,362.87,0,53.56,869,0
875,2.8,398.49,0,0.1,162.32,16.6,250.07,33.97,361.27,0,53.64,870,0
876,2.85,371.82,0,0.1,163.03,16.69,250.47,33.93,364.53,0,53.42,871,0
877,2.9,372.68,0,0.1,163.46,16.54,255.33,33.54,363.33,0,53.41,872,0
878,2.95,376.06,0,0.1,159.62,16.58,256.73,33.49,362.47,0,53.48,873,0
879,3,370.33,0,0.1,170.22,16.54,252.47,33.77,360.67,0,53.63,874,0
880,3.05,376.96,0,0.1,172.81,16.73,251.73,33.86,360.2,0,53.76,875,0
881,3.1,353.3,0,0.1,187.56,16.56,254.53,33.68,361.47,0,53.55,876,0
882,3.15,353.2,0,0.1,180.55,16.84,250.8,33.94,359.8,0,53.82,877,0
883,3.2,355.89,0,0.1,158.86,16.58,251.67,33.9,359,0,53.79,878,0
884,3.24,360.78,0,0.1,159.13,16.64,252.2,33.88,357.07,0,53.86,879,0
885,3.28,333.48,0,0.1,183.01,16.54,251.53,33.9,362.87,0,53.49,880,0
886,3.33,291.57,0,0.1,183.64,16.62,252.4,33.85,363.4,0,53.48,881,0
887,3.37,333.19,0,0.1,170.2,16.67,249.53,34.06,358.93,0,53.86,882,0
888,3.42,320.84,0,0.1,169.13,16.48,249.33,34.06,359.8,0,53.8,883,0
889,3.46,314.53,0,0.1,168.1,16.69,248.4,34.14,359.07,0,53.91,884,0
890,3.5,294.5,0,0.1,170.2,16.66,248.27,34.18,360.87,0,53.79,885,0
891,3.54,245.89,0,0.1,175.39,16.59,256.67,33.51,363.27,0,53.35,886,0
892,3.57,209.65,0,0.1,186.81,19.84,254.53,33.55,364.6,0,53.31,887,0
893,3.6,90.09,0,0.1,202.64,21.02,266.27,33.37,311.13,0,52.65,888,0
894,3.61,36.85,1.4,0.1,213.11,21.29,277.2,33.22,312.47,0,52.44,889,0
895,3.61,12.29,119.31,0.1,207.49,21.1,285.4,32.6,166.07,17.39,51.07,890,0
896,3.6,0,162.61,0.1,198.92,21.22,285.73,32.52,109.73,27.61,50.72,891,0
897,3.57,0,155.28,0.1,217.53,20.98,277.53,32.22,112.67,26.78,50.42,892,0
898,3.53,0,219.95,0.1,237.89,19.57,275.73,32.33,106.33,25.63,50.37,893,0
899,3.5,0,250.09,0.1,243.59,14.99,276.2,32.27,74.47,26.73,50.03,894,0
900,3.45,0,223.24,0.1,243.01,16.26,275.8,32.21,62.8,25.44,50.23,895,0
901,3.41,0,257.8,0.1,254.12,14.67,266.07,32.14,63.73,24.85,50.13,896,0
902,3.37,0,299.91,0.1,292.53,20.95,270.6,31.78,12.33,25.78,49.47,897,0
903,3.32,0,318.96,0.1,250.87,20.74,272.73,31.63,2.2,25.71,49.59,898,0
904,3.27,0,322.01,0.1,258.8,20.47,268.27,31.52,2.07,25.69,49.38,899,0
905,3.22,0,373.13,0.1,273.11,19.33,266.93,31.14,37.93,26.51,48.73,900,0
906,3.16,0,382.8,0.1,247.82,19.93,272.73,30.71,44.07,24.97,48.39,901,0
907,3.1,0,385.56,0.1,259.81,19.73,268.6,30.97,44.8,25.75,48.42,902,0
908,3.04,0,403.84,0.1,266.4,19.69,271.8,30.73,45.07,26.02,48.32,903,0
909,2.98,0,305.37,0.1,264.83,20.24,270.67,30.8,44.73,25.2,48.67,904,0
910,2.92,0,338.88,0.1,266.11,20.5,268.47,30.93,44.73,25.3,48.62,905,0
911,2.85,0,359.47,0.1,279.94,20.97,273,30.65,44.67,25.44,48.35,906,0
912,2.8,0,343.55,0.1,248.56,21.2,268,30.82,44.27,25.01,48.69,907,0
913,2.74,0,335.89,0.1,251.6,21.21,260,30.7,44.6,26.07,48.44,908,0
914,2.68,0,329.18,0.1,244.29,21.21,261.73,30.56,44.2,25.45,48.18,909,0
915,2.62,0,244.93,0.1,258.07,21.23,256,31,89.2,24.66,49.1,910,0
916,2.58,0,157.93,0.1,246.76,21.21,249.4,31.53,121.6,24.89,49.65,911,0
917,2.54,0,174.54,0.1,247.87,21.2,249.33,31.52,122.33,25.04,49.58,912,0
918,2.51,0,214.45,0.1,252.23,21.19,252.53,31.26,94.93,25.65,49.44,913,0
919,2.47,0,205.1,0.1,240.48,21.26,250.6,31.44,95.47,25.66,49.41,914,0
920,2.44,0,198.4,0.1,213.95,21.15,252,31.28,93.2,25.29,49.42,915,0
921,2.4,0,209.31,0.1,204.31,21.27,255.33,31.06,97.13,25.95,49.09,916,0
922,2.37,0,211.99,0.1,227.09,21.3,253.13,31.04,95.47,25.62,49.24,917,0
923,2.33,0,217.02,0.1,212.44,21.33,250.13,30.99,97.93,25.18,49.03,918,0
924,2.29,0,207.55,0.1,217.74,21.27,248.87,31.1,97,24.46,49.14,919,0
925,2.25,0,229.36,0.1,214.56,21.26,231.47,31.07,97.73,25.36,49.17,920,0
926,2.22,0,227.82,0.1,203.27,21.39,212.4,31.04,97.87,25.89,49.26,921,0
927,2.18,0,219.67,0.1,188.1,21.23,215.6,30.85,100,25.02,48.9,922,0
928,2.14,0,180.9,0.1,190.03,21.29,212.13,31.11,94.53,24.64,49.39,923,0
929,2.11,0,179.01,0.1,173.98,21.33,212.13,31.14,97.47,25.55,49.2,924,0
930,2.08,0,140.47,0.1,174.48,21.37,211.47,31.2,97.67,25.65,49.5,925,0
931,2.05,0,99.73,0.1,175.54,21.33,206.87,31.54,141.13,25.09,49.8,926,0
932,2.03,0,72.05,0.1,192.24,21.23,210.07,31.37,196.2,25.21,49.97,927,0
933,2.02,0,27.63,0.1,188.34,21.27,229.53,31.46,195.47,25.24,49.97,928,0
934,2,1.49,15.24,0.1,199.3,21.23,229.93,31.53,196.47,24.76,49.82,929,0
935,2,3.18,32.55,0.1,189.12,21.23,236.67,31.46,195,25.06,49.96,930,0
936,1.99,0,53.53,0.1,190.38,21.33,266.4,31.77,152.93,25.12,49.88,931,0
937,1.97,0,68.43,0.1,189.44,21.15,271.47,31.37,134.07,25.31,49.56,932,0
938,1.96,0,69.49,0.1,188.44,21.22,270.4,31.45,134.33,24.81,49.61,933,0
939,1.94,0,83.19,0.1,191.57,21.27,273.47,31.18,135.93,25.86,49.51,934,0
940,1.92,0,77.79,0.1,182.67,21.22,271.13,31.35,134.67,25.16,49.5,935,0
941,1.91,0,103.25,0.1,185.72,20.82,270.93,31.33,135.73,24.98,49.44,936,0
942,1.89,0,109.95,0.1,205.52,20.8,271.47,31.3,134.6,25.58,49.41,937,0
943,1.87,0,140.28,0.1,195.2,20.75,270.93,31.3,136.8,25.08,49.3,938,0
944,1.84,0,134.36,0.1,199.03,20.67,274.47,31.01,137,25.34,49.22,939,0
945,1.82,0,120.17,0.1,196.26,20.73,274.2,31.02,136.73,25.88,49.2,940,0
946,1.79,0,128.13,0.1,197.01,20.71,271.8,31.07,123.67,24.59,49.2,941,0
947,1.76,0,283.95,0.1,201.5,20.71,254.87,29.82,17.73,26.3,47.76,942,0
948,1.71,0,296.59,0.1,199.16,20.66,253.47,29.99,2.4,25.11,47.69,943,0
949,1.66,0,273.57,0.1,212.68,20.69,252.2,30.07,41.8,25.3,48.28,944,0
950,1.62,0,186.59,0.1,199.51,20.73,246.87,30.48,122,25.12,48.62,945,0
951,1.58,0,148.73,0.1,207.15,20.67,243.47,30.78,164.8,25.42,49.31,946,0
952,1.56,13.21,15.71,0.1,190.84,20.62,238.27,31.17,297.13,24.48,50.65,947,0
953,1.55,29.41,2.17,0.1,203.2,20.61,235.27,31.43,312,6.25,50.6,948,0
954,1.55,105.27,0,0.1,205.36,20.63,236.4,31.3,309.93,0.27,50.56,949,0
955,1.56,138.65,0,0.1,200.87,20.68,237.27,31.27,310.2,0.06,50.63,950,0
956,1.57,193.81,0,0.1,174.03,20.68,232.33,31.63,308.67,0,50.99,951,0
957,1.59,209.19,0,0.1,193,20.76,232.2,31.65,310,0,50.84,952,0
958,1.61,176.6,0,0.1,181.73,20.56,236.53,31.39,230.73,0,50.17,953,0
959,1.63,93.65,0,0.1,173.89,20.65,237.33,31.33,130.53,0,49.62,954,0
960,1.63,116.66,0,0.1,163.94,20.7,238.27,31.27,130.8,0,49.47,955,0
961,1.65,99.39,0,0.1,168.05,19.32,238.2,31.27,121.2,0,49.49,956,0
962,1.65,108.59,0,0.1,153.16,19.28,240.4,31.14,111.4,0,49.42,957,0
963,1.66,149.99,0,0.1,156.13,19.03,236.67,31.43,111.4,0,49.67,958,0
964,1.68,167.63,0,0.1,145.42,19.09,236.87,31.46,109.53,0,49.67,959,0
965,1.69,170.71,0,0.1,183.43,18.99,235.07,31.57,109.87,0,49.75,960,0
966,1.71,166.57,0,0.1,183.08,19.24,233.33,31.75,108.4,0,49.92,961,0
967,1.73,194.45,0,0.1,173.25,19.21,257.33,31.74,108.27,0,49.85,962,0
968,1.75,244.26,0,0.1,164.2,19.2,281.07,32.1,105.33,0,50.12,963,0
969,1.78,215.53,0,0.1,172.6,18.99,281.67,31.97,106.73,0,49.88,964,0
970,1.81,197.05,0,0.1,163.42,19.21,281.73,31.9,107.2,0,49.9,965,0
971,1.83,205.15,0,0.1,169.59,19.24,283.87,31.74,107.2,0,49.84,966,0
972,1.86,212.67,0,0.1,152.65,19.07,280.47,31.97,105.93,0,49.94,967,0
973,1.88,201.39,0,0.1,158.07,19.13,279.33,32.04,104.73,0,50.14,968,0
974,1.9,250.05,0,0.1,147.56,19.13,279.27,32.01,103.8,0,50.12,969,0
975,1.93,241.38,0,0.1,157.78,19.11,277.13,32.15,104.8,0,50.13,970,0
976,1.96,219.47,0,0.1,134.6,19.11,261.93,32.06,105.2,0,50.19,971,0
977,1.98,172.31,0,0.1,142.52,19.07,245.2,31.94,104.33,0,50.16,972,0
978,2,170.49,0,0.1,150.87,18.98,245.87,31.87,106.47,0,50.02,973,0
979,2.03,162.89,0,0.1,138.39,19.11,246.13,31.85,107.87,0,49.98,974,0
980,2.04,176.03,0,0.1,129.38,19.1,245.13,31.9,106.47,0,50.07,975,0
981,2.07,163.93,0,0.1,153.47,19.01,248.13,31.71,108.47,0,49.89,976,0
982,2.08,128.42,0,0.1,146.03,19.18,247.07,31.79,107.47,0,49.98,977,0
983,2.09,153.08,0,0.1,133.03,19.15,246.13,31.86,107.27,0,50.13,978,0
984,2.11,188.75,0,0.1,139.52,19.22,238.87,32.36,140.33,0,50.55,979,0
985,2.13,191.99,0,0.1,135.58,19.09,243.93,32.03,148.87,0,50.27,980,0
986,2.15,163.13,0,0.1,147.31,19.11,247.93,31.74,148.4,0,50.08,981,0
987,2.16,109.28,0,0.1,151.39,19.3,247.27,31.79,148.33,0,50.11,982,0
988,2.17,76.29,0,0.1,154.69,19.93,248.27,31.53,147.27,0,50.1,983,0
989,2.17,7.81,35.29,0.1,185.61,20.59,247.27,31.68,114,0,49.82,984,0
990,2.16,0,95.89,0.1,191.01,20.59,250.8,31.48,110.6,0,49.56,985,0
991,2.13,0,105.67,0.1,181.13,20.55,254,31.27,112.8,18,49.39,986,0
992,2.11,0,138.89,0.1,206.89,20.53,254.93,31.21,103.8,26.49,49.35,987,0
993,2.08,0,168.07,0.1,190.2,21.15,258.47,30.95,96.67,26.26,49.15,988,0
994,2.05,0,204.9,0.1,215.48,20.78,259.47,30.84,97.4,25.1,48.95,989,0
995,2.01,0,205.93,0.1,236.69,19.77,258.8,30.88,97.4,25.99,48.92,990,0
996,1.98,0,197.1,0.1,217.56,21.16,261.27,30.74,96,25.54,48.93,991,0
997,1.94,0,195.71,0.1,219.06,20.74,258.07,30.97,95.4,26.52,49.1,992,0
998,1.91,0,209.92,0.1,216.81,21.14,261.6,30.67,97.07,26.01,48.82,993,0
999,1.87,0,196.57,0.1,221.78,20.93,262.2,30.67,96.4,25.59,48.9,994,0
1000,1.84,0,248.53,0.1,225.35,20.99,269.07,30.12,47.27,25.79,48.05,995,0
1001,1.8,0,287.51,0.1,227.62,20.67,269,30.13,3.67,25.43,47.82,996,0
1002,1.75,0,263.98,0.1,237.68,19.51,267.33,30.21,3.4,25.15,48.22,997,0
1003,1.7,0,247.35,0.1,221.82,20.9,269.87,30.05,3.73,25.96,47.7,998,0
1004,1.66,0,257.48,0.1,226.82,21.03,268.93,30.05,3.67,25.18,47.93,999,0