num,month,day,hour,min,n_px,ce_px,cs_px,n_p,i_uiip,p_uiip,i_f,p_f,i_uiipu,c_pu_p,p_pu,month_day_hour_min
5,1,1,0,0,2.07,247.15,0.00,0.109,196.56,18.50,253.00,32.12,261.93,0.00,51.04,'1_1_0_0'
6,1,1,0,15,2.10,306.77,0.00,0.110,182.76,18.61,249.93,32.39,259.33,0.00,51.23,'1_1_0_15'
7,1,1,0,30,2.13,269.94,0.00,0.110,194.23,18.50,251.67,32.19,262.67,0.00,51.03,'1_1_0_30'
8,1,1,0,45,2.16,307.57,0.00,0.110,171.88,18.65,248.13,32.48,271.47,0.00,51.59,'1_1_0_45'
9,1,1,1,0,2.19,360.82,0.00,0.109,178.46,18.73,242.07,32.97,313.73,0.00,52.38,'1_1_1_0'
10,1,1,1,15,2.23,360.49,0.00,0.110,153.45,18.61,242.27,32.97,316.00,0.00,52.31,'1_1_1_15'
11,1,1,1,30,2.27,361.25,0.00,0.109,160.81,18.66,242.73,32.93,325.67,0.00,52.52,'1_1_1_30'
12,1,1,1,45,2.31,412.33,0.00,0.110,159.33,18.50,240.40,33.14,350.00,0.00,53.16,'1_1_1_45'
13,1,1,2,0,2.37,419.17,0.00,0.110,151.02,18.22,237.93,33.32,366.07,0.00,53.36,'1_1_2_0'
14,1,1,2,15,2.42,432.61,0.00,0.110,140.03,18.18,235.93,33.48,366.27,0.00,53.47,'1_1_2_15'
15,1,1,2,30,2.47,413.29,0.00,0.110,146.49,18.30,235.73,33.52,364.87,0.00,53.54,'1_1_2_30'
16,1,1,2,45,2.52,442.81,0.00,0.110,143.20,18.18,233.93,33.69,364.87,0.00,53.61,'1_1_2_45'
17,1,1,3,0,2.58,435.32,0.00,0.109,136.35,18.29,232.27,33.82,365.87,0.00,53.69,'1_1_3_0'
18,1,1,3,15,2.63,428.91,0.00,0.109,129.39,18.15,231.47,33.89,365.20,0.00,53.76,'1_1_3_15'
19,1,1,3,30,2.68,428.93,0.00,0.110,124.68,18.14,231.53,33.86,364.40,0.00,53.69,'1_1_3_30'
20,1,1,3,45,2.74,431.12,0.00,0.109,130.73,18.04,230.87,33.91,364.20,0.00,53.78,'1_1_3_45'
21,1,1,4,0,2.79,437.03,0.00,0.109,138.08,18.16,229.53,34.03,360.80,0.00,54.04,'1_1_4_0'
22,1,1,4,15,2.85,474.36,0.00,0.109,147.58,18.22,258.73,34.15,358.87,0.00,54.10,'1_1_4_15'
23,1,1,4,30,2.91,463.97,0.00,0.109,131.02,18.24,257.93,34.39,357.20,0.00,54.24,'1_1_4_30'
24,1,1,4,45,2.97,472.23,0.00,0.110,125.07,18.18,257.67,34.44,356.47,0.00,54.23,'1_1_4_45'
25,1,1,5,0,3.03,460.56,0.00,0.110,128.30,18.16,256.53,34.48,356.13,0.00,54.29,'1_1_5_0'
26,1,1,5,15,3.08,455.21,0.00,0.110,123.35,18.18,255.93,34.58,354.87,0.00,54.40,'1_1_5_15'
27,1,1,5,30,3.14,446.86,0.00,0.109,120.56,18.20,259.93,34.23,356.27,0.00,54.12,'1_1_5_30'
28,1,1,5,45,3.20,426.83,0.00,0.109,123.60,18.23,254.47,34.47,355.40,0.00,54.28,'1_1_5_45'
29,1,1,6,0,3.25,414.31,0.00,0.109,135.43,18.63,258.13,34.33,356.27,0.00,54.18,'1_1_6_0'
30,1,1,6,15,3.31,432.38,0.00,0.107,134.20,19.50,258.53,34.31,355.93,0.00,54.16,'1_1_6_15'
31,1,1,6,30,3.36,387.31,0.00,0.106,117.87,19.67,260.47,34.18,337.73,18.93,53.84,'1_1_6_30'
32,1,1,6,45,3.41,255.63,0.00,0.106,120.14,19.58,267.73,33.54,214.33,26.67,52.07,'1_1_6_45'
33,1,1,7,0,3.44,209.45,0.00,0.109,138.55,19.50,271.53,33.24,194.73,25.24,51.73,'1_1_7_0'
34,1,1,7,15,3.46,168.49,0.00,0.109,124.55,19.76,271.80,33.18,186.80,26.04,51.49,'1_1_7_15'
35,1,1,7,30,3.48,120.46,0.00,0.110,141.79,19.46,271.93,33.20,165.93,24.87,51.54,'1_1_7_30'
36,1,1,7,45,3.49,37.81,1.55,0.109,174.91,20.62,271.20,33.20,117.13,25.14,51.43,'1_1_7_45'
37,1,1,8,0,3.49,0.77,21.71,0.108,180.40,20.57,261.20,33.12,114.60,25.95,51.17,'1_1_8_0'
38,1,1,8,15,3.48,0.00,135.16,0.110,193.92,20.64,225.33,32.52,95.27,25.07,50.59,'1_1_8_15'
39,1,1,8,30,3.45,0.00,177.52,0.109,211.47,20.47,228.07,32.35,93.73,27.04,50.58,'1_1_8_30'
40,1,1,8,45,3.42,0.00,200.43,0.107,208.69,20.65,230.47,32.15,96.33,25.29,50.44,'1_1_8_45'
41,1,1,9,0,3.38,0.00,241.42,0.109,226.56,19.84,234.33,31.94,97.73,26.09,50.21,'1_1_9_0'
42,1,1,9,15,3.34,0.00,308.64,0.109,237.04,20.43,237.13,31.72,104.67,25.07,49.62,'1_1_9_15'
43,1,1,9,30,3.30,0.00,304.39,0.108,238.06,20.65,239.53,31.57,101.47,26.73,49.78,'1_1_9_30'
44,1,1,9,45,3.25,0.00,338.83,0.109,265.38,20.67,242.47,31.33,104.87,24.37,49.36,'1_1_9_45'
45,1,1,10,0,3.19,0.00,442.41,0.110,246.45,20.71,257.13,30.24,3.53,26.11,48.04,'1_1_10_0'
46,1,1,10,15,3.12,0.00,439.09,0.109,254.33,20.71,255.07,30.33,3.47,25.13,48.07,'1_1_10_15'
47,1,1,10,30,3.06,0.00,440.73,0.110,254.88,20.69,259.40,30.04,3.13,26.58,47.77,'1_1_10_30'
48,1,1,10,45,2.99,0.00,375.71,0.109,271.95,20.70,256.80,30.21,3.20,24.65,47.87,'1_1_10_45'
49,1,1,11,0,2.92,0.00,355.27,0.106,263.69,20.71,256.20,30.29,3.40,25.62,48.02,'1_1_11_0'
50,1,1,11,15,2.86,0.00,384.41,0.107,259.91,20.72,253.93,30.39,3.47,25.15,48.35,'1_1_11_15'
51,1,1,11,30,2.79,0.00,383.16,0.109,241.56,20.65,255.07,30.34,3.60,25.48,48.10,'1_1_11_30'
52,1,1,11,45,2.73,0.00,377.60,0.107,250.38,20.67,254.27,30.39,3.53,26.15,48.24,'1_1_11_45'
53,1,1,12,0,2.67,0.00,368.19,0.109,257.00,20.67,253.20,30.49,3.27,26.24,48.20,'1_1_12_0'
54,1,1,12,15,2.61,0.00,330.87,0.109,267.64,20.80,249.80,30.71,3.40,25.92,48.35,'1_1_12_15'
55,1,1,12,30,2.55,0.00,315.00,0.110,230.01,20.65,246.53,30.92,3.40,25.10,48.74,'1_1_12_30'
56,1,1,12,45,2.50,0.00,328.31,0.109,226.61,20.76,253.27,30.44,3.40,25.05,48.10,'1_1_12_45'
57,1,1,13,0,2.45,0.00,304.82,0.108,222.46,20.69,247.20,30.92,3.33,25.61,48.82,'1_1_13_0'
58,1,1,13,15,2.40,0.00,275.11,0.109,220.44,20.70,250.47,30.67,3.67,25.19,48.68,'1_1_13_15'
59,1,1,13,30,2.35,0.00,186.53,0.106,219.92,20.70,243.13,31.22,81.27,25.82,49.16,'1_1_13_30'
60,1,1,13,45,2.31,0.00,160.77,0.107,228.33,20.77,241.80,31.33,111.33,25.70,49.41,'1_1_13_45'
61,1,1,14,0,2.28,0.00,157.61,0.108,210.70,20.49,241.47,31.35,109.80,25.43,49.33,'1_1_14_0'
62,1,1,14,15,2.26,0.00,153.89,0.107,223.90,20.77,239.40,31.53,108.80,24.77,49.63,'1_1_14_15'
63,1,1,14,30,2.23,0.00,135.85,0.107,223.54,20.54,239.27,31.53,106.07,24.61,49.73,'1_1_14_30'
64,1,1,14,45,2.20,0.00,122.93,0.110,208.89,20.74,236.20,31.75,105.40,25.45,49.84,'1_1_14_45'
65,1,1,15,0,2.18,0.00,95.23,0.109,197.23,20.73,238.80,31.56,105.27,25.07,49.74,'1_1_15_0'
66,1,1,15,15,2.16,0.00,78.85,0.109,185.06,20.53,240.80,31.43,105.20,24.95,49.57,'1_1_15_15'
67,1,1,15,30,2.15,0.00,48.95,0.108,196.20,20.86,237.47,31.69,102.27,25.78,49.93,'1_1_15_30'
68,1,1,15,45,2.13,0.58,31.28,0.107,184.05,20.85,237.40,31.74,103.13,25.57,49.73,'1_1_15_45'
69,1,1,16,0,2.12,1.30,27.83,0.109,172.21,20.65,237.60,31.74,103.73,24.99,49.86,'1_1_16_0'
70,1,1,16,15,2.11,1.64,30.19,0.108,183.42,20.67,242.53,31.36,104.07,25.23,49.58,'1_1_16_15'
71,1,1,16,30,2.09,0.00,53.04,0.109,182.95,20.56,237.73,31.70,104.53,25.14,49.70,'1_1_16_30'
72,1,1,16,45,2.08,0.00,62.73,0.109,177.80,20.60,240.93,31.49,105.80,24.34,49.66,'1_1_16_45'
73,1,1,17,0,2.07,0.00,78.61,0.109,189.91,20.61,241.80,31.44,105.40,26.29,49.56,'1_1_17_0'
74,1,1,17,15,2.05,0.00,76.53,0.108,173.41,20.62,242.67,31.37,104.47,24.86,49.59,'1_1_17_15'
75,1,1,17,30,2.03,0.00,95.87,0.107,192.07,20.56,241.40,31.46,107.27,25.97,49.50,'1_1_17_30'
76,1,1,17,45,2.01,0.00,80.38,0.108,196.60,20.75,240.67,31.51,105.73,25.21,49.65,'1_1_17_45'
77,1,1,18,0,1.99,0.00,82.33,0.108,174.11,20.90,243.40,31.33,106.47,26.13,49.57,'1_1_18_0'
78,1,1,18,15,1.97,0.00,72.33,0.109,183.59,20.64,242.20,31.44,105.73,24.72,49.47,'1_1_18_15'
79,1,1,18,30,1.96,0.00,47.44,0.110,184.65,20.48,267.87,31.69,95.47,25.38,49.70,'1_1_18_30'
80,1,1,18,45,1.94,0.00,73.99,0.109,178.26,20.74,276.20,31.41,94.40,25.26,49.32,'1_1_18_45'
81,1,1,19,0,1.93,0.00,88.93,0.107,173.12,20.67,276.33,31.37,95.33,25.49,49.31,'1_1_19_0'
82,1,1,19,15,1.91,0.00,71.96,0.109,180.69,21.35,273.40,31.43,94.00,24.90,49.49,'1_1_19_15'
83,1,1,19,30,1.90,0.00,76.48,0.110,185.65,21.50,273.80,31.50,94.33,25.51,49.55,'1_1_19_30'
84,1,1,19,45,1.88,0.00,82.56,0.105,184.12,21.77,276.07,31.33,95.13,25.20,49.37,'1_1_19_45'
85,1,1,20,0,1.86,0.00,80.59,0.107,177.16,21.76,275.73,31.32,97.13,25.21,49.34,'1_1_20_0'
86,1,1,20,15,1.84,0.00,80.53,0.109,178.75,21.62,276.00,31.32,96.40,25.22,49.35,'1_1_20_15'
87,1,1,20,30,1.83,0.00,84.77,0.105,164.44,21.67,261.87,31.18,97.20,25.54,49.29,'1_1_20_30'
88,1,1,20,45,1.81,108.75,18.19,0.106,162.86,21.68,252.80,31.74,259.13,24.56,51.18,'1_1_20_45'
89,1,1,21,0,1.81,222.12,0.00,0.108,196.79,21.80,250.53,31.92,379.53,7.58,52.00,'1_1_21_0'
90,1,1,21,15,1.84,253.53,0.00,0.108,186.74,22.05,249.40,32.01,377.27,0.28,51.95,'1_1_21_15'
91,1,1,21,30,1.87,241.61,0.00,0.107,183.86,22.16,248.00,32.07,342.67,0.07,51.51,'1_1_21_30'
92,1,1,21,45,1.90,199.41,0.00,0.107,189.08,22.29,252.00,31.78,316.53,0.00,51.28,'1_1_21_45'
93,1,1,22,0,1.92,245.66,0.00,0.108,172.92,22.01,247.07,32.21,315.20,0.00,51.47,'1_1_22_0'
94,1,1,22,15,1.95,256.27,0.00,0.108,191.61,22.11,249.07,32.05,318.00,0.00,51.59,'1_1_22_15'
95,1,1,22,30,1.98,316.64,0.00,0.107,183.29,22.10,241.20,32.62,371.13,0.00,52.37,'1_1_22_30'
96,1,1,22,45,2.02,332.43,0.00,0.107,156.01,21.49,242.60,32.56,369.27,0.00,52.59,'1_1_22_45'
97,1,1,23,0,2.06,325.61,0.00,0.103,151.21,18.70,240.40,32.71,367.60,0.00,52.66,'1_1_23_0'
98,1,1,23,15,2.10,338.97,0.00,0.105,162.11,18.66,240.27,32.73,367.53,0.00,52.63,'1_1_23_15'
99,1,1,23,30,2.15,361.35,0.00,0.109,147.63,18.44,238.93,32.81,366.73,0.00,52.73,'1_1_23_30'
100,1,1,23,45,2.19,392.31,0.00,0.105,141.96,18.18,235.87,33.11,364.53,0.00,53.00,'1_1_23_45'
101,1,2,0,0,2.24,411.80,0.00,0.107,154.47,17.96,231.40,33.38,362.87,0.00,53.24,'1_2_0_0'
102,1,2,0,15,2.29,427.53,0.00,0.109,151.18,18.01,232.13,33.39,362.07,0.00,53.35,'1_2_0_15'
103,1,2,0,30,2.34,438.55,0.00,0.109,124.51,18.23,230.33,33.51,360.73,0.00,53.31,'1_2_0_30'
104,1,2,0,45,2.40,456.11,0.00,0.109,126.15,18.12,227.00,33.73,359.00,0.00,53.69,'1_2_0_45'
105,1,2,1,0,2.45,431.23,0.00,0.109,121.44,18.15,230.20,33.59,359.00,0.00,53.59,'1_2_1_0'
106,1,2,1,15,2.51,427.81,0.00,0.109,129.15,18.12,225.73,33.90,359.40,0.00,53.67,'1_2_1_15'
107,1,2,1,30,2.57,438.57,0.00,0.108,125.45,18.12,226.87,33.88,357.00,0.00,53.78,'1_2_1_30'
108,1,2,1,45,2.62,454.19,0.00,0.105,108.25,18.16,226.87,33.95,359.40,0.00,53.76,'1_2_1_45'
109,1,2,2,0,2.68,449.75,0.00,0.107,114.32,18.16,242.40,34.07,357.20,0.00,54.02,'1_2_2_0'
110,1,2,2,15,2.74,463.07,0.00,0.105,120.46,18.13,240.13,34.24,355.87,0.00,54.10,'1_2_2_15'
111,1,2,2,30,2.80,452.37,0.00,0.107,129.17,18.12,238.73,34.36,355.13,0.00,54.07,'1_2_2_30'
112,1,2,2,45,2.86,444.15,0.00,0.105,133.06,18.07,240.27,34.24,357.53,0.00,53.90,'1_2_2_45'
113,1,2,3,0,2.92,446.01,0.00,0.105,123.81,18.16,242.40,34.09,356.13,0.00,53.82,'1_2_3_0'
114,1,2,3,15,2.98,461.70,0.00,0.103,117.20,18.04,237.07,34.48,354.00,0.00,54.16,'1_2_3_15'
115,1,2,3,30,3.03,462.52,0.00,0.106,118.10,18.10,236.60,34.54,350.13,0.00,54.35,'1_2_3_30'
116,1,2,3,45,3.09,467.78,0.00,0.106,103.49,18.20,237.73,34.48,352.87,0.00,54.19,'1_2_3_45'
117,1,2,4,0,3.15,435.04,0.00,0.103,117.47,17.91,237.67,34.44,336.80,0.00,54.03,'1_2_4_0'
118,1,2,4,15,3.21,344.81,0.00,0.103,123.30,18.17,249.33,34.18,238.67,0.00,52.97,'1_2_4_15'
119,1,2,4,30,3.25,315.01,0.00,0.105,116.10,18.12,266.27,33.78,177.33,0.00,52.06,'1_2_4_30'
120,1,2,4,45,3.29,296.04,0.00,0.109,104.56,18.12,265.73,33.78,177.60,0.00,52.16,'1_2_4_45'
121,1,2,5,0,3.33,293.31,0.00,0.108,114.12,18.13,263.47,33.95,176.73,0.00,52.32,'1_2_5_0'
122,1,2,5,15,3.36,310.04,0.00,0.107,110.28,18.07,264.80,33.83,176.33,0.00,52.23,'1_2_5_15'
123,1,2,5,30,3.40,182.78,0.00,0.107,112.55,18.05,271.47,33.24,91.27,0.00,51.17,'1_2_5_30'
124,1,2,5,45,3.42,237.99,0.00,0.108,122.18,18.99,261.93,33.79,143.40,0.00,51.84,'1_2_5_45'
125,1,2,6,0,3.45,215.96,0.00,0.105,155.08,20.65,263.87,33.46,131.53,0.00,51.71,'1_2_6_0'
126,1,2,6,15,3.47,159.28,0.00,0.108,149.01,20.69,268.27,33.46,86.00,0.00,51.31,'1_2_6_15'
127,1,2,6,30,3.49,121.53,0.00,0.105,132.72,20.59,271.47,33.20,87.53,18.36,51.31,'1_2_6_30'
128,1,2,6,45,3.49,102.43,0.00,0.106,123.99,20.67,269.13,33.35,87.87,25.63,51.41,'1_2_6_45'
129,1,2,7,0,3.50,79.27,0.00,0.107,146.48,20.45,272.87,33.05,90.33,26.17,51.18,'1_2_7_0'
130,1,2,7,15,3.51,28.69,1.11,0.104,159.65,20.48,220.00,33.28,132.93,24.54,51.50,'1_2_7_15'
131,1,2,7,30,3.50,3.71,34.25,0.104,185.12,20.48,199.60,33.03,153.27,26.90,51.56,'1_2_7_30'
132,1,2,7,45,3.49,0.00,97.18,0.105,215.27,20.54,202.73,32.82,155.00,25.26,51.09,'1_2_7_45'
133,1,2,8,0,3.47,0.00,170.67,0.101,223.20,20.46,211.40,32.31,155.80,25.78,50.86,'1_2_8_0'
134,1,2,8,15,3.44,0.00,240.79,0.101,225.32,19.57,214.93,32.07,107.87,24.82,50.13,'1_2_8_15'
135,1,2,8,30,3.40,0.00,274.15,0.102,234.84,20.46,222.07,31.64,99.73,26.56,49.84,'1_2_8_30'
136,1,2,8,45,3.36,0.00,310.95,0.100,258.71,20.67,223.67,31.55,103.20,25.87,49.61,'1_2_8_45'
137,1,2,9,0,3.30,0.00,335.21,0.101,277.96,20.61,230.20,31.10,104.33,25.79,49.29,'1_2_9_0'
138,1,2,9,15,3.25,0.00,448.49,0.102,285.47,20.65,242.53,30.21,10.93,25.72,48.02,'1_2_9_15'
139,1,2,9,30,3.18,0.00,465.61,0.101,281.63,20.68,244.73,30.05,3.60,25.22,47.73,'1_2_9_30'
140,1,2,9,45,3.10,0.00,467.01,0.101,272.34,20.64,245.33,29.99,3.40,25.08,47.47,'1_2_9_45'
141,1,2,10,0,3.03,0.00,470.01,0.101,275.56,20.69,247.87,29.79,3.40,23.38,47.41,'1_2_10_0'
142,1,2,10,15,2.95,0.00,468.46,0.102,265.94,20.67,246.73,29.86,3.80,21.12,47.39,'1_2_10_15'
143,1,2,10,30,2.88,0.00,448.31,0.100,259.49,20.67,246.73,29.87,3.47,23.37,47.63,'1_2_10_30'
144,1,2,10,45,2.82,0.00,416.62,0.100,249.22,20.71,245.53,29.93,3.47,25.59,47.79,'1_2_10_45'
145,1,2,11,0,2.75,0.00,363.29,0.100,261.53,20.65,243.27,30.16,3.33,25.57,48.18,'1_2_11_0'
146,1,2,11,15,2.68,0.00,365.01,0.102,241.84,20.69,239.73,30.37,3.53,25.49,47.97,'1_2_11_15'
147,1,2,11,30,2.62,0.00,377.07,0.101,252.22,20.75,239.40,30.40,3.80,25.76,48.12,'1_2_11_30'
148,1,2,11,45,2.56,0.00,355.37,0.101,251.37,20.62,240.00,30.50,3.60,25.71,48.27,'1_2_11_45'
149,1,2,12,0,2.50,0.00,333.73,0.101,237.16,20.73,260.53,30.54,3.53,25.69,48.29,'1_2_12_0'
150,1,2,12,15,2.45,0.00,331.26,0.100,227.28,20.71,257.73,30.76,3.20,24.95,48.57,'1_2_12_15'
151,1,2,12,30,2.39,0.00,348.28,0.103,226.57,20.76,263.13,30.33,3.47,25.46,48.18,'1_2_12_30'
152,1,2,12,45,2.34,0.00,311.63,0.101,224.65,20.68,259.67,30.61,3.60,25.01,48.43,'1_2_12_45'
153,1,2,13,0,2.29,0.00,292.15,0.101,210.21,20.63,258.47,30.70,3.60,25.61,48.67,'1_2_13_0'
154,1,2,13,15,2.24,0.00,275.46,0.101,226.43,20.63,256.60,30.82,3.47,25.51,48.60,'1_2_13_15'
155,1,2,13,30,2.20,0.00,266.69,0.101,220.00,20.66,257.13,30.77,3.47,25.49,48.61,'1_2_13_30'
156,1,2,13,45,2.15,0.00,236.59,0.103,217.63,20.72,255.13,30.93,3.20,26.17,48.56,'1_2_13_45'
157,1,2,14,0,2.11,0.00,172.93,0.101,220.49,20.71,251.87,31.24,105.33,25.01,49.17,'1_2_14_0'
158,1,2,14,15,2.08,0.00,152.19,0.102,218.73,20.67,258.80,31.33,110.87,25.03,49.33,'1_2_14_15'
159,1,2,14,30,2.05,0.00,136.91,0.101,208.88,20.64,268.80,31.24,109.00,25.73,49.40,'1_2_14_30'
160,1,2,14,45,2.03,0.00,98.57,0.101,206.39,20.76,266.27,31.41,107.87,25.77,49.52,'1_2_14_45'
161,1,2,15,0,2.01,0.00,84.73,0.101,215.67,20.72,267.53,31.29,107.20,25.47,49.37,'1_2_15_0'
162,1,2,15,15,1.99,0.00,58.55,0.101,191.12,20.56,266.33,31.38,105.07,25.02,49.51,'1_2_15_15'
163,1,2,15,30,1.97,0.00,50.74,0.101,192.39,20.72,264.20,31.48,107.13,25.57,49.61,'1_2_15_30'
164,1,2,15,45,1.96,0.00,40.79,0.102,190.52,20.89,263.80,31.53,105.47,25.48,49.61,'1_2_15_45'
165,1,2,16,0,1.95,0.00,52.85,0.100,173.53,20.78,264.13,31.50,105.20,24.86,49.52,'1_2_16_0'
166,1,2,16,15,1.94,0.00,42.67,0.103,169.57,20.69,263.53,31.52,104.33,25.78,49.62,'1_2_16_15'
167,1,2,16,30,1.92,0.00,42.64,0.101,185.35,20.81,265.40,31.39,105.33,25.87,49.54,'1_2_16_30'
168,1,2,16,45,1.91,2.31,43.35,0.100,179.25,20.67,264.20,31.48,138.07,25.88,50.03,'1_2_16_45'
169,1,2,17,0,1.90,14.86,8.11,0.100,180.09,20.67,266.47,31.29,205.27,26.61,50.01,'1_2_17_0'
170,1,2,17,15,1.89,65.64,0.00,0.102,169.54,20.73,260.13,31.64,271.73,25.10,50.93,'1_2_17_15'
171,1,2,17,30,1.89,81.73,0.00,0.102,185.33,20.54,243.13,31.33,316.60,25.25,50.86,'1_2_17_30'
172,1,2,17,45,1.90,73.97,0.00,0.100,183.56,20.59,241.87,31.39,316.13,26.01,50.81,'1_2_17_45'
173,1,2,18,0,1.90,94.91,0.00,0.101,207.77,20.67,239.20,31.60,315.47,25.22,50.91,'1_2_18_0'
174,1,2,18,15,1.91,108.90,0.00,0.101,202.51,21.62,235.73,31.81,315.93,25.46,50.99,'1_2_18_15'
175,1,2,18,30,1.91,95.92,0.00,0.103,171.82,21.59,238.13,31.69,317.33,25.40,50.87,'1_2_18_30'
176,1,2,18,45,1.92,95.97,0.00,0.100,191.64,21.52,240.87,31.54,314.00,25.29,50.95,'1_2_18_45'
177,1,2,19,0,1.93,85.07,0.00,0.101,183.68,21.67,238.20,31.69,317.27,25.29,50.93,'1_2_19_0'
178,1,2,19,15,1.93,67.56,0.00,0.104,187.56,21.49,238.47,31.53,318.60,23.89,50.80,'1_2_19_15'
179,1,2,19,30,1.93,59.07,0.00,0.103,178.72,21.73,236.80,31.50,316.93,25.54,50.89,'1_2_19_30'
180,1,2,19,45,1.94,27.19,2.03,0.106,183.80,21.76,239.93,31.56,318.47,24.56,50.82,'1_2_19_45'
181,1,2,20,0,1.94,63.61,0.58,0.105,184.40,21.47,240.40,31.53,341.80,26.11,51.16,'1_2_20_0'
182,1,2,20,15,1.94,107.21,0.00,0.104,186.06,21.77,238.40,31.71,363.67,24.87,51.53,'1_2_20_15'
183,1,2,20,30,1.95,112.09,0.00,0.107,174.30,21.76,239.87,31.60,363.40,25.26,51.49,'1_2_20_30'
184,1,2,20,45,1.96,132.13,0.00,0.107,179.10,21.88,238.87,31.69,362.07,25.71,51.55,'1_2_20_45'
185,1,2,21,0,1.97,218.11,0.00,0.105,191.49,21.54,276.13,32.26,357.53,4.97,51.89,'1_2_21_0'
186,1,2,21,15,1.99,251.79,0.00,0.104,185.55,21.73,287.80,32.22,356.73,0.27,51.96,'1_2_21_15'
187,1,2,21,30,2.03,291.91,0.00,0.103,185.35,21.89,285.53,32.44,354.00,0.06,52.18,'1_2_21_30'
188,1,2,21,45,2.06,278.25,0.00,0.106,177.34,21.45,288.33,32.19,355.67,0.00,51.93,'1_2_21_45'
189,1,2,22,0,2.09,306.33,0.00,0.105,187.79,21.74,282.13,32.65,352.73,0.00,52.27,'1_2_22_0'
190,1,2,22,15,2.13,318.29,0.00,0.103,183.85,21.67,282.73,32.56,354.13,0.00,52.30,'1_2_22_15'
191,1,2,22,30,2.17,318.71,0.00,0.102,176.83,21.90,279.07,32.84,353.40,0.00,52.42,'1_2_22_30'
192,1,2,22,45,2.21,334.49,0.00,0.103,157.68,18.95,277.87,32.94,361.27,0.00,52.73,'1_2_22_45'
193,1,2,23,0,2.25,331.45,0.00,0.103,162.17,18.07,276.80,32.99,373.27,0.00,52.79,'1_2_23_0'
194,1,2,23,15,2.29,332.95,0.00,0.105,166.81,18.10,275.73,33.05,372.73,0.00,52.82,'1_2_23_15'
195,1,2,23,30,2.33,376.01,0.00,0.107,160.20,17.98,271.80,33.32,369.73,0.00,53.14,'1_2_23_30'
196,1,2,23,45,2.38,409.48,0.00,0.106,157.89,18.08,267.13,33.71,367.00,0.00,53.48,'1_2_23_45'
197,1,3,0,0,2.44,405.27,0.00,0.105,196.12,17.96,270.87,33.44,366.93,0.00,53.26,'1_3_0_0'
198,1,3,0,15,2.49,421.16,0.00,0.105,211.96,18.08,265.67,33.80,366.27,0.00,53.41,'1_3_0_15'
199,1,3,0,30,2.54,425.21,0.00,0.105,203.28,18.19,267.67,33.65,362.80,0.00,53.49,'1_3_0_30'
200,1,3,0,45,2.60,359.71,0.00,0.105,192.91,18.01,231.53,33.22,339.00,0.00,52.95,'1_3_0_45'
201,1,3,1,0,2.64,320.27,0.00,0.104,195.09,18.07,239.00,33.16,337.87,0.00,52.71,'1_3_1_0'
202,1,3,1,15,2.68,322.96,0.00,0.101,174.16,18.20,239.67,33.12,339.00,0.00,52.64,'1_3_1_15'
203,1,3,1,30,2.72,351.99,0.00,0.103,183.51,18.12,236.67,33.37,336.47,0.00,52.88,'1_3_1_30'
204,1,3,1,45,2.76,340.47,0.00,0.101,183.17,18.14,238.87,33.24,335.80,0.00,52.90,'1_3_1_45'
205,1,3,2,0,2.80,322.48,0.00,0.104,192.24,18.10,236.40,33.41,336.27,0.00,53.00,'1_3_2_0'
206,1,3,2,15,2.85,318.43,0.00,0.101,174.58,17.90,239.73,33.22,337.07,0.00,52.73,'1_3_2_15'
207,1,3,2,30,2.88,288.65,0.00,0.104,175.44,18.05,239.13,33.24,338.93,0.00,52.74,'1_3_2_30'
208,1,3,2,45,2.92,343.18,0.00,0.100,161.63,18.18,237.33,33.39,335.13,0.00,53.03,'1_3_2_45'
209,1,3,3,0,2.96,328.66,0.00,0.101,163.17,17.95,237.13,33.40,335.00,0.00,53.07,'1_3_3_0'
210,1,3,3,15,3.00,330.34,0.00,0.101,180.54,18.17,237.33,33.40,336.00,0.00,53.04,'1_3_3_15'
211,1,3,3,30,3.04,348.49,0.00,0.103,159.61,18.05,234.27,33.65,348.47,0.00,53.31,'1_3_3_30'
212,1,3,3,45,3.08,361.55,0.00,0.102,163.25,18.12,231.40,33.88,357.87,0.00,53.61,'1_3_3_45'
213,1,3,4,0,3.13,346.45,0.00,0.104,182.41,18.09,234.07,33.70,360.60,0.00,53.41,'1_3_4_0'
214,1,3,4,15,3.17,329.61,0.00,0.101,192.51,18.19,231.20,33.91,360.87,0.00,53.51,'1_3_4_15'
215,1,3,4,30,3.21,351.56,0.00,0.101,175.00,18.19,239.40,33.77,357.53,0.00,53.67,'1_3_4_30'
216,1,3,4,45,3.26,365.69,0.00,0.100,173.88,17.95,243.27,33.82,353.80,0.00,53.72,'1_3_4_45'
217,1,3,5,0,3.30,352.23,0.00,0.100,162.85,18.16,240.27,34.02,354.53,0.00,53.77,'1_3_5_0'
218,1,3,5,15,3.35,355.47,0.00,0.101,158.64,18.06,238.60,34.16,355.60,0.00,53.82,'1_3_5_15'
219,1,3,5,30,3.39,310.33,0.00,0.100,156.60,18.22,243.80,33.80,355.93,0.00,53.56,'1_3_5_30'
220,1,3,5,45,3.43,285.39,0.00,0.101,180.71,19.03,240.53,33.73,356.13,0.00,53.62,'1_3_5_45'
221,1,3,6,0,3.46,243.11,0.00,0.101,198.64,21.27,239.80,33.70,361.27,0.00,53.48,'1_3_6_0'
222,1,3,6,15,3.49,195.55,0.00,0.101,201.47,21.27,248.27,33.44,344.13,0.00,53.04,'1_3_6_15'
223,1,3,6,30,3.52,27.49,1.97,0.101,200.08,21.15,249.00,33.35,194.47,17.65,51.63,'1_3_6_30'
224,1,3,6,45,3.52,0.00,136.20,0.100,206.25,21.22,252.93,32.69,35.53,26.85,50.54,'1_3_6_45'
225,1,3,7,0,3.49,0.00,229.61,0.100,195.65,21.22,247.67,32.48,3.73,25.70,50.24,'1_3_7_0'
226,1,3,7,15,3.45,0.00,245.81,0.101,205.34,21.52,251.33,32.21,3.47,26.34,50.14,'1_3_7_15'
227,1,3,7,30,3.42,0.00,281.05,0.101,220.49,21.75,255.87,31.86,3.53,25.56,49.54,'1_3_7_30'
228,1,3,7,45,3.37,0.00,303.86,0.101,258.03,20.46,260.80,31.40,3.47,25.82,49.29,'1_3_7_45'
229,1,3,8,0,3.32,0.00,342.63,0.100,252.49,21.78,252.00,31.37,3.33,25.80,49.14,'1_3_8_0'
230,1,3,8,15,3.26,0.00,341.14,0.101,252.28,21.98,251.33,31.41,3.80,26.27,49.20,'1_3_8_15'
231,1,3,8,30,3.21,0.00,357.64,0.100,238.45,21.95,256.20,31.03,3.40,24.26,48.72,'1_3_8_30'
232,1,3,8,45,3.15,0.00,358.23,0.102,247.81,21.76,255.67,31.07,3.47,25.57,48.85,'1_3_8_45'
233,1,3,9,0,3.10,0.00,367.00,0.100,283.57,22.03,256.47,30.97,3.80,25.59,48.64,'1_3_9_0'
234,1,3,9,15,3.04,0.00,379.29,0.100,263.47,22.00,256.47,30.97,3.47,26.93,48.54,'1_3_9_15'
235,1,3,9,30,2.98,0.00,394.67,0.100,264.94,21.98,261.20,30.62,3.40,25.65,48.29,'1_3_9_30'
236,1,3,9,45,2.92,0.00,378.59,0.101,263.92,22.00,260.27,30.65,3.53,25.12,48.36,'1_3_9_45'
237,1,3,10,0,2.86,0.00,368.20,0.100,284.62,21.97,262.47,30.52,3.93,25.00,48.31,'1_3_10_0'
238,1,3,10,15,2.80,0.00,333.42,0.100,276.63,21.93,255.07,31.03,3.67,26.00,48.87,'1_3_10_15'
239,1,3,10,30,2.74,0.00,324.08,0.101,274.25,22.06,258.20,30.82,3.80,25.90,48.90,'1_3_10_30'
240,1,3,10,45,2.69,0.00,336.73,0.100,271.83,22.00,258.33,30.80,3.73,25.78,48.44,'1_3_10_45'
241,1,3,11,0,2.64,0.00,317.51,0.100,243.53,22.07,258.93,30.75,3.53,25.66,48.54,'1_3_11_0'
242,1,3,11,15,2.58,0.00,254.85,0.100,248.47,21.98,247.33,30.84,3.60,24.88,48.78,'1_3_11_15'
243,1,3,11,30,2.53,0.00,284.77,0.100,245.56,21.95,250.00,30.59,3.67,24.15,48.24,'1_3_11_30'
244,1,3,11,45,2.47,0.00,242.63,0.101,251.32,22.27,248.27,30.72,3.53,25.62,48.81,'1_3_11_45'
245,1,3,12,0,2.42,0.00,273.44,0.101,222.32,22.25,247.27,30.82,3.53,24.64,48.52,'1_3_12_0'
246,1,3,12,15,2.37,0.00,288.20,0.101,213.06,22.15,253.87,30.33,3.33,26.28,48.22,'1_3_12_15'
247,1,3,12,30,2.32,0.00,285.35,0.101,238.65,21.80,247.67,30.80,3.47,26.30,48.46,'1_3_12_30'
248,1,3,12,45,2.27,0.00,284.48,0.101,222.53,21.77,250.13,30.63,3.53,25.19,48.51,'1_3_12_45'
249,1,3,13,0,2.21,0.00,298.55,0.101,220.61,21.62,250.00,30.61,3.47,25.53,48.24,'1_3_13_0'
250,1,3,13,15,2.16,0.00,168.64,0.102,218.32,21.21,253.87,31.12,147.53,25.18,49.44,'1_3_13_15'
251,1,3,13,30,2.13,0.00,146.47,0.100,208.07,21.28,260.20,31.33,142.87,26.12,49.48,'1_3_13_30'
252,1,3,13,45,2.10,0.00,153.83,0.102,199.07,21.18,264.13,31.28,135.80,25.75,49.28,'1_3_13_45'
253,1,3,14,0,2.07,0.00,166.85,0.101,213.27,21.12,269.20,30.87,142.93,25.75,48.97,'1_3_14_0'
254,1,3,14,15,2.04,0.00,125.15,0.101,207.24,21.29,265.60,31.14,140.53,24.35,49.14,'1_3_14_15'
255,1,3,14,30,2.01,0.00,109.71,0.100,196.73,21.39,264.27,31.24,138.40,26.19,49.56,'1_3_14_30'
256,1,3,14,45,1.99,0.00,97.37,0.100,195.44,21.26,263.27,31.33,137.47,25.29,49.61,'1_3_14_45'
257,1,3,15,0,1.96,0.00,88.29,0.101,191.78,21.18,263.33,31.31,138.87,25.64,49.39,'1_3_15_0'
258,1,3,15,15,1.95,0.00,92.55,0.100,184.34,21.13,261.60,31.41,140.20,24.75,49.46,'1_3_15_15'
259,1,3,15,30,1.93,0.00,62.59,0.101,182.69,20.90,264.33,31.20,138.47,25.68,49.54,'1_3_15_30'
260,1,3,15,45,1.91,2.65,26.56,0.100,176.72,20.10,261.33,31.46,138.40,25.33,49.63,'1_3_15_45'
261,1,3,16,0,1.90,0.00,57.53,0.100,170.98,20.37,261.60,31.41,136.33,25.76,49.52,'1_3_16_0'
262,1,3,16,15,1.88,0.00,43.93,0.100,173.35,20.24,263.53,31.23,137.93,25.73,49.54,'1_3_16_15'
263,1,3,16,30,1.87,0.00,43.59,0.100,190.52,20.10,260.07,31.51,138.00,24.67,49.59,'1_3_16_30'
264,1,3,16,45,1.86,121.29,15.91,0.101,170.50,20.28,260.53,31.52,278.20,25.25,50.76,'1_3_16_45'
265,1,3,17,0,1.87,171.49,0.00,0.101,174.41,20.29,259.00,31.62,367.47,25.44,51.48,'1_3_17_0'
266,1,3,17,15,1.88,169.55,0.00,0.100,178.82,20.29,258.73,31.65,354.33,26.81,51.37,'1_3_17_15'
267,1,3,17,30,1.90,93.08,0.00,0.101,178.78,20.10,258.60,31.69,284.13,25.36,50.56,'1_3_17_30'
268,1,3,17,45,1.91,88.50,0.00,0.100,167.50,20.26,259.13,31.60,285.27,25.12,50.59,'1_3_17_45'
269,1,3,18,0,1.91,46.26,0.00,0.101,177.50,20.01,256.87,31.77,287.67,26.04,50.51,'1_3_18_0'
270,1,3,18,15,1.91,53.48,0.00,0.101,184.95,20.14,261.33,31.40,286.13,24.59,50.41,'1_3_18_15'
271,1,3,18,30,1.91,76.87,0.00,0.100,176.70,20.10,259.47,31.53,285.53,26.09,50.56,'1_3_18_30'
272,1,3,18,45,1.92,69.16,0.00,0.100,180.38,20.24,258.13,31.63,286.73,25.67,50.63,'1_3_18_45'
273,1,3,19,0,1.92,26.09,1.06,0.100,175.64,20.24,260.20,31.42,288.80,25.76,50.41,'1_3_19_0'
274,1,3,19,15,1.92,24.11,0.00,0.100,192.70,20.00,255.13,31.59,285.33,25.64,50.75,'1_3_19_15'
275,1,3,19,30,1.91,5.31,12.73,0.101,200.96,20.14,256.33,31.41,288.87,25.98,50.44,'1_3_19_30'
276,1,3,19,45,1.91,8.49,6.17,0.100,197.07,20.26,258.87,31.58,286.27,26.75,50.54,'1_3_19_45'
277,1,3,20,0,1.90,5.01,11.09,0.100,192.89,20.24,262.93,31.25,289.87,24.61,50.41,'1_3_20_0'
278,1,3,20,15,1.89,5.93,9.65,0.101,195.26,19.80,258.07,31.67,287.40,25.24,50.65,'1_3_20_15'
279,1,3,20,30,1.89,18.18,5.45,0.100,203.78,19.92,257.87,31.65,288.07,25.91,50.66,'1_3_20_30'
280,1,3,20,45,1.88,48.73,0.00,0.100,176.62,20.20,258.73,31.59,286.07,25.32,50.63,'1_3_20_45'
281,1,3,21,0,1.88,87.57,0.00,0.101,181.37,20.05,254.67,31.87,288.73,5.46,50.66,'1_3_21_0'
282,1,3,21,15,1.89,105.27,0.00,0.103,185.74,20.29,258.00,31.64,286.47,0.27,50.69,'1_3_21_15'
283,1,3,21,30,1.90,218.07,0.00,0.101,174.27,20.10,256.60,31.80,350.47,0.06,51.52,'1_3_21_30'
284,1,3,21,45,1.92,262.25,0.00,0.101,168.37,20.14,253.47,32.02,352.47,0.00,51.70,'1_3_21_45'
285,1,3,22,0,1.94,250.73,0.00,0.101,186.89,20.38,254.00,31.98,352.80,0.00,51.80,'1_3_22_0'
286,1,3,22,15,1.97,265.77,0.00,0.101,188.06,20.19,252.93,32.05,350.47,0.00,51.82,'1_3_22_15'
287,1,3,22,30,2.00,308.73,0.00,0.100,185.04,20.23,247.73,32.48,347.53,0.00,52.10,'1_3_22_30'
288,1,3,22,45,2.04,327.05,0.00,0.100,176.78,20.20,246.60,32.54,345.20,0.00,52.30,'1_3_22_45'
289,1,3,23,0,2.07,342.35,0.00,0.100,147.95,16.71,243.80,32.81,371.27,0.00,52.76,'1_3_23_0'
290,1,3,23,15,2.12,352.29,0.00,0.100,150.50,16.55,241.87,32.95,369.93,0.00,52.85,'1_3_23_15'
291,1,3,23,30,2.16,403.13,0.00,0.101,150.21,16.74,240.27,33.08,368.80,0.00,53.01,'1_3_23_30'
292,1,3,23,45,2.21,415.52,0.00,0.101,137.99,16.62,239.73,33.20,365.40,0.00,53.23,'1_3_23_45'
293,1,4,0,0,2.27,431.83,0.00,0.101,169.53,16.34,233.73,33.60,363.80,0.00,53.51,'1_4_0_0'
294,1,4,0,15,2.32,401.05,0.00,0.100,176.58,16.69,233.20,33.67,365.07,0.00,53.43,'1_4_0_15'
295,1,4,0,30,2.37,417.54,0.00,0.101,169.37,16.70,237.73,33.35,364.33,0.00,53.33,'1_4_0_30'
296,1,4,0,45,2.43,433.30,0.00,0.101,164.05,16.50,232.80,33.74,361.33,0.00,53.60,'1_4_0_45'
297,1,4,1,0,2.49,396.51,0.00,0.100,168.96,16.56,235.80,33.54,366.33,0.00,53.27,'1_4_1_0'
298,1,4,1,15,2.53,408.91,0.00,0.100,156.85,16.60,234.20,33.63,361.73,0.00,53.46,'1_4_1_15'
299,1,4,1,30,2.59,409.86,0.00,0.100,155.60,16.59,233.60,33.69,365.60,0.00,53.35,'1_4_1_30'
300,1,4,1,45,2.64,409.33,0.00,0.100,162.79,16.51,233.13,33.93,361.60,0.00,53.61,'1_4_1_45'
301,1,4,2,0,2.69,442.61,0.00,0.100,147.76,16.53,243.47,33.92,358.53,0.00,53.77,'1_4_2_0'
302,1,4,2,15,2.75,469.95,0.00,0.101,147.62,16.59,240.73,34.13,357.20,0.00,54.05,'1_4_2_15'
303,1,4,2,30,2.81,430.85,0.00,0.100,152.41,16.70,242.20,34.02,358.27,0.00,53.93,'1_4_2_30'
304,1,4,2,45,2.86,410.63,0.00,0.100,131.19,16.67,239.13,34.21,359.00,0.00,53.96,'1_4_2_45'
305,1,4,3,0,2.92,400.61,0.00,0.100,128.16,16.57,242.60,33.93,362.33,0.00,53.73,'1_4_3_0'
306,1,4,3,15,2.97,436.79,0.00,0.100,115.53,16.93,241.33,34.07,359.40,0.00,53.97,'1_4_3_15'
307,1,4,3,30,3.03,432.76,0.00,0.101,115.00,17.11,236.07,34.46,359.87,0.00,54.21,'1_4_3_30'
308,1,4,3,45,3.08,434.31,0.00,0.102,124.07,16.80,237.27,34.37,356.80,0.00,54.22,'1_4_3_45'
309,1,4,4,0,3.14,463.05,0.00,0.101,129.13,16.95,258.13,34.59,356.00,0.00,54.33,'1_4_4_0'
310,1,4,4,15,3.20,411.51,0.00,0.102,130.52,16.65,261.20,34.35,362.00,0.00,53.88,'1_4_4_15'
311,1,4,4,30,3.24,427.48,0.00,0.100,127.99,16.68,257.87,34.58,358.27,0.00,54.31,'1_4_4_30'
312,1,4,4,45,3.30,448.54,0.00,0.100,127.16,16.67,258.40,34.54,357.13,0.00,54.25,'1_4_4_45'
313,1,4,5,0,3.36,409.91,0.00,0.100,135.22,16.64,262.60,34.22,357.53,0.00,54.16,'1_4_5_0'
314,1,4,5,15,3.41,387.54,0.00,0.101,120.88,16.70,262.07,34.22,360.00,0.00,54.09,'1_4_5_15'
315,1,4,5,30,3.45,345.39,0.00,0.100,128.61,16.63,262.93,34.17,361.93,0.00,53.97,'1_4_5_30'
316,1,4,5,45,3.50,313.17,0.00,0.100,147.96,17.85,265.13,33.97,363.40,0.00,53.81,'1_4_5_45'
317,1,4,6,0,3.54,282.25,0.00,0.100,167.32,20.01,265.27,33.90,363.40,0.00,53.66,'1_4_6_0'
318,1,4,6,15,3.57,239.83,0.00,0.101,164.43,20.62,259.00,33.51,367.33,0.00,53.31,'1_4_6_15'
319,1,4,6,30,3.60,103.29,1.16,0.100,173.21,20.72,261.40,33.24,258.20,18.50,51.91,'1_4_6_30'
320,1,4,6,45,3.61,18.23,2.13,0.100,178.59,20.71,260.67,33.27,180.93,24.91,51.76,'1_4_6_45'
321,1,4,7,0,3.61,0.00,71.60,0.101,186.89,20.60,263.33,33.07,152.53,25.98,51.31,'1_4_7_0'
322,1,4,7,15,3.60,0.00,162.87,0.100,196.00,20.88,257.33,32.71,130.67,26.10,50.74,'1_4_7_15'
323,1,4,7,30,3.57,0.00,246.29,0.100,209.27,20.76,236.47,32.45,84.33,25.00,50.40,'1_4_7_30'
324,1,4,7,45,3.53,0.00,266.78,0.100,223.85,20.08,240.07,32.18,87.80,26.71,50.16,'1_4_7_45'
325,1,4,8,0,3.49,0.00,289.59,0.100,229.35,19.65,243.20,31.78,87.87,25.74,49.84,'1_4_8_0'
326,1,4,8,15,3.45,0.00,346.88,0.101,222.01,20.60,235.73,31.66,63.33,25.57,49.41,'1_4_8_15'
327,1,4,8,30,3.39,0.00,355.90,0.100,238.22,18.86,239.33,31.42,64.67,25.08,49.35,'1_4_8_30'
328,1,4,8,45,3.34,0.00,370.41,0.100,244.53,18.77,239.20,31.37,30.13,26.05,49.31,'1_4_8_45'
329,1,4,9,0,3.28,0.00,393.23,0.100,264.86,21.21,247.07,30.84,3.20,26.43,48.86,'1_4_9_0'
330,1,4,9,15,3.22,0.00,393.67,0.100,287.36,21.20,249.27,30.69,3.33,25.52,48.68,'1_4_9_15'
331,1,4,9,30,3.15,0.00,390.81,0.100,290.95,21.32,248.47,30.72,3.80,24.88,48.55,'1_4_9_30'
332,1,4,9,45,3.09,0.00,391.21,0.100,291.79,21.25,249.47,30.65,3.40,24.94,48.49,'1_4_9_45'
333,1,4,10,0,3.03,0.00,383.90,0.101,283.50,21.18,251.00,30.53,4.20,26.45,48.35,'1_4_10_0'
334,1,4,10,15,2.97,0.00,359.07,0.101,234.76,21.65,251.60,30.50,3.47,24.96,47.96,'1_4_10_15'
335,1,4,10,30,2.91,0.00,380.16,0.103,247.35,21.71,237.47,30.62,3.67,24.64,48.24,'1_4_10_30'
336,1,4,10,45,2.85,0.00,352.61,0.101,237.04,21.50,237.40,30.63,3.53,25.93,48.43,'1_4_10_45'
337,1,4,11,0,2.79,0.00,363.66,0.101,226.02,20.78,239.53,30.49,3.33,24.51,48.08,'1_4_11_0'
338,1,4,11,15,2.73,0.00,344.86,0.103,220.32,21.16,235.80,30.76,3.53,26.19,48.54,'1_4_11_15'
339,1,4,11,30,2.68,0.00,362.31,0.103,219.22,21.24,239.33,30.51,3.40,25.50,48.38,'1_4_11_30'
340,1,4,11,45,2.62,0.00,309.46,0.105,212.98,21.28,233.33,30.94,26.80,24.74,49.16,'1_4_11_45'
341,1,4,12,0,2.57,0.00,194.00,0.101,219.62,21.23,228.60,31.31,109.53,25.79,49.65,'1_4_12_0'
342,1,4,12,15,2.53,0.00,223.47,0.105,207.70,20.99,244.80,31.31,101.80,25.29,49.41,'1_4_12_15'
343,1,4,12,30,2.50,0.00,193.76,0.105,225.15,20.63,248.67,31.24,97.20,24.64,49.59,'1_4_12_30'
344,1,4,12,45,2.45,0.00,220.92,0.101,233.24,20.50,246.13,31.37,98.07,25.89,49.46,'1_4_12_45'
345,1,4,13,0,2.42,0.00,227.39,0.103,213.09,21.11,253.47,31.17,95.80,25.20,49.38,'1_4_13_0'
346,1,4,13,15,2.38,0.00,224.18,0.102,204.50,21.16,259.93,31.24,97.13,25.46,49.42,'1_4_13_15'
347,1,4,13,30,2.34,0.00,228.63,0.104,205.93,21.22,262.93,30.99,92.93,26.38,49.29,'1_4_13_30'
348,1,4,13,45,2.31,0.00,207.47,0.105,182.50,20.90,259.67,31.18,100.93,25.03,49.33,'1_4_13_45'
349,1,4,14,0,2.27,0.00,206.55,0.108,191.51,20.87,259.60,31.18,103.73,26.45,49.27,'1_4_14_0'
350,1,4,14,15,2.24,0.00,165.37,0.105,184.60,20.84,258.20,31.27,103.07,25.78,49.39,'1_4_14_15'
351,1,4,14,30,2.20,0.00,175.49,0.101,184.90,20.82,256.80,31.39,102.00,25.30,49.54,'1_4_14_30'
352,1,4,14,45,2.17,0.00,162.61,0.103,186.71,20.68,257.87,31.30,101.67,25.09,49.41,'1_4_14_45'
353,1,4,15,0,2.15,0.00,147.95,0.101,186.69,20.86,256.47,31.39,102.00,26.49,49.39,'1_4_15_0'
354,1,4,15,15,2.12,0.00,106.87,0.103,202.82,20.82,256.80,31.35,102.80,24.76,49.55,'1_4_15_15'
355,1,4,15,30,2.10,0.00,131.50,0.103,195.18,20.69,258.27,31.23,103.13,25.23,49.36,'1_4_15_30'
356,1,4,15,45,2.07,0.00,79.19,0.101,174.55,19.69,253.47,31.59,102.07,24.92,49.46,'1_4_15_45'
357,1,4,16,0,2.05,0.00,50.92,0.103,163.52,19.73,254.67,31.50,101.60,25.57,49.67,'1_4_16_0'
358,1,4,16,15,2.03,0.00,43.45,0.105,174.77,19.89,258.33,31.20,102.20,25.05,49.38,'1_4_16_15'
359,1,4,16,30,2.01,0.00,67.29,0.104,164.85,19.67,253.80,31.58,104.33,25.67,49.47,'1_4_16_30'
360,1,4,16,45,1.99,0.00,68.34,0.105,162.23,19.89,255.07,31.48,101.27,25.11,49.67,'1_4_16_45'
361,1,4,17,0,1.97,0.00,103.55,0.106,177.49,19.77,258.20,31.21,103.33,27.10,49.32,'1_4_17_0'
362,1,4,17,15,1.95,0.00,71.76,0.108,174.45,19.78,256.87,31.35,137.13,25.12,49.48,'1_4_17_15'
363,1,4,17,30,1.93,0.00,58.21,0.107,182.18,19.80,257.73,31.27,141.93,24.99,49.50,'1_4_17_30'
364,1,4,17,45,1.92,0.00,59.07,0.106,172.76,19.74,253.13,31.61,141.73,26.20,49.91,'1_4_17_45'
365,1,4,18,0,1.90,0.00,74.95,0.109,170.63,19.80,258.20,31.18,143.67,24.77,49.39,'1_4_18_0'
366,1,4,18,15,1.88,0.00,83.13,0.109,182.89,19.67,258.87,31.12,141.67,25.75,49.54,'1_4_18_15'
367,1,4,18,30,1.86,0.00,91.58,0.109,163.79,19.88,253.27,31.55,140.87,24.99,49.82,'1_4_18_30'
368,1,4,18,45,1.85,0.00,121.76,0.108,172.66,19.73,258.80,31.10,152.27,25.16,49.37,'1_4_18_45'
369,1,4,19,0,1.82,22.91,48.47,0.109,187.37,19.66,258.40,31.17,230.40,26.83,50.05,'1_4_19_0'
370,1,4,19,15,1.81,22.68,6.85,0.109,190.17,19.61,255.13,31.40,283.40,25.45,50.44,'1_4_19_15'
371,1,4,19,30,1.81,1.83,19.43,0.108,172.03,19.72,256.00,31.31,282.93,25.81,50.46,'1_4_19_30'
372,1,4,19,45,1.80,17.55,1.11,0.109,182.15,19.64,255.27,31.33,283.33,25.56,50.48,'1_4_19_45'
373,1,4,20,0,1.79,3.76,16.55,0.107,188.84,19.57,258.27,31.13,282.60,26.18,50.48,'1_4_20_0'
374,1,4,20,15,1.78,0.43,25.50,0.107,191.73,19.62,258.67,31.10,285.33,25.64,50.26,'1_4_20_15'
375,1,4,20,30,1.77,8.87,2.01,0.108,178.97,19.79,251.93,31.58,283.80,25.06,50.54,'1_4_20_30'
376,1,4,20,45,1.77,28.07,2.17,0.105,182.72,19.74,254.60,31.39,284.53,24.70,50.45,'1_4_20_45'
377,1,4,21,0,1.76,50.93,0.00,0.107,183.40,19.69,255.87,31.31,282.87,5.80,50.49,'1_4_21_0'
378,1,4,21,15,1.76,48.95,0.05,0.104,179.73,19.58,236.60,31.30,284.27,0.28,50.50,'1_4_21_15'
379,1,4,21,30,1.77,102.81,0.00,0.106,184.69,19.67,215.93,31.56,282.53,0.07,50.69,'1_4_21_30'
380,1,4,21,45,1.77,125.92,0.00,0.103,165.42,19.61,217.40,31.45,285.27,0.00,50.50,'1_4_21_45'
381,1,4,22,0,1.79,218.37,0.00,0.107,180.65,20.51,214.93,31.67,367.33,0.00,51.73,'1_4_22_0'
382,1,4,22,15,1.81,279.42,0.00,0.108,176.96,20.44,211.00,31.99,377.33,0.00,52.05,'1_4_22_15'
383,1,4,22,30,1.84,268.67,0.00,0.105,176.40,20.64,228.87,32.11,377.33,0.00,52.18,'1_4_22_30'
384,1,4,22,45,1.87,304.83,0.00,0.105,179.37,20.44,243.67,32.41,375.87,0.00,52.34,'1_4_22_45'
385,1,4,23,0,1.91,311.75,0.00,0.103,150.37,17.19,241.87,32.53,375.67,0.00,52.46,'1_4_23_0'
386,1,4,23,15,1.95,339.27,0.00,0.104,150.98,16.78,239.73,32.67,375.00,0.00,52.46,'1_4_23_15'
387,1,4,23,30,1.99,398.35,0.00,0.105,143.39,16.62,240.33,32.66,372.00,0.00,52.72,'1_4_23_30'
388,1,4,23,45,2.04,382.43,0.00,0.104,154.63,16.48,236.47,32.90,372.73,0.00,52.79,'1_4_23_45'
389,1,5,0,0,2.08,373.01,0.00,0.103,201.25,15.90,236.40,32.97,371.40,0.00,52.93,'1_5_0_0'
390,1,5,0,15,2.13,363.43,0.00,0.103,244.45,14.33,237.07,32.88,370.93,0.00,52.72,'1_5_0_15'
391,1,5,0,30,2.18,388.89,0.00,0.101,235.10,15.71,237.20,32.95,366.93,0.00,52.94,'1_5_0_30'
392,1,5,0,45,2.23,396.75,0.00,0.103,211.69,16.58,234.33,33.12,367.53,0.00,53.07,'1_5_0_45'
393,1,5,1,0,2.28,343.08,0.00,0.103,211.32,16.24,234.67,33.07,369.53,0.00,52.82,'1_5_1_0'
394,1,5,1,15,2.32,362.45,0.00,0.103,209.15,16.56,237.20,32.94,368.00,0.00,52.87,'1_5_1_15'
395,1,5,1,30,2.37,360.78,0.00,0.102,210.16,16.63,236.20,33.05,366.73,0.00,53.02,'1_5_1_30'
396,1,5,1,45,2.41,374.17,0.00,0.102,208.67,16.58,231.73,33.31,364.53,0.00,53.18,'1_5_1_45'
397,1,5,2,0,2.46,366.46,0.00,0.103,203.93,16.59,233.73,33.22,365.40,0.00,53.10,'1_5_2_0'
398,1,5,2,15,2.51,355.51,0.00,0.101,190.34,16.34,234.73,33.16,367.87,0.00,52.96,'1_5_2_15'
399,1,5,2,30,2.55,320.99,0.00,0.100,193.07,16.50,236.93,33.01,369.47,0.00,52.71,'1_5_2_30'
400,1,5,2,45,2.59,382.48,0.00,0.103,178.74,16.60,231.07,33.47,363.07,0.00,53.40,'1_5_2_45'
401,1,5,3,0,2.64,339.70,0.00,0.104,159.33,15.59,234.00,33.22,350.87,0.00,52.48,'1_5_3_0'
402,1,5,3,15,2.68,332.28,0.00,0.103,170.46,15.70,235.07,33.18,366.27,0.00,52.93,'1_5_3_15'
403,1,5,3,30,2.73,350.95,0.00,0.103,153.30,16.56,230.80,33.46,364.60,0.00,53.26,'1_5_3_30'
404,1,5,3,45,2.77,370.56,0.00,0.101,150.47,16.66,230.13,33.59,363.87,0.00,53.41,'1_5_3_45'
405,1,5,4,0,2.82,347.99,0.00,0.103,158.80,16.44,230.67,33.54,366.00,0.00,53.39,'1_5_4_0'
406,1,5,4,15,2.86,360.31,0.00,0.102,168.18,16.58,249.67,33.86,360.00,0.00,53.70,'1_5_4_15'
407,1,5,4,30,2.91,370.66,0.00,0.104,170.16,16.59,251.80,33.83,363.87,0.00,53.59,'1_5_4_30'
408,1,5,4,45,2.96,387.21,0.00,0.100,178.80,16.56,244.20,34.39,360.27,0.00,53.99,'1_5_4_45'
409,1,5,5,0,3.00,362.80,0.00,0.105,172.10,16.50,252.67,33.78,362.27,0.00,53.62,'1_5_5_0'
410,1,5,5,15,3.05,351.17,0.00,0.103,169.51,16.52,252.73,33.76,364.20,0.00,53.60,'1_5_5_15'
411,1,5,5,30,3.09,304.49,0.00,0.101,170.36,16.54,256.13,33.48,362.80,0.00,53.43,'1_5_5_30'
412,1,5,5,45,3.13,289.16,0.00,0.101,167.25,18.09,251.80,33.52,363.20,0.00,53.47,'1_5_5_45'
413,1,5,6,0,3.17,271.75,0.00,0.101,186.51,19.54,252.67,33.40,365.33,0.00,53.26,'1_5_6_0'
414,1,5,6,15,3.20,235.82,0.00,0.103,198.16,20.64,261.13,33.60,358.07,0.00,53.22,'1_5_6_15'
415,1,5,6,30,3.23,180.80,0.00,0.102,177.69,20.75,271.87,33.29,347.27,20.26,52.93,'1_5_6_30'
416,1,5,6,45,3.25,152.95,0.00,0.101,204.26,20.37,280.47,32.84,341.13,25.51,52.48,'1_5_6_45'
417,1,5,7,0,3.27,32.22,33.04,0.101,208.98,20.69,280.13,32.82,224.73,25.10,51.36,'1_5_7_0'
418,1,5,7,15,3.27,0.00,72.23,0.101,203.30,21.11,280.27,32.85,186.33,26.14,51.23,'1_5_7_15'
419,1,5,7,30,3.25,0.00,192.43,0.101,219.59,21.05,287.80,32.14,102.47,25.83,49.99,'1_5_7_30'
420,1,5,7,45,3.22,0.00,286.75,0.100,230.73,20.07,278.80,31.68,2.53,25.19,49.48,'1_5_7_45'
421,1,5,8,0,3.17,0.00,358.32,0.100,224.28,20.60,260.53,31.15,2.40,27.23,48.74,'1_5_8_0'
422,1,5,8,15,3.11,0.00,368.49,0.100,228.85,20.78,265.13,30.67,2.40,25.24,48.60,'1_5_8_15'
423,1,5,8,30,3.06,0.00,374.27,0.101,250.61,21.21,253.07,30.90,2.20,25.06,48.59,'1_5_8_30'
424,1,5,8,45,3.00,0.00,393.67,0.100,243.16,21.16,244.20,30.70,2.47,25.30,48.65,'1_5_8_45'
425,1,5,9,0,2.93,0.00,393.86,0.100,270.62,21.27,247.07,30.41,2.20,25.88,48.19,'1_5_9_0'
426,1,5,9,15,2.87,0.00,377.50,0.100,243.08,21.17,247.67,30.39,2.60,25.55,48.31,'1_5_9_15'
427,1,5,9,30,2.81,0.00,386.99,0.100,247.96,21.14,245.13,30.58,2.40,26.43,48.31,'1_5_9_30'
428,1,5,9,45,2.75,0.00,400.80,0.100,249.36,21.24,249.40,30.25,2.73,25.00,47.90,'1_5_9_45'
429,1,5,10,0,2.68,0.00,381.57,0.101,231.87,21.12,247.20,30.41,2.33,25.72,48.27,'1_5_10_0'
430,1,5,10,15,2.62,0.00,342.35,0.100,246.77,21.12,245.93,30.52,2.67,25.76,48.38,'1_5_10_15'
431,1,5,10,30,2.56,0.00,348.67,0.101,248.56,21.62,245.33,30.56,2.53,25.74,48.43,'1_5_10_30'
432,1,5,10,45,2.51,0.00,334.97,0.101,248.98,21.66,247.53,30.41,3.33,25.25,48.23,'1_5_10_45'
433,1,5,11,0,2.45,0.00,325.75,0.100,245.64,21.65,246.87,30.48,3.47,25.43,48.44,'1_5_11_0'
434,1,5,11,15,2.40,0.00,330.31,0.101,261.96,21.72,246.40,30.46,3.60,24.99,48.34,'1_5_11_15'
435,1,5,11,30,2.35,0.00,323.63,0.100,243.85,21.76,246.53,30.47,3.33,26.01,48.40,'1_5_11_30'
436,1,5,11,45,2.30,0.00,328.66,0.100,222.30,21.71,246.33,30.48,3.53,25.99,48.37,'1_5_11_45'
437,1,5,12,0,2.25,0.00,192.23,0.101,224.43,21.24,234.27,31.37,122.40,24.76,49.44,'1_5_12_0'
438,1,5,12,15,2.21,0.00,173.47,0.100,223.05,21.20,236.00,31.28,132.80,25.07,49.52,'1_5_12_15'
439,1,5,12,30,2.17,0.00,178.86,0.100,222.12,21.17,248.73,31.22,111.20,25.59,49.46,'1_5_12_30'
440,1,5,12,45,2.14,0.00,206.11,0.100,220.20,21.21,252.00,30.97,102.13,26.91,49.09,'1_5_12_45'
441,1,5,13,0,2.11,0.00,225.65,0.100,214.49,21.29,253.53,30.84,121.80,24.63,48.84,'1_5_13_0'
442,1,5,13,15,2.07,0.00,202.12,0.100,217.88,21.24,250.13,31.08,131.47,25.43,49.25,'1_5_13_15'
443,1,5,13,30,2.04,0.00,193.93,0.101,210.58,20.93,252.27,30.93,131.33,25.93,49.13,'1_5_13_30'
444,1,5,13,45,2.00,0.00,166.61,0.100,195.96,21.26,249.27,31.14,137.53,25.16,49.50,'1_5_13_45'
445,1,5,14,0,1.97,0.00,166.19,0.100,181.08,20.73,250.33,31.05,139.67,24.90,49.29,'1_5_14_0'
446,1,5,14,15,1.94,0.00,148.49,0.100,208.86,20.88,251.87,30.96,138.20,24.81,49.21,'1_5_14_15'
447,1,5,14,30,1.91,0.00,134.21,0.100,201.73,20.59,251.27,30.98,139.40,25.64,49.17,'1_5_14_30'
448,1,5,14,45,1.88,0.00,106.44,0.100,194.03,20.81,251.20,31.00,138.40,26.48,49.19,'1_5_14_45'
449,1,5,15,0,1.86,0.00,118.82,0.100,189.35,20.63,247.53,31.27,101.40,25.01,49.45,'1_5_15_0'
450,1,5,15,15,1.83,0.00,127.61,0.100,175.77,20.64,246.87,31.25,101.93,26.07,49.20,'1_5_15_15'
451,1,5,15,30,1.80,0.00,128.48,0.100,175.71,20.76,251.80,30.92,99.73,26.01,49.12,'1_5_15_30'
452,1,5,15,45,1.78,0.00,133.10,0.100,190.26,20.52,249.80,31.10,98.27,25.86,49.41,'1_5_15_45'
453,1,5,16,0,1.75,0.00,135.03,0.100,184.23,20.59,251.93,30.93,100.60,25.38,49.13,'1_5_16_0'
454,1,5,16,15,1.73,0.00,148.23,0.100,188.37,20.80,248.87,31.12,102.00,25.36,49.12,'1_5_16_15'
455,1,5,16,30,1.70,0.00,129.05,0.100,186.19,20.62,251.80,30.92,137.33,25.28,49.29,'1_5_16_30'
456,1,5,16,45,1.67,0.00,95.81,0.100,179.18,20.69,249.60,31.08,204.27,26.52,49.61,'1_5_16_45'
457,1,5,17,0,1.65,9.74,15.66,0.100,169.40,20.69,248.33,31.17,280.47,25.70,50.28,'1_5_17_0'
458,1,5,17,15,1.65,31.55,0.73,0.100,172.46,20.60,246.07,31.39,298.67,25.97,50.59,'1_5_17_15'
459,1,5,17,30,1.65,71.23,0.00,0.100,166.33,20.73,247.80,31.22,300.60,25.55,50.41,'1_5_17_30'
460,1,5,17,45,1.65,96.59,0.00,0.100,153.63,20.62,249.27,31.12,300.27,24.95,50.47,'1_5_17_45'
461,1,5,18,0,1.65,77.61,0.00,0.100,171.52,20.75,249.40,31.12,299.73,25.80,50.53,'1_5_18_0'
462,1,5,18,15,1.66,96.87,0.00,0.100,160.50,20.75,245.67,31.41,299.53,25.33,50.58,'1_5_18_15'
463,1,5,18,30,1.67,122.77,0.00,0.100,146.65,20.74,249.53,31.10,304.20,25.81,50.40,'1_5_18_30'
464,1,5,18,45,1.68,157.99,0.00,0.100,151.60,20.67,243.80,31.53,314.93,25.64,50.88,'1_5_18_45'
465,1,5,19,0,1.70,114.20,0.00,0.100,172.84,20.76,246.67,31.33,317.33,25.04,50.70,'1_5_19_0'
466,1,5,19,15,1.70,116.42,0.00,0.100,174.74,20.59,243.67,31.27,317.67,25.07,50.59,'1_5_19_15'
467,1,5,19,30,1.72,121.67,0.00,0.100,187.94,20.71,241.73,31.33,314.53,25.72,50.67,'1_5_19_30'
468,1,5,19,45,1.73,123.21,0.00,0.100,165.96,20.69,244.87,31.46,316.00,25.42,50.80,'1_5_19_45'
469,1,5,20,0,1.74,95.30,0.00,0.100,174.17,20.68,244.80,31.44,316.73,25.03,50.62,'1_5_20_0'
470,1,5,20,15,1.74,106.77,0.00,0.100,171.30,20.69,242.60,31.67,314.80,26.12,50.88,'1_5_20_15'
471,1,5,20,30,1.75,69.59,0.00,0.100,161.36,20.81,247.00,31.34,316.07,25.95,50.71,'1_5_20_30'
472,1,5,20,45,1.76,102.23,0.00,0.101,159.14,20.81,246.00,31.41,315.13,25.89,50.71,'1_5_20_45'
473,1,5,21,0,1.77,167.72,0.00,0.100,169.69,20.70,246.40,31.39,314.13,5.85,50.89,'1_5_21_0'
474,1,5,21,15,1.78,150.61,0.00,0.101,194.85,20.50,243.87,31.62,317.20,0.28,50.99,'1_5_21_15'
475,1,5,21,30,1.80,188.51,0.00,0.100,165.50,20.86,241.60,31.77,325.27,0.07,51.16,'1_5_21_30'
476,1,5,21,45,1.82,223.15,0.00,0.100,159.21,20.67,238.80,32.02,336.47,0.00,51.66,'1_5_21_45'
477,1,5,22,0,1.85,241.51,0.00,0.100,169.59,20.69,238.33,32.01,358.53,0.00,51.71,'1_5_22_0'
478,1,5,22,15,1.88,251.06,0.00,0.100,170.03,20.54,240.20,31.86,381.40,0.00,51.81,'1_5_22_15'
479,1,5,22,30,1.90,279.53,0.00,0.100,170.68,20.19,237.93,32.09,377.93,0.00,52.27,'1_5_22_30'
480,1,5,22,45,1.94,284.57,0.00,0.101,158.35,20.17,236.53,32.18,376.80,0.00,52.22,'1_5_22_45'
481,1,5,23,0,1.97,300.16,0.00,0.100,147.49,16.69,234.73,32.34,375.53,0.00,52.43,'1_5_23_0'
482,1,5,23,15,2.01,315.97,0.00,0.100,130.46,16.46,231.53,32.57,375.47,0.00,52.59,'1_5_23_15'
483,1,5,23,30,2.05,339.30,0.00,0.100,140.28,16.59,230.40,32.63,373.27,0.00,52.78,'1_5_23_30'
484,1,5,23,45,2.09,352.61,0.00,0.100,139.31,16.44,231.53,32.58,373.33,0.00,52.59,'1_5_23_45'
485,1,6,0,0,2.13,398.88,0.00,0.100,140.24,16.61,226.20,32.97,371.87,0.00,52.99,'1_6_0_0'
486,1,6,0,15,2.18,358.18,0.00,0.101,152.23,16.56,225.13,33.01,372.33,0.00,52.97,'1_6_0_15'
487,1,6,0,30,2.23,405.68,0.00,0.100,164.98,16.56,247.73,33.23,367.87,0.00,53.20,'1_6_0_30'
488,1,6,0,45,2.28,418.16,0.00,0.100,145.72,16.63,244.80,33.46,367.00,0.00,53.41,'1_6_0_45'
489,1,6,1,0,2.34,451.20,0.00,0.100,142.34,16.55,243.00,33.57,366.60,0.00,53.45,'1_6_1_0'
490,1,6,1,15,2.39,407.89,0.00,0.100,139.44,16.57,245.13,33.44,368.40,0.00,53.29,'1_6_1_15'
491,1,6,1,30,2.44,423.37,0.00,0.101,132.63,16.52,239.73,33.85,365.07,0.00,53.65,'1_6_1_30'
492,1,6,1,45,2.50,431.81,0.00,0.100,133.25,16.56,239.07,33.88,364.40,0.00,53.77,'1_6_1_45'
493,1,6,2,0,2.56,461.07,0.00,0.100,127.49,16.72,239.53,33.91,363.20,0.00,53.75,'1_6_2_0'
494,1,6,2,15,2.61,410.69,0.00,0.100,124.14,16.59,241.60,33.70,367.40,0.00,53.48,'1_6_2_15'
495,1,6,2,30,2.67,405.29,0.00,0.100,127.93,16.63,239.93,33.83,365.73,0.00,53.63,'1_6_2_30'
496,1,6,2,45,2.72,438.37,0.00,0.100,126.05,16.54,237.67,34.02,362.27,0.00,53.91,'1_6_2_45'
497,1,6,3,0,2.78,465.51,0.00,0.100,127.24,16.59,235.93,34.15,360.87,0.00,54.01,'1_6_3_0'
498,1,6,3,15,2.83,441.50,0.00,0.100,125.29,16.70,234.13,34.25,359.53,0.00,54.10,'1_6_3_15'
499,1,6,3,30,2.89,423.89,0.00,0.100,117.13,17.08,238.40,33.95,361.67,0.00,54.03,'1_6_3_30'
500,1,6,3,45,2.95,436.24,0.00,0.100,121.91,16.59,233.73,34.36,359.87,0.00,54.20,'1_6_3_45'
501,1,6,4,0,3.00,431.92,0.00,0.100,124.02,16.58,244.47,34.30,360.33,0.00,54.03,'1_6_4_0'
502,1,6,4,15,3.06,466.01,0.00,0.100,134.06,16.45,242.47,34.58,357.80,0.00,54.38,'1_6_4_15'
503,1,6,4,30,3.11,394.37,0.00,0.100,135.50,16.62,248.87,34.06,280.27,0.00,53.35,'1_6_4_30'
504,1,6,4,45,3.17,301.17,0.00,0.100,120.97,16.88,254.13,33.65,194.20,0.00,52.27,'1_6_4_45'
505,1,6,5,0,3.20,356.25,0.00,0.100,132.69,16.63,254.60,33.61,194.60,0.00,52.08,'1_6_5_0'
506,1,6,5,15,3.24,338.41,0.00,0.100,129.09,16.59,253.20,33.71,193.87,0.00,52.24,'1_6_5_15'
507,1,6,5,30,3.27,307.33,0.00,0.100,146.73,16.56,259.00,33.25,195.47,0.00,51.88,'1_6_5_30'
508,1,6,5,45,3.30,276.57,0.00,0.100,149.89,19.61,255.27,33.50,196.87,0.00,51.75,'1_6_5_45'
509,1,6,6,0,3.33,276.19,0.00,0.100,130.54,19.75,253.33,33.67,193.87,0.00,52.12,'1_6_6_0'
510,1,6,6,15,3.36,241.56,0.00,0.100,129.77,19.73,255.93,33.48,170.87,0.00,51.64,'1_6_6_15'
511,1,6,6,30,3.38,181.37,0.00,0.100,125.90,19.59,262.13,32.98,136.93,18.71,51.27,'1_6_6_30'
512,1,6,6,45,3.40,179.59,0.00,0.100,127.93,20.48,255.33,33.50,150.93,26.28,51.73,'1_6_6_45'
513,1,6,7,0,3.41,153.31,0.00,0.100,127.54,20.63,262.47,32.93,152.07,24.94,51.25,'1_6_7_0'
514,1,6,7,15,3.42,100.94,0.00,0.100,140.92,20.67,255.87,33.40,152.07,25.43,51.44,'1_6_7_15'
515,1,6,7,30,3.42,12.15,4.24,0.100,162.15,20.55,261.07,32.98,112.13,25.44,51.10,'1_6_7_30'
516,1,6,7,45,3.41,0.00,70.17,0.100,170.48,21.10,254.40,32.69,91.00,25.71,50.81,'1_6_7_45'
517,1,6,8,0,3.39,0.00,110.54,0.100,190.53,20.98,254.07,32.67,94.27,24.84,50.66,'1_6_8_0'
518,1,6,8,15,3.37,0.00,163.61,0.100,210.36,21.03,258.47,32.33,86.87,26.89,50.29,'1_6_8_15'
519,1,6,8,30,3.33,0.00,244.07,0.100,217.65,20.97,266.53,31.65,47.73,26.06,49.41,'1_6_8_30'
520,1,6,8,45,3.29,0.00,323.65,0.100,236.91,20.86,266.60,31.14,3.53,26.13,49.00,'1_6_8_45'
521,1,6,9,0,3.23,0.00,338.30,0.100,238.60,21.46,260.87,31.20,3.40,25.24,48.99,'1_6_9_0'
522,1,6,9,15,3.17,0.00,376.67,0.100,246.95,21.62,266.60,30.59,3.27,24.97,48.52,'1_6_9_15'
523,1,6,9,30,3.10,0.00,409.91,0.100,242.25,21.66,260.67,30.20,3.67,25.34,48.06,'1_6_9_30'
524,1,6,9,45,3.02,0.00,460.59,0.100,254.18,21.63,246.93,29.61,3.33,26.31,47.44,'1_6_9_45'
525,1,6,10,0,2.94,0.00,479.45,0.100,249.91,21.72,247.87,29.37,3.53,26.13,47.41,'1_6_10_0'
526,1,6,10,15,2.87,0.00,457.95,0.100,249.16,21.69,246.40,29.48,3.60,23.96,47.28,'1_6_10_15'
527,1,6,10,30,2.79,0.00,478.16,0.100,258.95,21.70,246.67,29.47,3.80,26.11,47.38,'1_6_10_30'
528,1,6,10,45,2.71,0.00,463.64,0.100,267.13,21.67,247.00,29.48,3.33,24.66,47.33,'1_6_10_45'
529,1,6,11,0,2.64,0.00,452.06,0.100,230.96,21.41,246.40,29.52,3.33,24.71,47.37,'1_6_11_0'
530,1,6,11,15,2.57,0.00,413.28,0.100,231.28,21.24,240.67,29.90,29.87,25.85,48.05,'1_6_11_15'
531,1,6,11,30,2.50,0.00,327.01,0.100,260.48,21.52,233.20,30.46,114.13,25.44,48.63,'1_6_11_30'
532,1,6,11,45,2.45,0.00,306.08,0.100,244.26,21.73,232.13,30.54,106.20,26.17,48.75,'1_6_11_45'
533,1,6,12,0,2.39,0.00,290.85,0.100,225.74,21.59,234.40,30.42,107.07,25.13,48.67,'1_6_12_0'
534,1,6,12,15,2.34,0.00,268.33,0.100,233.44,21.75,234.60,30.97,117.20,25.11,49.03,'1_6_12_15'
535,1,6,12,30,2.29,0.00,228.93,0.100,212.51,21.69,245.40,31.16,137.47,26.01,49.44,'1_6_12_30'
536,1,6,12,45,2.25,0.00,167.00,0.100,210.92,21.71,255.53,31.30,143.33,25.78,49.31,'1_6_12_45'
537,1,6,13,0,2.22,0.00,145.35,0.100,206.05,21.61,266.47,31.09,143.53,25.15,49.44,'1_6_13_0'
538,1,6,13,15,2.19,0.00,100.60,0.100,186.71,21.10,260.73,31.50,140.53,25.35,49.69,'1_6_13_15'
539,1,6,13,30,2.16,0.00,82.33,0.100,188.68,20.62,262.00,31.41,134.00,25.15,49.65,'1_6_13_30'
540,1,6,13,45,2.14,0.00,88.49,0.100,208.81,20.29,261.13,31.47,106.00,25.90,49.52,'1_6_13_45'
541,1,6,14,0,2.11,0.00,65.83,0.100,183.32,20.15,262.73,31.35,98.73,26.00,49.54,'1_6_14_0'
542,1,6,14,15,2.09,0.00,103.43,0.100,183.82,20.18,262.33,31.38,101.80,25.78,49.46,'1_6_14_15'
543,1,6,14,30,2.06,0.00,82.85,0.100,192.06,20.10,262.80,31.35,98.73,25.78,49.55,'1_6_14_30'
544,1,6,14,45,2.04,0.00,99.44,0.100,184.45,20.35,261.27,31.46,101.87,25.11,49.46,'1_6_14_45'
545,1,6,15,0,2.02,0.00,52.53,0.100,177.23,20.21,262.73,31.33,99.53,24.73,49.41,'1_6_15_0'
546,1,6,15,15,2.00,0.00,47.25,0.100,168.50,19.97,260.93,31.47,99.80,24.87,49.52,'1_6_15_15'
547,1,6,15,30,1.98,0.00,54.26,0.100,180.86,20.05,259.60,31.52,100.87,26.03,49.46,'1_6_15_30'
548,1,6,15,45,1.97,0.00,48.13,0.100,167.59,20.22,264.60,31.16,101.53,24.51,49.24,'1_6_15_45'
549,1,6,16,0,1.95,0.00,20.77,0.100,163.03,20.26,256.47,31.56,98.40,24.95,49.70,'1_6_16_0'
550,1,6,16,15,1.94,0.00,50.48,0.100,173.10,20.20,237.27,31.42,101.27,26.16,49.51,'1_6_16_15'
551,1,6,16,30,1.92,0.00,46.48,0.100,156.38,20.14,237.73,31.45,101.53,25.98,49.63,'1_6_16_30'
552,1,6,16,45,1.90,0.00,58.49,0.100,176.35,20.08,240.80,31.19,104.27,25.19,49.39,'1_6_16_45'
553,1,6,17,0,1.89,4.00,39.54,0.100,170.92,20.05,238.67,31.42,132.47,25.70,49.80,'1_6_17_0'
554,1,6,17,15,1.87,90.77,5.26,0.100,160.78,20.24,238.13,31.50,262.00,24.74,50.83,'1_6_17_15'
555,1,6,17,30,1.87,100.93,0.00,0.100,172.63,19.97,239.13,31.39,295.33,25.09,50.33,'1_6_17_30'
556,1,6,17,45,1.88,88.54,0.00,0.100,166.24,20.16,239.20,31.43,287.13,26.55,50.56,'1_6_17_45'
557,1,6,18,0,1.88,90.53,0.00,0.100,169.83,20.18,240.73,31.37,284.80,25.28,50.54,'1_6_18_0'
558,1,6,18,15,1.89,93.13,0.00,0.100,180.05,20.03,239.33,31.48,285.93,25.44,50.54,'1_6_18_15'
559,1,6,18,30,1.89,97.33,0.00,0.100,179.63,20.14,236.07,31.67,286.00,25.74,50.61,'1_6_18_30'
560,1,6,18,45,1.90,85.69,0.00,0.100,188.37,19.85,237.73,31.61,285.60,25.31,50.58,'1_6_18_45'
561,1,6,19,0,1.90,95.39,0.00,0.100,191.63,20.18,237.40,31.68,282.73,25.28,50.63,'1_6_19_0'
562,1,6,19,15,1.91,64.35,0.00,0.100,177.41,20.12,237.80,31.64,286.93,25.22,50.70,'1_6_19_15'
563,1,6,19,30,1.91,96.83,0.00,0.100,173.84,20.19,240.40,31.48,303.20,24.85,50.73,'1_6_19_30'
564,1,6,19,45,1.91,80.96,0.00,0.100,181.14,20.14,238.00,31.66,304.13,26.34,50.88,'1_6_19_45'
565,1,6,20,0,1.92,98.52,0.00,0.100,207.47,20.16,241.93,31.44,303.67,25.54,50.80,'1_6_20_0'
566,1,6,20,15,1.92,80.73,0.00,0.100,178.49,20.16,240.40,31.51,306.20,25.13,50.65,'1_6_20_15'
567,1,6,20,30,1.92,77.07,0.00,0.100,162.70,19.96,243.93,31.26,323.67,26.33,50.74,'1_6_20_30'
568,1,6,20,45,1.93,126.30,0.00,0.100,164.09,20.10,258.80,31.78,330.73,25.23,51.29,'1_6_20_45'
569,1,6,21,0,1.94,203.71,0.00,0.100,185.28,20.12,258.00,31.94,357.00,6.56,51.75,'1_6_21_0'
570,1,6,21,15,1.96,242.04,0.00,0.100,179.95,20.03,253.67,32.30,356.80,0.28,51.90,'1_6_21_15'
571,1,6,21,30,1.99,268.85,0.00,0.100,171.83,20.18,249.47,32.59,356.33,0.07,51.99,'1_6_21_30'
572,1,6,21,45,2.02,307.63,0.00,0.100,171.90,20.03,253.67,32.24,355.53,0.00,51.95,'1_6_21_45'
573,1,6,22,0,2.05,305.44,0.00,0.100,174.08,20.18,250.60,32.51,358.20,0.00,52.41,'1_6_22_0'
574,1,6,22,15,2.08,338.20,0.00,0.100,167.66,20.22,245.27,32.94,377.13,0.00,52.65,'1_6_22_15'
575,1,6,22,30,2.12,345.15,0.00,0.100,169.64,20.24,246.67,32.80,376.13,0.00,52.65,'1_6_22_30'
576,1,6,22,45,2.16,355.33,0.00,0.100,171.96,20.05,268.47,32.91,374.27,0.00,52.75,'1_6_22_45'
577,1,6,23,0,2.20,375.49,0.00,0.100,164.21,16.48,266.53,33.01,372.93,0.00,52.88,'1_6_23_0'
578,1,6,23,15,2.25,374.62,0.00,0.100,157.48,16.61,265.20,33.12,372.73,0.00,52.90,'1_6_23_15'
579,1,6,23,30,2.30,388.94,0.00,0.100,154.70,16.54,261.33,33.40,371.67,0.00,53.16,'1_6_23_30'
580,1,6,23,45,2.34,399.69,0.00,0.100,159.04,16.48,262.07,33.35,370.60,0.00,53.13,'1_6_23_45'
581,1,7,0,0,2.40,420.00,0.00,0.100,186.13,16.27,259.47,33.53,370.27,0.00,53.20,'1_7_0_0'
582,1,7,0,15,2.44,383.19,0.00,0.100,223.25,16.47,259.67,33.51,370.60,0.00,53.22,'1_7_0_15'
583,1,7,0,30,2.49,402.21,0.00,0.100,205.70,16.73,256.53,33.74,366.80,0.00,53.44,'1_7_0_30'
584,1,7,0,45,2.54,434.46,0.00,0.100,186.71,16.58,259.33,33.52,365.93,0.00,53.41,'1_7_0_45'
585,1,7,1,0,2.59,403.84,0.00,0.100,180.67,16.54,257.93,33.63,365.80,0.00,53.32,'1_7_1_0'
586,1,7,1,15,2.65,361.48,0.00,0.100,203.18,16.46,259.13,33.50,367.20,0.00,53.27,'1_7_1_15'
587,1,7,1,30,2.69,368.19,0.00,0.100,193.78,16.48,257.73,33.60,365.80,0.00,53.33,'1_7_1_30'
588,1,7,1,45,2.74,394.72,0.00,0.100,200.27,16.76,254.27,33.87,362.67,0.00,53.67,'1_7_1_45'
589,1,7,2,0,2.79,358.70,0.00,0.100,210.70,16.48,257.53,33.56,366.20,0.00,53.26,'1_7_2_0'
590,1,7,2,15,2.83,354.61,0.00,0.100,190.62,16.49,257.80,33.56,367.20,0.00,53.15,'1_7_2_15'
591,1,7,2,30,2.88,380.37,0.00,0.100,183.20,16.44,255.53,33.73,364.07,0.00,53.52,'1_7_2_30'
592,1,7,2,45,2.92,364.68,0.00,0.100,176.49,16.59,254.07,33.82,363.67,0.00,53.59,'1_7_2_45'
593,1,7,3,0,2.98,382.04,0.00,0.100,163.97,16.54,252.60,33.95,362.93,0.00,53.61,'1_7_3_0'
594,1,7,3,15,3.02,407.89,0.00,0.100,163.74,16.62,252.40,33.88,361.60,0.00,53.66,'1_7_3_15'
595,1,7,3,30,3.07,372.49,0.00,0.100,147.20,16.59,252.60,33.92,361.93,0.00,53.69,'1_7_3_30'
596,1,7,3,45,3.11,390.58,0.00,0.100,148.09,16.51,252.53,33.97,361.47,0.00,53.76,'1_7_3_45'
597,1,7,4,0,3.16,379.48,0.00,0.100,161.94,16.51,251.87,33.98,362.60,0.00,53.70,'1_7_4_0'
598,1,7,4,15,3.20,378.91,0.00,0.100,169.05,16.56,247.93,34.33,361.20,0.00,53.98,'1_7_4_15'
599,1,7,4,30,3.25,218.41,0.00,0.100,170.33,16.56,258.67,33.42,195.47,0.00,51.61,'1_7_4_30'
600,1,7,4,45,3.28,158.87,0.00,0.100,174.30,16.46,257.87,33.52,126.40,0.00,51.47,'1_7_4_45'
601,1,7,5,0,3.29,134.55,0.00,0.100,187.56,16.48,266.27,32.82,128.13,0.00,50.98,'1_7_5_0'
602,1,7,5,15,3.31,198.58,0.00,0.100,172.01,16.52,264.20,33.03,126.87,0.00,51.25,'1_7_5_15'
603,1,7,5,30,3.33,137.05,0.00,0.100,171.12,17.01,249.27,33.07,127.00,0.00,51.34,'1_7_5_30'
604,1,7,5,45,3.33,81.17,0.00,0.100,178.39,19.59,231.53,33.16,127.53,0.00,51.22,'1_7_5_45'
605,1,7,6,0,3.34,38.19,4.43,0.100,181.65,19.53,233.20,32.99,127.80,0.00,51.16,'1_7_6_0'
606,1,7,6,15,3.34,7.09,11.76,0.100,204.39,20.11,239.87,32.92,97.20,0.00,51.01,'1_7_6_15'
607,1,7,6,30,3.33,0.00,54.02,0.100,181.22,20.23,242.00,32.73,86.93,18.73,50.71,'1_7_6_30'
608,1,7,6,45,3.31,0.00,76.49,0.100,178.65,20.10,240.87,32.84,86.33,25.22,50.88,'1_7_6_45'
609,1,7,7,0,3.29,0.00,111.63,0.100,208.56,20.56,242.80,32.67,89.87,26.75,50.62,'1_7_7_0'
610,1,7,7,15,3.27,0.00,214.49,0.100,213.30,20.73,247.00,31.97,56.73,25.37,50.01,'1_7_7_15'
611,1,7,7,30,3.23,0.00,320.27,0.100,228.17,20.59,240.20,31.30,2.93,24.97,49.44,'1_7_7_30'
612,1,7,7,45,3.18,0.00,330.30,0.100,245.80,20.22,239.47,31.31,3.20,27.01,49.16,'1_7_7_45'
613,1,7,8,0,3.12,0.00,296.39,0.100,241.09,21.32,241.20,31.21,3.33,25.18,49.17,'1_7_8_0'
614,1,7,8,15,3.07,0.00,344.72,0.100,256.19,21.70,244.27,31.01,3.40,27.03,48.99,'1_7_8_15'
615,1,7,8,30,3.02,0.00,357.36,0.100,252.16,21.63,247.13,30.80,3.87,24.95,48.51,'1_7_8_30'
616,1,7,8,45,2.95,0.00,352.44,0.100,300.05,21.65,246.80,30.85,3.80,25.95,48.68,'1_7_8_45'
617,1,7,9,0,2.89,0.00,357.73,0.100,300.29,21.66,249.87,30.59,3.33,25.20,48.33,'1_7_9_0'
618,1,7,9,15,2.83,0.00,360.43,0.100,297.73,21.61,251.33,30.47,3.33,25.82,48.32,'1_7_9_15'
619,1,7,9,30,2.77,0.00,379.07,0.100,267.50,21.76,254.27,30.23,3.67,25.69,48.01,'1_7_9_30'
620,1,7,9,45,2.71,0.00,394.33,0.100,269.75,21.69,254.00,30.28,3.60,25.12,48.29,'1_7_9_45'
621,1,7,10,0,2.64,0.00,374.76,0.100,268.82,21.68,257.00,30.01,3.73,25.69,47.84,'1_7_10_0'
622,1,7,10,15,2.58,0.00,373.17,0.100,273.12,21.67,254.00,30.27,3.60,26.44,47.93,'1_7_10_15'
623,1,7,10,30,2.52,0.00,368.72,0.100,265.21,21.75,251.27,30.45,3.40,25.72,48.22,'1_7_10_30'
624,1,7,10,45,2.46,0.00,347.12,0.100,279.99,22.03,251.00,30.44,3.80,25.46,48.22,'1_7_10_45'
625,1,7,11,0,2.40,0.00,340.76,0.100,288.26,22.16,254.60,30.20,4.20,24.63,48.14,'1_7_11_0'
626,1,7,11,15,2.35,0.00,312.51,0.100,291.70,22.17,248.93,30.64,3.47,24.86,48.22,'1_7_11_15'
627,1,7,11,30,2.29,0.00,355.37,0.100,256.37,22.24,254.87,30.13,3.60,25.79,47.78,'1_7_11_30'
628,1,7,11,45,2.24,0.00,308.35,0.100,233.14,21.54,252.80,30.34,4.00,24.60,47.97,'1_7_11_45'
629,1,7,12,0,2.18,0.00,307.01,0.100,230.72,21.18,250.93,30.46,3.67,26.39,48.22,'1_7_12_0'
630,1,7,12,15,2.13,0.00,244.39,0.100,252.04,21.14,244.53,30.95,75.40,25.02,48.96,'1_7_12_15'
631,1,7,12,30,2.09,0.00,208.67,0.100,230.95,21.10,246.33,30.83,124.73,25.64,48.82,'1_7_12_30'
632,1,7,12,45,2.05,0.00,189.58,0.100,225.02,21.16,243.07,31.07,114.47,25.35,49.12,'1_7_12_45'
633,1,7,13,0,2.02,0.00,200.04,0.100,212.77,20.90,251.13,30.89,107.87,24.47,48.90,'1_7_13_0'
634,1,7,13,15,1.98,0.00,196.47,0.100,223.59,21.03,255.60,31.01,96.53,26.04,48.80,'1_7_13_15'
635,1,7,13,30,1.94,0.00,195.95,0.100,210.40,21.44,255.07,31.05,93.73,25.07,48.95,'1_7_13_30'
636,1,7,13,45,1.91,0.00,193.68,0.100,223.26,20.74,258.33,30.77,96.60,25.10,48.69,'1_7_13_45'
637,1,7,14,0,1.87,0.00,222.09,0.100,212.43,20.65,256.93,30.87,96.87,24.78,48.82,'1_7_14_0'
638,1,7,14,15,1.83,0.00,192.08,0.100,221.09,20.48,259.07,30.72,95.47,26.50,48.74,'1_7_14_15'
639,1,7,14,30,1.80,0.00,183.35,0.100,198.32,20.76,257.60,30.82,95.13,25.99,48.80,'1_7_14_30'
640,1,7,14,45,1.76,0.00,163.24,0.100,191.93,20.84,255.40,30.97,95.60,25.96,48.86,'1_7_14_45'
641,1,7,15,0,1.74,0.00,131.26,0.100,185.27,20.68,254.07,31.10,92.27,25.15,49.11,'1_7_15_0'
642,1,7,15,15,1.71,0.00,128.86,0.100,206.40,20.33,256.80,30.87,93.93,25.96,48.96,'1_7_15_15'
643,1,7,15,30,1.69,0.00,126.03,0.100,214.01,20.66,257.33,30.86,93.67,25.10,48.96,'1_7_15_30'
644,1,7,15,45,1.66,29.95,88.11,0.100,168.03,20.71,251.07,31.29,171.93,25.84,49.99,'1_7_15_45'
645,1,7,16,0,1.65,97.80,0.00,0.100,176.74,20.68,250.67,31.35,309.00,25.10,50.61,'1_7_16_0'
646,1,7,16,15,1.66,81.59,0.00,0.100,208.64,20.65,255.80,30.97,309.00,25.50,50.40,'1_7_16_15'
647,1,7,16,30,1.66,83.19,0.00,0.100,175.06,20.67,250.40,31.40,308.33,25.00,50.65,'1_7_16_30'
648,1,7,16,45,1.67,92.16,0.00,0.100,184.25,20.73,250.73,31.36,308.93,24.58,50.52,'1_7_16_45'
649,1,7,17,0,1.68,79.19,0.00,0.100,192.55,20.59,250.93,31.37,310.33,26.30,50.59,'1_7_17_0'
650,1,7,17,15,1.68,98.87,0.00,0.100,188.74,20.64,249.47,31.48,308.87,24.90,50.69,'1_7_17_15'
651,1,7,17,30,1.69,108.27,0.00,0.100,203.29,20.73,251.00,31.39,310.07,25.76,50.64,'1_7_17_30'
652,1,7,17,45,1.70,103.01,0.00,0.100,177.35,20.73,249.00,31.52,307.87,26.23,50.68,'1_7_17_45'
653,1,7,18,0,1.71,86.66,0.00,0.100,181.62,20.69,251.00,31.39,310.20,25.59,50.52,'1_7_18_0'
654,1,7,18,15,1.71,96.25,0.00,0.100,189.02,20.76,249.20,31.49,311.87,24.83,50.66,'1_7_18_15'
655,1,7,18,30,1.72,111.73,0.00,0.100,188.09,20.46,247.47,31.65,340.13,25.06,51.14,'1_7_18_30'
656,1,7,18,45,1.72,81.25,0.00,0.100,190.68,20.78,249.40,31.48,354.20,26.31,51.01,'1_7_18_45'
657,1,7,19,0,1.73,112.18,0.00,0.100,186.17,20.46,250.33,31.41,352.93,25.00,51.16,'1_7_19_0'
658,1,7,19,15,1.74,115.07,0.00,0.100,191.01,20.66,242.40,31.67,352.93,26.31,51.20,'1_7_19_15'
659,1,7,19,30,1.74,89.99,0.00,0.100,188.82,20.73,244.47,31.44,352.87,25.64,51.07,'1_7_19_30'
660,1,7,19,45,1.75,115.02,0.00,0.100,205.33,20.52,249.40,31.45,351.07,24.90,51.22,'1_7_19_45'
661,1,7,20,0,1.76,103.39,0.00,0.100,185.11,20.54,250.80,31.37,350.60,25.32,51.07,'1_7_20_0'
662,1,7,20,15,1.77,77.79,0.00,0.100,181.63,20.85,250.20,31.38,351.07,25.15,51.12,'1_7_20_15'
663,1,7,20,30,1.77,98.57,0.00,0.100,215.92,20.35,248.53,31.53,351.20,25.00,51.06,'1_7_20_30'
664,1,7,20,45,1.78,130.50,0.00,0.100,193.15,20.82,251.47,31.33,351.27,26.42,50.98,'1_7_20_45'
665,1,7,21,0,1.79,138.22,0.00,0.100,210.10,20.59,249.20,31.49,330.73,4.46,51.08,'1_7_21_0'
666,1,7,21,15,1.80,167.34,0.00,0.100,212.44,20.60,245.53,31.80,318.73,0.26,51.13,'1_7_21_15'
667,1,7,21,30,1.82,189.76,0.00,0.100,191.07,20.85,248.07,31.58,319.60,0.05,51.04,'1_7_21_30'
668,1,7,21,45,1.83,179.40,0.00,0.100,181.39,20.71,247.20,31.66,320.53,0.00,50.99,'1_7_21_45'
669,1,7,22,0,1.85,232.01,0.00,0.100,185.37,20.84,243.47,31.95,317.73,0.00,51.44,'1_7_22_0'
670,1,7,22,15,1.87,280.52,0.00,0.100,167.04,20.66,239.87,32.24,368.07,0.00,52.22,'1_7_22_15'
671,1,7,22,30,1.91,341.92,0.00,0.100,175.49,20.51,238.53,32.34,374.80,0.00,52.38,'1_7_22_30'
672,1,7,22,45,1.94,335.21,0.00,0.100,167.35,19.93,239.00,32.32,374.27,0.00,52.32,'1_7_22_45'
673,1,7,23,0,1.98,365.03,0.00,0.100,158.74,16.56,235.27,32.59,374.53,0.00,52.51,'1_7_23_0'
674,1,7,23,15,2.02,368.15,0.00,0.100,153.38,16.58,235.80,32.60,372.73,0.00,52.65,'1_7_23_15'
675,1,7,23,30,2.06,379.00,0.00,0.100,157.47,16.54,233.47,32.78,371.60,0.00,52.78,'1_7_23_30'
676,1,7,23,45,2.11,384.69,0.00,0.100,150.38,16.57,230.40,33.00,370.47,0.00,52.89,'1_7_23_45'
677,1,8,0,0,2.16,424.87,0.00,0.100,155.72,16.46,228.47,33.16,369.20,0.00,52.95,'1_8_0_0'
678,1,8,0,15,2.20,443.97,0.00,0.100,135.89,16.54,223.60,33.53,367.07,0.00,53.29,'1_8_0_15'
679,1,8,0,30,2.26,410.07,0.00,0.100,146.74,16.59,229.87,33.15,368.60,0.00,53.10,'1_8_0_30'
680,1,8,0,45,2.31,433.55,0.00,0.100,132.82,16.52,222.80,33.61,365.73,0.00,53.55,'1_8_0_45'
681,1,8,1,0,2.37,445.85,0.00,0.100,133.92,16.56,241.00,33.92,365.00,0.00,53.76,'1_8_1_0'
682,1,8,1,15,2.42,471.17,0.00,0.100,123.94,16.71,263.87,34.19,363.67,0.00,53.79,'1_8_1_15'
683,1,8,1,30,2.49,489.15,0.00,0.100,131.97,16.58,263.20,34.23,359.80,0.00,54.06,'1_8_1_30'
684,1,8,1,45,2.55,486.03,0.00,0.100,126.46,16.55,262.80,34.31,360.00,0.00,54.07,'1_8_1_45'
685,1,8,2,0,2.61,485.15,0.00,0.100,120.99,16.60,263.80,34.23,363.80,0.00,53.93,'1_8_2_0'
686,1,8,2,15,2.67,475.25,0.00,0.100,134.14,16.59,264.53,34.17,362.87,0.00,53.80,'1_8_2_15'
687,1,8,2,30,2.73,489.34,0.00,0.100,134.51,16.43,260.13,34.51,359.87,0.00,54.19,'1_8_2_30'
688,1,8,2,45,2.79,480.37,0.00,0.100,123.66,16.90,260.00,34.50,359.13,0.00,54.24,'1_8_2_45'
689,1,8,3,0,2.85,449.84,0.00,0.100,129.16,16.64,260.40,34.48,360.73,0.00,54.14,'1_8_3_0'
690,1,8,3,15,2.91,493.07,0.00,0.100,118.73,17.03,259.80,34.50,359.27,0.00,54.27,'1_8_3_15'
691,1,8,3,30,2.97,471.97,0.00,0.100,122.21,17.24,261.20,34.39,359.53,0.00,54.26,'1_8_3_30'
692,1,8,3,45,3.03,469.19,0.00,0.100,116.59,17.09,258.87,34.56,357.87,0.00,54.34,'1_8_3_45'
693,1,8,4,0,3.09,464.84,0.00,0.100,138.83,16.71,259.00,34.58,357.93,0.00,54.27,'1_8_4_0'
694,1,8,4,15,3.15,445.31,0.00,0.100,164.54,16.61,258.07,34.60,348.20,0.00,54.15,'1_8_4_15'
695,1,8,4,30,3.21,305.69,0.00,0.100,144.75,16.56,273.67,33.37,194.80,0.00,51.89,'1_8_4_30'
696,1,8,4,45,3.24,311.29,0.00,0.100,126.53,16.70,270.40,33.57,193.93,0.00,52.01,'1_8_4_45'
697,1,8,5,0,3.28,312.51,0.00,0.100,127.63,16.60,269.20,33.69,192.60,0.00,52.22,'1_8_5_0'
698,1,8,5,15,3.32,300.64,0.00,0.100,131.70,16.54,270.20,33.60,193.60,0.00,52.02,'1_8_5_15'
699,1,8,5,30,3.35,286.03,0.00,0.100,136.70,16.98,266.33,33.55,194.87,0.00,51.97,'1_8_5_30'
700,1,8,5,45,3.38,244.30,0.00,0.100,141.39,19.44,247.80,33.65,193.47,0.00,52.16,'1_8_5_45'
701,1,8,6,0,3.41,209.89,0.00,0.100,144.50,19.68,250.93,33.39,194.13,0.00,51.63,'1_8_6_0'
702,1,8,6,15,3.44,164.63,0.00,0.100,163.83,20.81,254.27,33.12,174.00,0.00,51.37,'1_8_6_15'
703,1,8,6,30,3.45,105.09,0.00,0.100,139.21,20.92,255.13,33.08,139.20,17.86,51.35,'1_8_6_30'
704,1,8,6,45,3.46,89.79,0.00,0.100,161.46,20.62,253.93,33.15,130.73,26.11,51.51,'1_8_6_45'
705,1,8,7,0,3.47,41.79,0.05,0.100,157.63,20.73,253.33,33.21,132.80,25.00,51.44,'1_8_7_0'
706,1,8,7,15,3.46,1.45,25.79,0.100,205.86,20.50,254.60,33.08,121.33,26.65,50.98,'1_8_7_15'
707,1,8,7,30,3.45,0.00,205.10,0.100,234.17,20.59,254.00,32.32,17.47,25.49,49.82,'1_8_7_30'
708,1,8,7,45,3.42,0.00,271.66,0.100,242.27,21.65,244.93,32.04,3.40,25.75,49.93,'1_8_7_45'
709,1,8,8,0,3.37,0.00,322.59,0.100,261.55,21.67,254.00,31.35,3.33,25.93,49.29,'1_8_8_0'
710,1,8,8,15,3.32,0.00,350.74,0.100,269.32,21.70,258.47,31.04,3.53,26.21,49.01,'1_8_8_15'
711,1,8,8,30,3.26,0.00,406.25,0.100,288.11,22.13,257.00,30.31,3.33,24.98,48.05,'1_8_8_30'
712,1,8,8,45,3.19,0.00,379.92,0.100,286.24,22.18,255.80,30.33,3.60,26.71,47.98,'1_8_8_45'
713,1,8,9,0,3.12,0.00,380.74,0.100,280.76,21.67,253.27,30.53,3.53,24.58,48.41,'1_8_9_0'
714,1,8,9,15,3.06,0.00,419.62,0.100,285.15,21.66,256.27,30.29,3.67,25.93,48.22,'1_8_9_15'
715,1,8,9,30,2.99,0.00,432.00,0.100,310.97,21.78,255.13,30.36,3.47,24.67,48.24,'1_8_9_30'
716,1,8,9,45,2.92,0.00,449.03,0.100,321.93,21.39,261.07,29.91,3.53,25.82,47.58,'1_8_9_45'
717,1,8,10,0,2.85,0.00,451.87,0.100,320.01,22.61,263.87,29.69,3.40,25.09,47.51,'1_8_10_0'
718,1,8,10,15,2.78,0.00,411.52,0.100,307.28,22.76,259.27,30.05,3.40,24.64,47.82,'1_8_10_15'
719,1,8,10,30,2.71,0.00,368.93,0.100,304.10,22.24,256.93,30.19,3.60,26.16,47.95,'1_8_10_30'
720,1,8,10,45,2.64,0.00,392.02,0.100,289.28,22.16,257.27,30.18,3.53,25.51,47.87,'1_8_10_45'
721,1,8,11,0,2.58,0.00,339.93,0.100,279.65,22.19,253.27,30.50,3.73,24.96,48.32,'1_8_11_0'
722,1,8,11,15,2.52,0.00,338.41,0.100,267.98,22.03,254.33,30.22,3.67,25.00,47.96,'1_8_11_15'
723,1,8,11,30,2.46,0.00,352.62,0.100,266.31,21.70,249.80,30.30,3.33,26.13,48.14,'1_8_11_30'
724,1,8,11,45,2.40,0.00,340.43,0.100,250.08,22.14,253.20,30.03,3.40,25.27,47.85,'1_8_11_45'
725,1,8,12,0,2.34,0.00,379.15,0.100,275.26,22.17,254.07,29.94,3.20,24.75,47.80,'1_8_12_0'
726,1,8,12,15,2.27,0.00,363.72,0.100,250.29,22.26,249.67,30.31,3.47,25.69,47.86,'1_8_12_15'
727,1,8,12,30,2.21,0.00,348.18,0.100,242.24,21.89,250.00,30.27,3.53,25.86,48.07,'1_8_12_30'
728,1,8,12,45,2.16,0.00,343.97,0.100,214.83,21.80,251.80,30.14,3.67,25.53,48.00,'1_8_12_45'
729,1,8,13,0,2.10,0.00,301.71,0.100,225.97,21.69,248.20,30.44,3.73,25.71,48.04,'1_8_13_0'
730,1,8,13,15,2.05,0.00,306.33,0.100,229.57,21.69,251.07,30.17,3.67,25.84,47.95,'1_8_13_15'
731,1,8,13,30,2.00,0.00,306.33,0.100,214.35,21.62,251.87,30.10,3.27,24.76,47.86,'1_8_13_30'
732,1,8,13,45,1.94,0.00,182.40,0.100,209.09,21.27,241.87,30.89,128.67,26.14,49.12,'1_8_13_45'
733,1,8,14,0,1.91,0.00,180.90,0.100,238.21,21.19,243.60,30.80,141.67,24.96,49.09,'1_8_14_0'
734,1,8,14,15,1.87,0.00,134.01,0.100,219.21,20.68,244.13,30.77,140.47,26.53,49.06,'1_8_14_15'
735,1,8,14,30,1.84,0.00,126.75,0.100,217.04,20.59,242.33,30.88,139.53,24.96,49.15,'1_8_14_30'
736,1,8,14,45,1.81,0.00,112.03,0.100,208.47,20.51,243.27,31.00,136.67,25.13,49.24,'1_8_14_45'
737,1,8,15,0,1.79,0.00,108.03,0.100,202.52,20.13,251.20,31.13,136.87,26.08,49.34,'1_8_15_0'
738,1,8,15,15,1.76,8.73,35.21,0.100,195.85,20.11,249.73,31.27,136.87,25.31,49.68,'1_8_15_15'
739,1,8,15,30,1.74,0.00,39.01,0.100,206.83,20.20,249.20,31.32,137.07,25.27,49.47,'1_8_15_30'
740,1,8,15,45,1.73,0.00,42.49,0.100,189.05,20.27,249.47,31.27,137.47,25.34,49.48,'1_8_15_45'
741,1,8,16,0,1.72,12.59,18.71,0.100,205.13,20.06,247.87,31.39,147.80,26.59,49.97,'1_8_16_0'
742,1,8,16,15,1.71,160.45,0.00,0.100,203.79,20.18,243.60,31.71,335.27,24.96,51.21,'1_8_16_15'
743,1,8,16,30,1.72,129.59,0.00,0.100,192.52,20.90,248.40,31.38,323.47,25.11,50.65,'1_8_16_30'
744,1,8,16,45,1.73,131.13,0.00,0.100,204.03,21.16,251.67,31.40,323.00,25.18,50.88,'1_8_16_45'
745,1,8,17,0,1.74,99.29,0.00,0.100,196.01,20.54,249.40,31.63,333.73,26.06,50.84,'1_8_17_0'
746,1,8,17,15,1.74,123.78,0.00,0.100,203.88,20.15,251.33,31.48,342.00,25.25,50.93,'1_8_17_15'
747,1,8,17,30,1.75,165.32,0.00,0.100,194.77,20.62,252.27,31.42,340.07,25.58,51.01,'1_8_17_30'
748,1,8,17,45,1.76,139.51,0.00,0.100,188.78,20.78,251.53,31.52,346.20,25.06,50.99,'1_8_17_45'
749,1,8,18,0,1.78,125.39,0.00,0.100,175.14,20.71,251.33,31.53,346.80,25.82,51.04,'1_8_18_0'
750,1,8,18,15,1.79,133.21,0.00,0.100,187.29,20.86,254.53,31.29,347.00,25.57,50.98,'1_8_18_15'
751,1,8,18,30,1.80,160.49,0.00,0.100,191.48,20.67,249.80,31.62,346.60,25.56,51.12,'1_8_18_30'
752,1,8,18,45,1.82,151.95,0.00,0.100,199.06,20.73,251.87,31.45,346.20,25.26,51.08,'1_8_18_45'
753,1,8,19,0,1.82,112.18,0.00,0.100,194.59,20.54,252.20,31.45,346.53,26.15,51.10,'1_8_19_0'
754,1,8,19,15,1.83,141.05,0.00,0.100,192.07,20.71,250.53,31.55,345.73,25.55,51.32,'1_8_19_15'
755,1,8,19,30,1.85,109.95,0.00,0.100,193.43,20.52,250.07,31.59,346.60,25.57,51.17,'1_8_19_30'
756,1,8,19,45,1.85,113.13,0.00,0.100,173.23,20.72,252.60,31.43,345.67,25.19,51.05,'1_8_19_45'
757,1,8,20,0,1.86,140.13,0.00,0.100,179.52,20.62,248.27,31.73,371.80,24.80,51.48,'1_8_20_0'
758,1,8,20,15,1.88,186.78,0.00,0.100,189.87,20.79,247.73,31.79,380.33,24.68,51.78,'1_8_20_15'
759,1,8,20,30,1.89,185.33,0.00,0.100,188.93,20.63,253.07,31.39,380.87,25.69,51.56,'1_8_20_30'
760,1,8,20,45,1.91,183.07,0.00,0.100,185.77,20.84,247.47,31.83,378.87,25.03,51.80,'1_8_20_45'
761,1,8,21,0,1.92,211.51,0.00,0.100,184.80,20.33,243.27,32.13,378.53,5.70,51.83,'1_8_21_0'
762,1,8,21,15,1.95,253.71,0.00,0.100,178.89,20.07,245.87,31.97,376.73,0.27,51.97,'1_8_21_15'
763,1,8,21,30,1.97,275.76,0.00,0.100,190.76,20.35,244.80,32.10,375.53,0.06,52.12,'1_8_21_30'
764,1,8,21,45,2.00,249.99,0.00,0.100,192.34,20.18,244.40,32.07,332.73,0.00,51.46,'1_8_21_45'
765,1,8,22,0,2.03,232.84,0.00,0.100,180.60,20.13,245.27,32.03,317.87,0.00,51.53,'1_8_22_0'
766,1,8,22,15,2.05,237.45,0.00,0.100,185.57,20.28,242.27,32.24,319.87,0.00,51.45,'1_8_22_15'
767,1,8,22,30,2.08,271.07,0.00,0.100,178.92,20.20,242.27,32.24,319.87,0.00,51.58,'1_8_22_30'
768,1,8,22,45,2.11,286.56,0.00,0.100,174.40,20.23,240.53,32.40,335.80,0.00,51.97,'1_8_22_45'
769,1,8,23,0,2.14,346.36,0.00,0.100,142.47,17.11,238.20,32.61,372.60,0.00,52.69,'1_8_23_0'
770,1,8,23,15,2.18,351.22,0.00,0.100,146.19,16.45,235.93,32.73,372.60,0.00,52.73,'1_8_23_15'
771,1,8,23,30,2.22,380.99,0.00,0.100,171.96,16.45,234.73,32.88,370.33,0.00,52.90,'1_8_23_30'
772,1,8,23,45,2.27,378.14,0.00,0.100,176.71,16.66,231.33,33.14,368.07,0.00,53.12,'1_8_23_45'
773,1,9,0,0,2.32,397.81,0.00,0.100,153.68,16.61,243.20,33.31,366.47,0.00,53.22,'1_9_0_0'
774,1,9,0,15,2.37,417.20,0.00,0.100,145.83,16.63,257.47,33.82,365.40,0.00,53.53,'1_9_0_15'
775,1,9,0,30,2.43,434.37,0.00,0.100,143.88,16.60,255.67,33.94,362.60,0.00,53.74,'1_9_0_30'
776,1,9,0,45,2.49,443.81,0.00,0.100,127.29,16.47,258.13,33.79,361.07,0.00,53.69,'1_9_0_45'
777,1,9,1,0,2.54,448.35,0.00,0.100,127.01,16.64,254.60,34.03,361.07,0.00,53.91,'1_9_1_0'
778,1,9,1,15,2.61,442.09,0.00,0.100,125.00,16.67,253.47,34.15,362.20,0.00,53.94,'1_9_1_15'
779,1,9,1,30,2.66,433.54,0.00,0.100,125.10,16.59,255.07,34.03,364.53,0.00,53.68,'1_9_1_30'
780,1,9,1,45,2.72,414.16,0.00,0.100,133.01,16.58,254.80,34.02,364.73,0.00,53.67,'1_9_1_45'
781,1,9,2,0,2.78,454.63,0.00,0.100,127.27,16.59,249.73,34.41,358.93,0.00,54.23,'1_9_2_0'
782,1,9,2,15,2.83,484.08,0.00,0.100,120.75,16.88,248.20,34.54,357.87,0.00,54.29,'1_9_2_15'
783,1,9,2,30,2.90,474.97,0.00,0.100,118.14,17.01,250.00,34.40,358.27,0.00,54.22,'1_9_2_30'
784,1,9,2,45,2.96,480.51,0.00,0.100,116.78,17.18,248.67,34.56,356.67,0.00,54.31,'1_9_2_45'
785,1,9,3,0,3.02,479.26,0.00,0.100,135.09,16.64,248.47,34.52,354.20,0.00,54.42,'1_9_3_0'
786,1,9,3,15,3.08,454.52,0.00,0.100,120.05,16.78,248.53,34.54,354.73,0.00,54.35,'1_9_3_15'
787,1,9,3,30,3.14,437.74,0.00,0.100,125.43,16.59,247.73,34.59,355.53,0.00,54.41,'1_9_3_30'
788,1,9,3,45,3.20,295.42,0.00,0.100,128.42,16.80,259.33,33.65,194.47,0.00,52.01,'1_9_3_45'
789,1,9,4,0,3.23,372.55,0.00,0.100,122.68,16.69,256.67,33.84,194.13,0.00,52.17,'1_9_4_0'
790,1,9,4,15,3.27,356.97,0.00,0.100,126.50,16.78,258.27,33.69,193.20,0.00,52.20,'1_9_4_15'
791,1,9,4,30,3.31,335.71,0.00,0.100,109.07,17.74,256.13,33.88,193.13,0.00,52.33,'1_9_4_30'
792,1,9,4,45,3.35,337.71,0.00,0.100,108.05,17.90,250.33,33.76,192.00,0.00,52.26,'1_9_4_45'
793,1,9,5,0,3.38,308.39,0.00,0.100,115.31,17.16,248.00,33.67,194.33,0.00,52.14,'1_9_5_0'
794,1,9,5,15,3.42,292.00,0.00,0.100,121.64,16.94,246.93,33.77,192.20,0.00,52.23,'1_9_5_15'
795,1,9,5,30,3.45,275.17,0.00,0.100,123.56,16.81,250.80,33.45,193.47,0.00,51.98,'1_9_5_30'
796,1,9,5,45,3.48,282.99,0.00,0.100,127.57,18.79,247.20,33.44,193.20,0.00,52.05,'1_9_5_45'
797,1,9,6,0,3.51,218.17,0.00,0.100,132.93,20.13,246.80,33.38,182.27,0.00,51.71,'1_9_6_0'
798,1,9,6,15,3.54,196.33,0.00,0.100,141.22,20.62,253.07,33.29,154.67,0.00,51.57,'1_9_6_15'
799,1,9,6,30,3.56,147.71,0.00,0.100,119.45,20.55,251.60,33.36,140.73,17.74,51.45,'1_9_6_30'
800,1,9,6,45,3.57,139.03,0.00,0.100,133.56,20.12,250.07,33.52,130.80,25.92,51.67,'1_9_6_45'
801,1,9,7,0,3.58,93.81,0.00,0.100,124.04,20.22,252.47,33.31,133.67,25.92,51.51,'1_9_7_0'
802,1,9,7,15,3.59,57.37,1.25,0.100,137.26,20.16,252.60,33.33,132.40,24.55,51.56,'1_9_7_15'
803,1,9,7,30,3.59,14.99,13.16,0.100,169.46,20.33,253.53,33.21,133.40,26.89,51.37,'1_9_7_30'
804,1,9,7,45,3.58,0.00,67.03,0.100,167.32,20.77,255.53,33.05,120.13,25.71,51.12,'1_9_7_45'
805,1,9,8,0,3.57,0.00,201.54,0.100,206.33,20.68,255.47,32.54,47.93,25.22,50.46,'1_9_8_0'
806,1,9,8,15,3.53,0.00,290.94,0.100,225.58,20.55,247.93,31.99,3.47,26.97,49.76,'1_9_8_15'
807,1,9,8,30,3.48,0.00,350.65,0.100,241.42,21.17,252.87,31.46,3.53,25.81,49.16,'1_9_8_30'
808,1,9,8,45,3.43,0.00,358.69,0.100,239.94,21.12,258.40,31.07,3.33,26.30,49.07,'1_9_8_45'
809,1,9,9,0,3.36,0.00,397.95,0.100,265.58,21.10,262.20,30.78,3.33,26.01,48.30,'1_9_9_0'
810,1,9,9,15,3.30,0.00,403.55,0.100,256.54,21.58,263.93,30.65,3.53,24.83,48.52,'1_9_9_15'
811,1,9,9,30,3.24,0.00,407.69,0.100,261.46,21.59,264.93,30.50,3.20,26.71,48.19,'1_9_9_30'
812,1,9,9,45,3.17,0.00,409.86,0.100,256.78,21.39,264.47,30.52,3.53,23.91,48.47,'1_9_9_45'
813,1,9,10,0,3.10,0.00,424.48,0.100,252.84,21.18,266.73,30.37,3.40,25.77,48.33,'1_9_10_0'
814,1,9,10,15,3.03,0.00,369.60,0.100,254.54,21.53,267.47,30.29,3.40,26.69,48.07,'1_9_10_15'
815,1,9,10,30,2.96,0.00,382.87,0.100,249.67,21.13,260.13,30.50,3.20,24.93,48.46,'1_9_10_30'
816,1,9,10,45,2.89,0.00,403.49,0.100,269.77,21.41,258.07,30.15,3.33,25.49,48.19,'1_9_10_45'
817,1,9,11,0,2.82,0.00,392.17,0.100,274.22,21.42,258.20,30.14,3.47,25.36,48.09,'1_9_11_0'
818,1,9,11,15,2.76,0.00,366.02,0.100,238.76,21.42,260.00,30.05,3.53,26.03,47.74,'1_9_11_15'
819,1,9,11,30,2.69,0.00,388.49,0.100,244.66,21.48,262.60,29.68,3.40,24.71,47.43,'1_9_11_30'
820,1,9,11,45,2.62,0.00,357.34,0.100,239.99,21.40,241.53,30.48,3.40,23.89,48.22,'1_9_11_45'
821,1,9,12,0,2.56,0.00,378.18,0.100,235.34,21.37,245.20,30.28,3.33,24.67,48.05,'1_9_12_0'
822,1,9,12,15,2.50,0.00,376.01,0.100,250.92,22.19,248.93,30.06,3.60,26.42,47.82,'1_9_12_15'
823,1,9,12,30,2.43,0.00,357.83,0.100,232.87,22.29,248.53,30.08,3.53,25.24,48.13,'1_9_12_30'
824,1,9,12,45,2.37,0.00,314.95,0.100,222.28,21.77,259.13,30.71,18.33,24.85,48.52,'1_9_12_45'
825,1,9,13,0,2.32,0.00,248.56,0.100,239.41,21.62,259.40,30.91,114.00,26.49,49.11,'1_9_13_0'
826,1,9,13,15,2.27,0.00,183.94,0.100,228.55,21.70,256.73,31.21,110.73,25.81,49.44,'1_9_13_15'
827,1,9,13,30,2.24,0.00,139.95,0.100,206.89,21.43,259.80,31.39,111.27,25.59,49.39,'1_9_13_30'
828,1,9,13,45,2.20,0.00,157.89,0.100,212.67,21.14,268.27,31.16,104.93,25.36,49.20,'1_9_13_45'
829,1,9,14,0,2.17,0.00,178.25,0.100,211.03,21.03,272.27,30.85,82.73,24.94,48.97,'1_9_14_0'
830,1,9,14,15,2.13,0.00,189.10,0.100,216.53,21.06,269.87,31.03,73.13,25.73,48.97,'1_9_14_15'
831,1,9,14,30,2.09,0.00,165.36,0.100,200.78,20.77,266.93,31.28,70.67,25.41,49.02,'1_9_14_30'
832,1,9,14,45,2.06,0.00,146.51,0.100,197.93,20.69,266.67,31.28,67.27,24.86,49.16,'1_9_14_45'
833,1,9,15,0,2.03,0.00,103.53,0.100,203.78,20.92,266.20,31.32,93.80,26.19,49.43,'1_9_15_0'
834,1,9,15,15,2.01,6.37,26.52,0.100,198.60,21.27,262.40,31.62,159.13,25.07,50.01,'1_9_15_15'
835,1,9,15,30,1.99,36.89,1.83,0.100,173.66,20.83,266.67,31.76,188.07,24.85,50.05,'1_9_15_30'
836,1,9,15,45,1.99,56.90,0.00,0.100,182.09,20.84,273.60,31.59,189.40,25.74,49.97,'1_9_15_45'
837,1,9,16,0,1.99,45.33,0.00,0.100,171.27,20.49,272.20,31.69,187.53,25.15,50.23,'1_9_16_0'
838,1,9,16,15,1.98,26.57,0.77,0.100,184.80,20.12,274.93,31.49,187.60,24.65,49.93,'1_9_16_15'
839,1,9,16,30,1.98,101.85,0.00,0.100,170.05,20.10,270.93,31.78,277.47,26.03,51.03,'1_9_16_30'
840,1,9,16,45,1.99,118.45,0.00,0.100,184.38,20.25,270.73,31.78,307.87,24.96,51.05,'1_9_16_45'
841,1,9,17,0,2.00,61.00,0.00,0.100,186.76,20.08,264.73,31.78,311.20,26.36,50.89,'1_9_17_0'
842,1,9,17,15,2.00,81.83,0.00,0.100,177.51,20.22,262.20,31.73,310.73,24.48,50.84,'1_9_17_15'
843,1,9,17,30,2.01,86.52,0.00,0.100,169.93,20.07,256.27,31.52,318.87,25.53,50.92,'1_9_17_30'
844,1,9,17,45,2.01,116.08,0.00,0.100,187.12,20.64,254.87,31.65,342.47,25.88,51.29,'1_9_17_45'
845,1,9,18,0,2.02,93.77,0.00,0.100,173.79,20.53,255.33,31.65,348.60,24.42,51.20,'1_9_18_0'
846,1,9,18,15,2.03,87.14,0.00,0.100,173.59,20.52,257.13,31.50,363.73,25.83,51.34,'1_9_18_15'
847,1,9,18,30,2.03,114.59,0.00,0.100,191.85,20.73,254.80,31.69,381.07,26.00,51.57,'1_9_18_30'
848,1,9,18,45,2.04,89.13,0.00,0.100,184.97,20.69,252.47,31.86,379.13,25.39,51.79,'1_9_18_45'
849,1,9,19,0,2.05,82.65,0.00,0.100,175.58,20.79,256.73,31.54,379.60,26.03,51.69,'1_9_19_0'
850,1,9,19,15,2.05,92.55,0.00,0.100,183.25,20.61,255.00,31.39,379.27,25.91,51.52,'1_9_19_15'
851,1,9,19,30,2.06,42.01,0.05,0.100,175.60,20.69,248.13,31.78,353.00,25.62,51.40,'1_9_19_30'
852,1,9,19,45,2.06,43.26,0.24,0.100,178.80,20.69,254.73,31.63,354.53,24.77,51.12,'1_9_19_45'
853,1,9,20,0,2.06,64.77,0.00,0.100,177.93,20.54,256.20,31.56,352.87,25.03,51.24,'1_9_20_0'
854,1,9,20,15,2.06,72.53,0.00,0.100,185.48,20.75,254.00,31.78,351.27,26.33,51.44,'1_9_20_15'
855,1,9,20,30,2.06,63.19,0.00,0.100,172.87,20.78,254.60,31.70,352.47,24.81,51.38,'1_9_20_30'
856,1,9,20,45,2.07,87.05,0.00,0.100,176.16,20.75,254.80,31.67,352.80,25.37,51.41,'1_9_20_45'
857,1,9,21,0,2.07,140.04,0.00,0.100,179.42,20.68,254.87,31.71,351.73,6.36,51.50,'1_9_21_0'
858,1,9,21,15,2.09,192.27,0.00,0.100,182.35,20.56,249.53,32.10,348.33,0.30,51.82,'1_9_21_15'
859,1,9,21,30,2.11,238.22,0.00,0.100,173.54,20.63,253.00,31.89,347.87,0.08,51.75,'1_9_21_30'
860,1,9,21,45,2.13,226.79,0.00,0.100,163.22,20.02,246.93,32.33,346.80,0.00,52.04,'1_9_21_45'
861,1,9,22,0,2.16,271.89,0.00,0.100,187.25,19.81,246.13,32.39,348.13,0.00,51.87,'1_9_22_0'
862,1,9,22,15,2.20,314.71,0.00,0.100,184.73,20.12,245.07,32.54,342.80,0.00,52.30,'1_9_22_15'
863,1,9,22,30,2.23,313.23,0.00,0.100,175.94,20.00,244.80,32.54,344.40,0.00,52.20,'1_9_22_30'
864,1,9,22,45,2.27,339.99,0.00,0.100,179.24,20.10,266.53,32.46,341.93,0.00,52.30,'1_9_22_45'
865,1,9,23,0,2.31,347.99,0.00,0.100,159.07,16.56,259.73,33.18,372.13,0.00,52.88,'1_9_23_0'
866,1,9,23,15,2.35,331.99,0.00,0.100,178.68,16.56,264.53,32.82,369.47,0.00,52.73,'1_9_23_15'
867,1,9,23,30,2.39,382.67,0.00,0.100,160.46,16.61,255.60,33.50,366.73,0.00,53.29,'1_9_23_30'
868,1,9,23,45,2.44,407.32,0.00,0.100,158.14,16.63,253.00,33.67,366.20,0.00,53.39,'1_9_23_45'
869,1,10,0,0,2.50,399.05,0.00,0.100,167.85,16.49,255.87,33.51,366.07,0.00,53.41,'1_10_0_0'
870,1,10,0,15,2.55,430.55,0.00,0.100,208.26,16.68,257.80,33.35,363.47,0.00,53.37,'1_10_0_15'
871,1,10,0,30,2.61,388.74,0.00,0.100,203.29,16.62,254.13,33.59,365.33,0.00,53.31,'1_10_0_30'
872,1,10,0,45,2.66,404.59,0.00,0.100,185.97,16.56,245.87,34.31,360.80,0.00,53.82,'1_10_0_45'
873,1,10,1,0,2.71,363.42,0.00,0.100,200.40,16.49,255.20,33.52,367.60,0.00,53.07,'1_10_1_0'
874,1,10,1,15,2.76,378.76,0.00,0.100,174.93,16.69,251.40,33.87,362.87,0.00,53.56,'1_10_1_15'
875,1,10,1,30,2.80,398.49,0.00,0.100,162.32,16.60,250.07,33.97,361.27,0.00,53.64,'1_10_1_30'
876,1,10,1,45,2.85,371.82,0.00,0.100,163.03,16.69,250.47,33.93,364.53,0.00,53.42,'1_10_1_45'
877,1,10,2,0,2.90,372.68,0.00,0.100,163.46,16.54,255.33,33.54,363.33,0.00,53.41,'1_10_2_0'
878,1,10,2,15,2.95,376.06,0.00,0.100,159.62,16.58,256.73,33.49,362.47,0.00,53.48,'1_10_2_15'
879,1,10,2,30,3.00,370.33,0.00,0.100,170.22,16.54,252.47,33.77,360.67,0.00,53.63,'1_10_2_30'
880,1,10,2,45,3.05,376.96,0.00,0.100,172.81,16.73,251.73,33.86,360.20,0.00,53.76,'1_10_2_45'
881,1,10,3,0,3.10,353.30,0.00,0.100,187.56,16.56,254.53,33.68,361.47,0.00,53.55,'1_10_3_0'
882,1,10,3,15,3.15,353.20,0.00,0.100,180.55,16.84,250.80,33.94,359.80,0.00,53.82,'1_10_3_15'
883,1,10,3,30,3.20,355.89,0.00,0.100,158.86,16.58,251.67,33.90,359.00,0.00,53.79,'1_10_3_30'
884,1,10,3,45,3.24,360.78,0.00,0.100,159.13,16.64,252.20,33.88,357.07,0.00,53.86,'1_10_3_45'
885,1,10,4,0,3.28,333.48,0.00,0.100,183.01,16.54,251.53,33.90,362.87,0.00,53.49,'1_10_4_0'
886,1,10,4,15,3.33,291.57,0.00,0.100,183.64,16.62,252.40,33.85,363.40,0.00,53.48,'1_10_4_15'
887,1,10,4,30,3.37,333.19,0.00,0.100,170.20,16.67,249.53,34.06,358.93,0.00,53.86,'1_10_4_30'
888,1,10,4,45,3.42,320.84,0.00,0.100,169.13,16.48,249.33,34.06,359.80,0.00,53.80,'1_10_4_45'
889,1,10,5,0,3.46,314.53,0.00,0.100,168.10,16.69,248.40,34.14,359.07,0.00,53.91,'1_10_5_0'
890,1,10,5,15,3.50,294.50,0.00,0.100,170.20,16.66,248.27,34.18,360.87,0.00,53.79,'1_10_5_15'
891,1,10,5,30,3.54,245.89,0.00,0.100,175.39,16.59,256.67,33.51,363.27,0.00,53.35,'1_10_5_30'
892,1,10,5,45,3.57,209.65,0.00,0.100,186.81,19.84,254.53,33.55,364.60,0.00,53.31,'1_10_5_45'
893,1,10,6,0,3.60,90.09,0.00,0.100,202.64,21.02,266.27,33.37,311.13,0.00,52.65,'1_10_6_0'
894,1,10,6,15,3.61,36.85,1.40,0.100,213.11,21.29,277.20,33.22,312.47,0.00,52.44,'1_10_6_15'
895,1,10,6,30,3.61,12.29,119.31,0.100,207.49,21.10,285.40,32.60,166.07,17.39,51.07,'1_10_6_30'
896,1,10,6,45,3.60,0.00,162.61,0.100,198.92,21.22,285.73,32.52,109.73,27.61,50.72,'1_10_6_45'
897,1,10,7,0,3.57,0.00,155.28,0.100,217.53,20.98,277.53,32.22,112.67,26.78,50.42,'1_10_7_0'
898,1,10,7,15,3.53,0.00,219.95,0.100,237.89,19.57,275.73,32.33,106.33,25.63,50.37,'1_10_7_15'
899,1,10,7,30,3.50,0.00,250.09,0.100,243.59,14.99,276.20,32.27,74.47,26.73,50.03,'1_10_7_30'
900,1,10,7,45,3.45,0.00,223.24,0.100,243.01,16.26,275.80,32.21,62.80,25.44,50.23,'1_10_7_45'
901,1,10,8,0,3.41,0.00,257.80,0.100,254.12,14.67,266.07,32.14,63.73,24.85,50.13,'1_10_8_0'
902,1,10,8,15,3.37,0.00,299.91,0.100,292.53,20.95,270.60,31.78,12.33,25.78,49.47,'1_10_8_15'
903,1,10,8,30,3.32,0.00,318.96,0.100,250.87,20.74,272.73,31.63,2.20,25.71,49.59,'1_10_8_30'
904,1,10,8,45,3.27,0.00,322.01,0.100,258.80,20.47,268.27,31.52,2.07,25.69,49.38,'1_10_8_45'
905,1,10,9,0,3.22,0.00,373.13,0.100,273.11,19.33,266.93,31.14,37.93,26.51,48.73,'1_10_9_0'
906,1,10,9,15,3.16,0.00,382.80,0.100,247.82,19.93,272.73,30.71,44.07,24.97,48.39,'1_10_9_15'
907,1,10,9,30,3.10,0.00,385.56,0.100,259.81,19.73,268.60,30.97,44.80,25.75,48.42,'1_10_9_30'
908,1,10,9,45,3.04,0.00,403.84,0.100,266.40,19.69,271.80,30.73,45.07,26.02,48.32,'1_10_9_45'
909,1,10,10,0,2.98,0.00,305.37,0.100,264.83,20.24,270.67,30.80,44.73,25.20,48.67,'1_10_10_0'
910,1,10,10,15,2.92,0.00,338.88,0.100,266.11,20.50,268.47,30.93,44.73,25.30,48.62,'1_10_10_15'
911,1,10,10,30,2.85,0.00,359.47,0.100,279.94,20.97,273.00,30.65,44.67,25.44,48.35,'1_10_10_30'
912,1,10,10,45,2.80,0.00,343.55,0.100,248.56,21.20,268.00,30.82,44.27,25.01,48.69,'1_10_10_45'
913,1,10,11,0,2.74,0.00,335.89,0.100,251.60,21.21,260.00,30.70,44.60,26.07,48.44,'1_10_11_0'
914,1,10,11,15,2.68,0.00,329.18,0.100,244.29,21.21,261.73,30.56,44.20,25.45,48.18,'1_10_11_15'
915,1,10,11,30,2.62,0.00,244.93,0.100,258.07,21.23,256.00,31.00,89.20,24.66,49.10,'1_10_11_30'
916,1,10,11,45,2.58,0.00,157.93,0.100,246.76,21.21,249.40,31.53,121.60,24.89,49.65,'1_10_11_45'
917,1,10,12,0,2.54,0.00,174.54,0.100,247.87,21.20,249.33,31.52,122.33,25.04,49.58,'1_10_12_0'
918,1,10,12,15,2.51,0.00,214.45,0.100,252.23,21.19,252.53,31.26,94.93,25.65,49.44,'1_10_12_15'
919,1,10,12,30,2.47,0.00,205.10,0.100,240.48,21.26,250.60,31.44,95.47,25.66,49.41,'1_10_12_30'
920,1,10,12,45,2.44,0.00,198.40,0.100,213.95,21.15,252.00,31.28,93.20,25.29,49.42,'1_10_12_45'
921,1,10,13,0,2.40,0.00,209.31,0.100,204.31,21.27,255.33,31.06,97.13,25.95,49.09,'1_10_13_0'
922,1,10,13,15,2.37,0.00,211.99,0.100,227.09,21.30,253.13,31.04,95.47,25.62,49.24,'1_10_13_15'
923,1,10,13,30,2.33,0.00,217.02,0.100,212.44,21.33,250.13,30.99,97.93,25.18,49.03,'1_10_13_30'
924,1,10,13,45,2.29,0.00,207.55,0.100,217.74,21.27,248.87,31.10,97.00,24.46,49.14,'1_10_13_45'
925,1,10,14,0,2.25,0.00,229.36,0.100,214.56,21.26,231.47,31.07,97.73,25.36,49.17,'1_10_14_0'
926,1,10,14,15,2.22,0.00,227.82,0.100,203.27,21.39,212.40,31.04,97.87,25.89,49.26,'1_10_14_15'
927,1,10,14,30,2.18,0.00,219.67,0.100,188.10,21.23,215.60,30.85,100.00,25.02,48.90,'1_10_14_30'
928,1,10,14,45,2.14,0.00,180.90,0.100,190.03,21.29,212.13,31.11,94.53,24.64,49.39,'1_10_14_45'
929,1,10,15,0,2.11,0.00,179.01,0.100,173.98,21.33,212.13,31.14,97.47,25.55,49.20,'1_10_15_0'
930,1,10,15,15,2.08,0.00,140.47,0.100,174.48,21.37,211.47,31.20,97.67,25.65,49.50,'1_10_15_15'
931,1,10,15,30,2.05,0.00,99.73,0.100,175.54,21.33,206.87,31.54,141.13,25.09,49.80,'1_10_15_30'
932,1,10,15,45,2.03,0.00,72.05,0.100,192.24,21.23,210.07,31.37,196.20,25.21,49.97,'1_10_15_45'
933,1,10,16,0,2.02,0.00,27.63,0.100,188.34,21.27,229.53,31.46,195.47,25.24,49.97,'1_10_16_0'
934,1,10,16,15,2.00,1.49,15.24,0.100,199.30,21.23,229.93,31.53,196.47,24.76,49.82,'1_10_16_15'
935,1,10,16,30,2.00,3.18,32.55,0.100,189.12,21.23,236.67,31.46,195.00,25.06,49.96,'1_10_16_30'
936,1,10,16,45,1.99,0.00,53.53,0.100,190.38,21.33,266.40,31.77,152.93,25.12,49.88,'1_10_16_45'
937,1,10,17,0,1.97,0.00,68.43,0.100,189.44,21.15,271.47,31.37,134.07,25.31,49.56,'1_10_17_0'
938,1,10,17,15,1.96,0.00,69.49,0.100,188.44,21.22,270.40,31.45,134.33,24.81,49.61,'1_10_17_15'
939,1,10,17,30,1.94,0.00,83.19,0.100,191.57,21.27,273.47,31.18,135.93,25.86,49.51,'1_10_17_30'
940,1,10,17,45,1.92,0.00,77.79,0.100,182.67,21.22,271.13,31.35,134.67,25.16,49.50,'1_10_17_45'
941,1,10,18,0,1.91,0.00,103.25,0.100,185.72,20.82,270.93,31.33,135.73,24.98,49.44,'1_10_18_0'
942,1,10,18,15,1.89,0.00,109.95,0.100,205.52,20.80,271.47,31.30,134.60,25.58,49.41,'1_10_18_15'
943,1,10,18,30,1.87,0.00,140.28,0.100,195.20,20.75,270.93,31.30,136.80,25.08,49.30,'1_10_18_30'
944,1,10,18,45,1.84,0.00,134.36,0.100,199.03,20.67,274.47,31.01,137.00,25.34,49.22,'1_10_18_45'
945,1,10,19,0,1.82,0.00,120.17,0.100,196.26,20.73,274.20,31.02,136.73,25.88,49.20,'1_10_19_0'
946,1,10,19,15,1.79,0.00,128.13,0.100,197.01,20.71,271.80,31.07,123.67,24.59,49.20,'1_10_19_15'
947,1,10,19,30,1.76,0.00,283.95,0.100,201.50,20.71,254.87,29.82,17.73,26.30,47.76,'1_10_19_30'
948,1,10,19,45,1.71,0.00,296.59,0.100,199.16,20.66,253.47,29.99,2.40,25.11,47.69,'1_10_19_45'
949,1,10,20,0,1.66,0.00,273.57,0.100,212.68,20.69,252.20,30.07,41.80,25.30,48.28,'1_10_20_0'
950,1,10,20,15,1.62,0.00,186.59,0.100,199.51,20.73,246.87,30.48,122.00,25.12,48.62,'1_10_20_15'
951,1,10,20,30,1.58,0.00,148.73,0.100,207.15,20.67,243.47,30.78,164.80,25.42,49.31,'1_10_20_30'
952,1,10,20,45,1.56,13.21,15.71,0.100,190.84,20.62,238.27,31.17,297.13,24.48,50.65,'1_10_20_45'
953,1,10,21,0,1.55,29.41,2.17,0.100,203.20,20.61,235.27,31.43,312.00,6.25,50.60,'1_10_21_0'
954,1,10,21,15,1.55,105.27,0.00,0.100,205.36,20.63,236.40,31.30,309.93,0.27,50.56,'1_10_21_15'
955,1,10,21,30,1.56,138.65,0.00,0.100,200.87,20.68,237.27,31.27,310.20,0.06,50.63,'1_10_21_30'
956,1,10,21,45,1.57,193.81,0.00,0.100,174.03,20.68,232.33,31.63,308.67,0.00,50.99,'1_10_21_45'
957,1,10,22,0,1.59,209.19,0.00,0.100,193.00,20.76,232.20,31.65,310.00,0.00,50.84,'1_10_22_0'
958,1,10,22,15,1.61,176.60,0.00,0.100,181.73,20.56,236.53,31.39,230.73,0.00,50.17,'1_10_22_15'
959,1,10,22,30,1.63,93.65,0.00,0.100,173.89,20.65,237.33,31.33,130.53,0.00,49.62,'1_10_22_30'
960,1,10,22,45,1.63,116.66,0.00,0.100,163.94,20.70,238.27,31.27,130.80,0.00,49.47,'1_10_22_45'
961,1,10,23,0,1.65,99.39,0.00,0.100,168.05,19.32,238.20,31.27,121.20,0.00,49.49,'1_10_23_0'
962,1,10,23,15,1.65,108.59,0.00,0.100,153.16,19.28,240.40,31.14,111.40,0.00,49.42,'1_10_23_15'
963,1,10,23,30,1.66,149.99,0.00,0.100,156.13,19.03,236.67,31.43,111.40,0.00,49.67,'1_10_23_30'
964,1,10,23,45,1.68,167.63,0.00,0.100,145.42,19.09,236.87,31.46,109.53,0.00,49.67,'1_10_23_45'
965,1,11,0,0,1.69,170.71,0.00,0.100,183.43,18.99,235.07,31.57,109.87,0.00,49.75,'1_11_0_0'
966,1,11,0,15,1.71,166.57,0.00,0.100,183.08,19.24,233.33,31.75,108.40,0.00,49.92,'1_11_0_15'
967,1,11,0,30,1.73,194.45,0.00,0.100,173.25,19.21,257.33,31.74,108.27,0.00,49.85,'1_11_0_30'
968,1,11,0,45,1.75,244.26,0.00,0.100,164.20,19.20,281.07,32.10,105.33,0.00,50.12,'1_11_0_45'
969,1,11,1,0,1.78,215.53,0.00,0.100,172.60,18.99,281.67,31.97,106.73,0.00,49.88,'1_11_1_0'
970,1,11,1,15,1.81,197.05,0.00,0.100,163.42,19.21,281.73,31.90,107.20,0.00,49.90,'1_11_1_15'
971,1,11,1,30,1.83,205.15,0.00,0.100,169.59,19.24,283.87,31.74,107.20,0.00,49.84,'1_11_1_30'
972,1,11,1,45,1.86,212.67,0.00,0.100,152.65,19.07,280.47,31.97,105.93,0.00,49.94,'1_11_1_45'
973,1,11,2,0,1.88,201.39,0.00,0.100,158.07,19.13,279.33,32.04,104.73,0.00,50.14,'1_11_2_0'
974,1,11,2,15,1.90,250.05,0.00,0.100,147.56,19.13,279.27,32.01,103.80,0.00,50.12,'1_11_2_15'
975,1,11,2,30,1.93,241.38,0.00,0.100,157.78,19.11,277.13,32.15,104.80,0.00,50.13,'1_11_2_30'
976,1,11,2,45,1.96,219.47,0.00,0.100,134.60,19.11,261.93,32.06,105.20,0.00,50.19,'1_11_2_45'
977,1,11,3,0,1.98,172.31,0.00,0.100,142.52,19.07,245.20,31.94,104.33,0.00,50.16,'1_11_3_0'
978,1,11,3,15,2.00,170.49,0.00,0.100,150.87,18.98,245.87,31.87,106.47,0.00,50.02,'1_11_3_15'
979,1,11,3,30,2.03,162.89,0.00,0.100,138.39,19.11,246.13,31.85,107.87,0.00,49.98,'1_11_3_30'
980,1,11,3,45,2.04,176.03,0.00,0.100,129.38,19.10,245.13,31.90,106.47,0.00,50.07,'1_11_3_45'
981,1,11,4,0,2.07,163.93,0.00,0.100,153.47,19.01,248.13,31.71,108.47,0.00,49.89,'1_11_4_0'
982,1,11,4,15,2.08,128.42,0.00,0.100,146.03,19.18,247.07,31.79,107.47,0.00,49.98,'1_11_4_15'
983,1,11,4,30,2.09,153.08,0.00,0.100,133.03,19.15,246.13,31.86,107.27,0.00,50.13,'1_11_4_30'
984,1,11,4,45,2.11,188.75,0.00,0.100,139.52,19.22,238.87,32.36,140.33,0.00,50.55,'1_11_4_45'
985,1,11,5,0,2.13,191.99,0.00,0.100,135.58,19.09,243.93,32.03,148.87,0.00,50.27,'1_11_5_0'
986,1,11,5,15,2.15,163.13,0.00,0.100,147.31,19.11,247.93,31.74,148.40,0.00,50.08,'1_11_5_15'
987,1,11,5,30,2.16,109.28,0.00,0.100,151.39,19.30,247.27,31.79,148.33,0.00,50.11,'1_11_5_30'
988,1,11,5,45,2.17,76.29,0.00,0.100,154.69,19.93,248.27,31.53,147.27,0.00,50.10,'1_11_5_45'
989,1,11,6,0,2.17,7.81,35.29,0.100,185.61,20.59,247.27,31.68,114.00,0.00,49.82,'1_11_6_0'
990,1,11,6,15,2.16,0.00,95.89,0.100,191.01,20.59,250.80,31.48,110.60,0.00,49.56,'1_11_6_15'
991,1,11,6,30,2.13,0.00,105.67,0.100,181.13,20.55,254.00,31.27,112.80,18.00,49.39,'1_11_6_30'
992,1,11,6,45,2.11,0.00,138.89,0.100,206.89,20.53,254.93,31.21,103.80,26.49,49.35,'1_11_6_45'
993,1,11,7,0,2.08,0.00,168.07,0.100,190.20,21.15,258.47,30.95,96.67,26.26,49.15,'1_11_7_0'
994,1,11,7,15,2.05,0.00,204.90,0.100,215.48,20.78,259.47,30.84,97.40,25.10,48.95,'1_11_7_15'
995,1,11,7,30,2.01,0.00,205.93,0.100,236.69,19.77,258.80,30.88,97.40,25.99,48.92,'1_11_7_30'
996,1,11,7,45,1.98,0.00,197.10,0.100,217.56,21.16,261.27,30.74,96.00,25.54,48.93,'1_11_7_45'
997,1,11,8,0,1.94,0.00,195.71,0.100,219.06,20.74,258.07,30.97,95.40,26.52,49.10,'1_11_8_0'
998,1,11,8,15,1.91,0.00,209.92,0.100,216.81,21.14,261.60,30.67,97.07,26.01,48.82,'1_11_8_15'
999,1,11,8,30,1.87,0.00,196.57,0.100,221.78,20.93,262.20,30.67,96.40,25.59,48.90,'1_11_8_30'
1000,1,11,8,45,1.84,0.00,248.53,0.100,225.35,20.99,269.07,30.12,47.27,25.79,48.05,'1_11_8_45'
1001,1,11,9,0,1.80,0.00,287.51,0.100,227.62,20.67,269.00,30.13,3.67,25.43,47.82,'1_11_9_0'
1002,1,11,9,15,1.75,0.00,263.98,0.100,237.68,19.51,267.33,30.21,3.40,25.15,48.22,'1_11_9_15'
1003,1,11,9,30,1.70,0.00,247.35,0.100,221.82,20.90,269.87,30.05,3.73,25.96,47.70,'1_11_9_30'
1004,1,11,9,45,1.66,0.00,257.48,0.100,226.82,21.03,268.93,30.05,3.67,25.18,47.93,'1_11_9_45'