uplink_message.rx_metadata_0.gateway_ids.gateway_id,uplink_message.rx_metadata_0.gateway_ids.eui,uplink_message.rx_metadata_0.time,uplink_message.rx_metadata_0.timestamp,uplink_message.rx_metadata_0.rssi,uplink_message.rx_metadata_0.channel_rssi,uplink_message.rx_metadata_0.location.latitude,uplink_message.rx_metadata_0.location.longitude,uplink_message.rx_metadata_0.location.altitude,uplink_message.rx_metadata_0.location.source,uplink_message.rx_metadata_0.uplink_token,uplink_message.rx_metadata_0.received_at,received_at
0,0,0,3092399310,-98,-98,38.385917659159134,-0.5170252919197084,20,0,0,0,0
1,1,1,3216523680,-98,-98,38.38418726539637,-0.5101910233497621,10,0,1,1,1
2,2,2,1048476494,-103,-103,38.3846865837538,-0.513212937943281,20,0,2,2,2
2,2,3,1053857086,-98,-98,38.3846865837538,-0.513212937943281,20,0,3,3,3
0,0,4,3448411766,-90,-90,38.385917659159134,-0.5170252919197084,20,0,4,4,4
0,0,5,3521968478,-91,-91,38.385917659159134,-0.5170252919197084,20,0,5,5,5
1,1,6,3551153869,-97,-97,38.38418726539637,-0.5101910233497621,10,0,6,6,6
0,0,7,3623369446,-107,-107,38.385917659159134,-0.5170252919197084,20,0,7,7,7
0,0,8,3657153550,-93,-93,38.385917659159134,-0.5170252919197084,20,0,8,8,8
0,0,9,3681557502,-102,-102,38.385917659159134,-0.5170252919197084,20,0,9,9,9
0,0,10,3833927910,-103,-103,38.385917659159134,-0.5170252919197084,20,0,10,10,10
2,2,11,1555996750,-99,-99,38.3846865837538,-0.513212937943281,20,0,11,11,11
0,0,12,3931148134,-109,-109,38.385917659159134,-0.5170252919197084,20,0,12,12,12
1,1,13,3936738036,-90,-90,38.38418726539637,-0.5101910233497621,10,0,13,13,13
2,2,14,1731822061,-114,-114,38.3846865837538,-0.513212937943281,20,0,14,14,14
0,0,15,4016116950,-99,-99,38.385917659159134,-0.5170252919197084,20,0,15,15,15
3,3,16,2695647300,-86,-86,38.38473180809575,-0.5102983117103578,10,0,16,16,16
0,0,17,4151338990,-110,-110,38.385917659159134,-0.5170252919197084,20,0,17,17,17
3,3,18,2967288972,-96,-96,38.38473180809575,-0.5102983117103578,10,0,18,18,18
4,4,19,2117420124,-108,-108,38.3833301416072,-0.512394097936542,8,0,19,19,19
1,1,20,236754269,-85,-85,38.38418726539637,-0.5101910233497621,10,0,20,20,20
1,1,21,242142981,-90,-90,38.38418726539637,-0.5101910233497621,10,0,21,21,21
2,2,22,2366026498,-71,-71,38.3846865837538,-0.513212937943281,20,0,22,22,22
0,0,23,426918910,-96,-96,38.385917659159134,-0.5170252919197084,20,0,23,23,23
1,1,24,456947937,-93,-93,38.38418726539637,-0.5101910233497621,10,0,24,24,24
3,3,25,3498254596,-95,-95,38.38473180809575,-0.5102983117103578,10,0,25,25,25
0,0,26,561845422,-92,-92,38.385917659159134,-0.5170252919197084,20,0,26,26,26
0,0,27,586587414,-102,-102,38.385917659159134,-0.5170252919197084,20,0,27,27,27
2,2,28,2751543711,-111,-111,38.3846865837538,-0.513212937943281,20,0,28,28,28
0,0,29,743239846,-101,-101,38.385917659159134,-0.5170252919197084,20,0,29,29,29
1,1,30,837127909,-87,-87,38.38418726539637,-0.5101910233497621,10,0,30,30,30
2,2,31,2855017455,-98,-98,38.3846865837538,-0.513212937943281,20,0,31,31,31
4,4,32,2914933188,-111,-111,38.3833301416072,-0.512394097936542,8,0,32,32,32
2,2,33,2933737895,-96,-96,38.3846865837538,-0.513212937943281,20,0,33,33,33
2,2,34,2938691175,-113,-113,38.3846865837538,-0.513212937943281,20,0,34,34,34
1,1,35,1057331341,-91,-91,38.38418726539637,-0.5101910233497621,10,0,35,35,35
0,0,36,1197319031,-96,-96,38.385917659159134,-0.5170252919197084,20,0,36,36,36
1,1,37,1321431447,-97,-97,38.38418726539637,-0.5101910233497621,10,0,37,37,37
0,0,38,1437329239,-110,-110,38.385917659159134,-0.5170252919197084,20,0,38,38,38
1,1,39,1442924512,-91,-91,38.38418726539637,-0.5101910233497621,10,0,39,39,39
0,0,40,1553314743,-92,-92,38.385917659159134,-0.5170252919197084,20,0,40,40,40
2,2,41,3639560330,-77,-77,38.3846865837538,-0.513212937943281,20,0,41,41,41
2,2,42,3670191826,-102,-102,38.3846865837538,-0.513212937943281,20,0,42,42,42
3,3,43,403224656,-97,-97,38.38473180809575,-0.5102983117103578,10,0,43,43,43
2,2,44,3774726178,-72,-72,38.3846865837538,-0.513212937943281,20,0,44,44,44
0,0,45,1786308287,-95,-95,38.385917659159134,-0.5170252919197084,20,0,45,45,45
0,0,46,1938782562,-103,-103,38.385917659159134,-0.5170252919197084,20,0,46,46,46
2,2,47,3955827090,-113,-113,38.3846865837538,-0.513212937943281,20,0,47,47,47
0,0,48,2037699025,-111,-111,38.385917659159134,-0.5170252919197084,20,0,48,48,48
2,2,49,4055772074,-101,-101,38.3846865837538,-0.513212937943281,20,0,49,49,49
2,2,50,4131701890,-114,-114,38.3846865837538,-0.513212937943281,20,0,50,50,50
2,2,51,4133625339,-95,-95,38.3846865837538,-0.513212937943281,20,0,51,51,51
0,0,52,2125954866,-109,-109,38.385917659159134,-0.5170252919197084,20,0,52,52,52
2,2,53,4270564354,-109,-109,38.3846865837538,-0.513212937943281,20,0,53,53,53
0,0,54,2397262597,-99,-99,38.385917659159134,-0.5170252919197084,20,0,54,54,54
0,0,55,2521179462,-116,-116,38.385917659159134,-0.5170252919197084,20,0,55,55,55
1,1,56,2638277129,-89,-89,38.38418726539637,-0.5101910233497621,10,0,56,56,56
0,0,57,2643478222,-113,-113,38.385917659159134,-0.5170252919197084,20,0,57,57,57
2,2,58,470951815,-71,-71,38.3846865837538,-0.513212937943281,20,0,58,58,58
2,2,59,544535610,-80,-80,38.3846865837538,-0.513212937943281,20,0,59,59,59
1,1,60,2858461088,-99,-99,38.38418726539637,-0.5101910233497621,10,0,60,60,60
3,3,61,1603161996,-97,-97,38.38473180809575,-0.5102983117103578,10,0,61,61,61
0,0,62,2961989457,-93,-93,38.385917659159134,-0.5170252919197084,20,0,62,62,62
2,2,63,704256206,-89,-89,38.3846865837538,-0.513212937943281,20,0,63,63,63
0,0,64,3138693528,-105,-105,38.385917659159134,-0.5170252919197084,20,0,64,64,64
2,2,65,860746660,-98,-98,38.3846865837538,-0.513212937943281,20,0,65,65,65
0,0,66,3238461977,-110,-110,38.385917659159134,-0.5170252919197084,20,0,66,66,66
2,2,67,961575860,-102,-102,38.3846865837538,-0.513212937943281,20,0,67,67,67
2,2,68,1036038756,-109,-109,38.3846865837538,-0.513212937943281,20,0,68,68,68
2,2,69,1038600156,-95,-95,38.3846865837538,-0.513212937943281,20,0,69,69,69
2,2,70,1043488348,-113,-113,38.3846865837538,-0.513212937943281,20,0,70,70,70
2,2,71,1176346516,-103,-103,38.3846865837538,-0.513212937943281,20,0,71,71,71
1,1,72,3597394525,-88,-88,38.38418726539637,-0.5101910233497621,10,0,72,72,72
1,1,73,3721279094,-97,-97,38.38418726539637,-0.5101910233497621,10,0,73,73,73
2,2,74,1556543676,-97,-97,38.3846865837538,-0.513212937943281,20,0,74,74,74
1,1,75,3844428248,-91,-91,38.38418726539637,-0.5101910233497621,10,0,75,75,75
2,2,76,1670884877,-79,-79,38.3846865837538,-0.513212937943281,20,0,76,76,76
2,2,77,1744478245,-74,-74,38.3846865837538,-0.513212937943281,20,0,77,77,77
0,0,78,4128153334,-105,-105,38.385917659159134,-0.5170252919197084,20,0,78,78,78
0,0,79,4161923422,-95,-95,38.385917659159134,-0.5170252919197084,20,0,79,79,79
0,0,80,4186581333,-101,-101,38.385917659159134,-0.5170252919197084,20,0,80,80,80
0,0,81,43637149,-103,-103,38.385917659159134,-0.5170252919197084,20,0,81,81,81
2,2,82,2060690132,-110,-110,38.3846865837538,-0.513212937943281,20,0,82,82,82
0,0,83,144250374,-109,-109,38.385917659159134,-0.5170252919197084,20,0,83,83,83
2,2,84,2162340402,-101,-101,38.3846865837538,-0.513212937943281,20,0,84,84,84
2,2,85,2236614341,-110,-110,38.3846865837538,-0.513212937943281,20,0,85,85,85
0,0,86,225847662,-95,-95,38.385917659159134,-0.5170252919197084,20,0,86,86,86
0,0,87,230858341,-111,-111,38.385917659159134,-0.5170252919197084,20,0,87,87,87
2,2,88,2377119045,-102,-102,38.3846865837538,-0.513212937943281,20,0,88,88,88
0,0,89,502179641,-97,-97,38.385917659159134,-0.5170252919197084,20,0,89,89,89
1,1,90,626276579,-97,-97,38.38418726539637,-0.5101910233497621,10,0,90,90,90
2,2,91,2757303224,-104,-104,38.3846865837538,-0.513212937943281,20,0,91,91,91
1,1,92,750244605,-90,-90,38.38418726539637,-0.5101910233497621,10,0,92,92,92
0,0,93,858151384,-89,-89,38.385917659159134,-0.5170252919197084,20,0,93,93,93
2,2,94,2944420830,-79,-79,38.3846865837538,-0.513212937943281,20,0,94,94,94
2,2,95,2977492814,-101,-101,38.3846865837538,-0.513212937943281,20,0,95,95,95
2,2,96,3045790046,-108,-108,38.3846865837538,-0.513212937943281,20,0,96,96,96
0,0,97,1066889993,-93,-93,38.385917659159134,-0.5170252919197084,20,0,97,97,97
2,2,98,3104277666,-83,-83,38.3846865837538,-0.513212937943281,20,0,98,98,98
0,0,99,1243548096,-100,-100,38.385917659159134,-0.5170252919197084,20,0,99,99,99
0,0,100,1247939480,-105,-105,38.385917659159134,-0.5170252919197084,20,0,100,100,100
2,2,101,3357682356,-102,-102,38.3846865837538,-0.513212937943281,20,0,101,101,101
2,2,102,3363086964,-101,-101,38.3846865837538,-0.513212937943281,20,0,102,102,102
2,2,103,3436554180,-113,-113,38.3846865837538,-0.513212937943281,20,0,103,103,103
0,0,104,1425764009,-98,-98,38.385917659159134,-0.5170252919197084,20,0,104,104,104
2,2,105,3443459180,-114,-114,38.3846865837538,-0.513212937943281,20,0,105,105,105
1,1,106,1565387358,-97,-97,38.38418726539637,-0.5101910233497621,10,0,106,106,106
1,1,107,1701994263,-91,-91,38.38418726539637,-0.5101910233497621,10,0,107,107,107
0,0,108,1825997577,-110,-110,38.385917659159134,-0.5170252919197084,20,0,108,108,108
2,2,109,3958064653,-103,-103,38.3846865837538,-0.513212937943281,20,0,109,109,109
1,1,110,1950992861,-95,-95,38.38418726539637,-0.5101910233497621,10,0,110,110,110
2,2,111,4070750573,-74,-74,38.3846865837538,-0.513212937943281,20,0,111,111,111
0,0,112,2131672312,-90,-90,38.385917659159134,-0.5170252919197084,20,0,112,112,112
1,1,113,2165786250,-96,-96,38.38418726539637,-0.5101910233497621,10,0,113,113,113
0,0,114,2233061713,-104,-104,38.385917659159134,-0.5170252919197084,20,0,114,114,114
0,0,115,2266823797,-91,-91,38.385917659159134,-0.5170252919197084,20,0,115,115,115
0,0,116,2291608894,-102,-102,38.385917659159134,-0.5170252919197084,20,0,116,116,116
2,2,117,161156100,-108,-108,38.3846865837538,-0.513212937943281,20,0,117,117,117
0,0,118,2447856278,-105,-105,38.385917659159134,-0.5170252919197084,20,0,118,118,118
2,2,119,263467204,-103,-103,38.3846865837538,-0.513212937943281,20,0,119,119,119
2,2,120,268885028,-100,-100,38.3846865837538,-0.513212937943281,20,0,120,120,120
2,2,121,341526724,-113,-113,38.3846865837538,-0.513212937943281,20,0,121,121,121
0,0,122,2625680150,-95,-95,38.385917659159134,-0.5170252919197084,20,0,122,122,122
3,3,123,1305674034,-90,-90,38.38473180809575,-0.5102983117103578,10,0,123,123,123
0,0,124,2765958117,-111,-111,38.385917659159134,-0.5170252919197084,20,0,124,124,124
1,1,125,2902253354,-89,-89,38.38418726539637,-0.5101910233497621,10,0,125,125,125
0,0,126,3025962494,-114,-114,38.385917659159134,-0.5170252919197084,20,0,126,126,126
1,1,127,3146345562,-95,-95,38.38418726539637,-0.5101910233497621,10,0,127,127,127
1,1,128,3151769275,-92,-92,38.38418726539637,-0.5101910233497621,10,0,128,128,128
0,0,129,3258020397,-89,-89,38.385917659159134,-0.5170252919197084,20,0,129,129,129
2,2,130,1049338651,-77,-77,38.3846865837538,-0.513212937943281,20,0,130,130,130
0,0,131,3366335102,-110,-110,38.385917659159134,-0.5170252919197084,20,0,131,131,131
2,2,132,1150695317,-105,-105,38.3846865837538,-0.513212937943281,20,0,132,132,132
0,0,133,3466757550,-97,-97,38.385917659159134,-0.5170252919197084,20,0,133,133,133
2,2,134,1209303218,-86,-86,38.3846865837538,-0.513212937943281,20,0,134,134,134
0,0,135,3643370038,-103,-103,38.385917659159134,-0.5170252919197084,20,0,135,135,135
2,2,136,1365468482,-108,-108,38.3846865837538,-0.513212937943281,20,0,136,136,136
2,2,137,1464236410,-101,-101,38.3846865837538,-0.513212937943281,20,0,137,137,137
1,1,138,3752133838,-93,-93,38.38418726539637,-0.5101910233497621,10,0,138,138,138
2,2,139,1541466562,-110,-110,38.3846865837538,-0.513212937943281,20,0,139,139,139
0,0,140,3825596078,-95,-95,38.385917659159134,-0.5170252919197084,20,0,140,140,140
0,0,141,3830665134,-110,-110,38.385917659159134,-0.5170252919197084,20,0,141,141,141
2,2,142,1684409386,-103,-103,38.3846865837538,-0.513212937943281,20,0,142,142,142
1,1,143,4102196826,-85,-85,38.38418726539637,-0.5101910233497621,10,0,143,143,143
0,0,144,4225899998,-113,-113,38.385917659159134,-0.5170252919197084,20,0,144,144,144
1,1,145,52145213,-87,-87,38.38418726539637,-0.5101910233497621,10,0,145,145,145
2,2,146,2070018761,-104,-104,38.3846865837538,-0.513212937943281,20,0,146,146,146
2,2,147,2175649193,-73,-73,38.3846865837538,-0.513212937943281,20,0,147,147,147
2,2,148,2249281073,-79,-79,38.3846865837538,-0.513212937943281,20,0,148,148,148
0,0,149,272123622,-107,-107,38.385917659159134,-0.5170252919197084,20,0,149,149,149
0,0,150,337970173,-105,-105,38.385917659159134,-0.5170252919197084,20,0,150,150,150
0,0,151,371724013,-92,-92,38.385917659159134,-0.5170252919197084,20,0,151,151,151
2,2,152,2409299742,-86,-86,38.3846865837538,-0.513212937943281,20,0,152,152,152
2,2,153,2560661441,-105,-105,38.3846865837538,-0.513212937943281,20,0,153,153,153
2,2,154,2564745105,-99,-99,38.3846865837538,-0.513212937943281,20,0,154,154,154
0,0,155,652333046,-111,-111,38.385917659159134,-0.5170252919197084,20,0,155,155,155
1,1,156,657935567,-95,-95,38.38418726539637,-0.5101910233497621,10,0,156,156,156
4,4,157,2724868515,-110,-110,38.3833301416072,-0.512394097936542,8,0,157,157,157
0,0,158,730544565,-98,-98,38.385917659159134,-0.5170252919197084,20,0,158,158,158
3,3,159,3705545072,-87,-87,38.38473180809575,-0.5102983117103578,10,0,159,159,159
0,0,160,872498669,-108,-108,38.385917659159134,-0.5170252919197084,20,0,160,160,160
1,1,161,1007172931,-86,-86,38.38418726539637,-0.5101910233497621,10,0,161,161,161
1,1,162,1131059077,-97,-97,38.38418726539637,-0.5101910233497621,10,0,162,162,162
0,0,163,1252707949,-115,-115,38.385917659159134,-0.5170252919197084,20,0,163,163,163
0,0,164,1258138701,-111,-111,38.385917659159134,-0.5170252919197084,20,0,164,164,164
2,2,165,3375582179,-74,-74,38.3846865837538,-0.513212937943281,20,0,165,165,165
0,0,166,1436563314,-91,-91,38.385917659159134,-0.5170252919197084,20,0,166,166,166
2,2,167,3485541731,-104,-104,38.3846865837538,-0.513212937943281,20,0,167,167,167
0,0,168,1537234266,-102,-102,38.385917659159134,-0.5170252919197084,20,0,168,168,168
0,0,169,1571657705,-95,-95,38.385917659159134,-0.5170252919197084,20,0,169,169,169
0,0,170,1596637610,-99,-99,38.385917659159134,-0.5170252919197084,20,0,170,170,170
2,2,171,3760884271,-108,-108,38.3846865837538,-0.513212937943281,20,0,171,171,171
0,0,172,1752639306,-104,-104,38.385917659159134,-0.5170252919197084,20,0,172,172,172
2,2,173,3865745431,-107,-107,38.3846865837538,-0.513212937943281,20,0,173,173,173
2,2,174,3871162879,-104,-104,38.3846865837538,-0.513212937943281,20,0,174,174,174
2,2,175,3941346287,-114,-114,38.3846865837538,-0.513212937943281,20,0,175,175,175
2,2,176,3942482015,-93,-93,38.3846865837538,-0.513212937943281,20,0,176,176,176
2,2,177,3948230847,-112,-112,38.3846865837538,-0.513212937943281,20,0,177,177,177
0,0,178,2073267273,-109,-109,38.385917659159134,-0.5170252919197084,20,0,178,178,178
0,0,179,2206931873,-98,-98,38.385917659159134,-0.5170252919197084,20,0,179,179,179
1,1,180,2330996489,-97,-97,38.38418726539637,-0.5101910233497621,10,0,180,180,180
0,0,181,2453472586,-115,-115,38.385917659159134,-0.5170252919197084,20,0,181,181,181
2,2,182,176596338,-101,-101,38.3846865837538,-0.513212937943281,20,0,182,182,182
0,0,183,2562856858,-87,-87,38.385917659159134,-0.5170252919197084,20,0,183,183,183
2,2,184,354198240,-80,-80,38.3846865837538,-0.513212937943281,20,0,184,184,184
2,2,185,391325672,-103,-103,38.3846865837538,-0.513212937943281,20,0,185,185,185
0,0,186,2737845929,-104,-104,38.385917659159134,-0.5170252919197084,20,0,186,186,186
0,0,187,2771316034,-93,-93,38.385917659159134,-0.5170252919197084,20,0,187,187,187
0,0,188,2796637626,-97,-97,38.385917659159134,-0.5170252919197084,20,0,188,188,188
0,0,189,2948070130,-100,-100,38.385917659159134,-0.5170252919197084,20,0,189,189,189
0,0,190,2952556154,-105,-105,38.385917659159134,-0.5170252919197084,20,0,190,190,190
1,1,191,3054041172,-87,-87,38.38418726539637,-0.5101910233497621,10,0,191,191,191
2,2,192,776977626,-103,-103,38.3846865837538,-0.513212937943281,20,0,192,192,192
2,2,193,846318874,-113,-113,38.3846865837538,-0.513212937943281,20,0,193,193,193
0,0,194,3130375866,-97,-97,38.385917659159134,-0.5170252919197084,20,0,194,194,194
3,3,195,1810451579,-92,-92,38.38473180809575,-0.5102983117103578,10,0,195,195,195
2,2,196,991710567,-101,-101,38.3846865837538,-0.513212937943281,20,0,196,196,196
2,2,197,1124565890,-75,-75,38.3846865837538,-0.513212937943281,20,0,197,197,197
3,3,198,2205050827,-94,-94,38.38473180809575,-0.5102983117103578,10,0,198,198,198
1,1,199,3654427587,-91,-91,38.38418726539637,-0.5101910233497621,10,0,199,199,199
2,2,200,1377341554,-105,-105,38.3846865837538,-0.513212937943281,20,0,200,200,200
2,2,201,1480480738,-72,-72,38.3846865837538,-0.513212937943281,20,0,201,201,201
2,2,202,1554140345,-77,-77,38.3846865837538,-0.513212937943281,20,0,202,202,202
2,2,203,1592090954,-103,-103,38.3846865837538,-0.513212937943281,20,0,203,203,203
2,2,204,1655473465,-108,-108,38.3846865837538,-0.513212937943281,20,0,204,204,204
0,0,205,3971525102,-97,-97,38.385917659159134,-0.5170252919197084,20,0,205,205,205
0,0,206,3996605015,-98,-98,38.385917659159134,-0.5170252919197084,20,0,206,206,206
2,2,207,1865735714,-112,-112,38.3846865837538,-0.513212937943281,20,0,207,207,207
2,2,208,1869885970,-101,-101,38.3846865837538,-0.513212937943281,20,0,208,208,208
2,2,209,1972304829,-104,-104,38.3846865837538,-0.513212937943281,20,0,209,209,209
0,0,210,4260033262,-113,-113,38.385917659159134,-0.5170252919197084,20,0,210,210,210
2,2,211,2046258717,-110,-110,38.3846865837538,-0.513212937943281,20,0,211,211,211
0,0,212,35324087,-97,-97,38.385917659159134,-0.5170252919197084,20,0,212,212,212
2,2,213,2053132661,-113,-113,38.3846865837538,-0.513212937943281,20,0,213,213,213
2,2,214,2192461165,-105,-105,38.3846865837538,-0.513212937943281,20,0,214,214,214
2,2,215,2324506837,-73,-73,38.3846865837538,-0.513212937943281,20,0,215,215,215
1,1,216,435904329,-99,-99,38.38418726539637,-0.5101910233497621,10,0,216,216,216
2,2,217,2572697620,-101,-101,38.3846865837538,-0.513212937943281,20,0,217,217,217
2,2,218,2578106837,-104,-104,38.3846865837538,-0.513212937943281,20,0,218,218,218
2,2,219,2680413461,-77,-77,38.3846865837538,-0.513212937943281,20,0,219,219,219
2,2,220,2754082365,-75,-75,38.3846865837538,-0.513212937943281,20,0,220,220,220
2,2,221,2792844465,-105,-105,38.3846865837538,-0.513212937943281,20,0,221,221,221
2,2,222,2855410068,-110,-110,38.3846865837538,-0.513212937943281,20,0,222,222,222
0,0,223,876491520,-92,-92,38.385917659159134,-0.5170252919197084,20,0,223,223,223
0,0,224,901661680,-102,-102,38.385917659159134,-0.5170252919197084,20,0,224,224,224
0,0,225,1052676624,-103,-103,38.385917659159134,-0.5170252919197084,20,0,225,225,225
1,1,226,1160595203,-89,-89,38.38418726539637,-0.5101910233497621,10,0,226,226,226
2,2,227,3178480575,-99,-99,38.3846865837538,-0.513212937943281,20,0,227,227,227
2,2,228,3246198599,-110,-110,38.3846865837538,-0.513212937943281,20,0,228,228,228
2,2,229,3247618959,-97,-97,38.3846865837538,-0.513212937943281,20,0,229,229,229
2,2,230,3253065606,-115,-115,38.3846865837538,-0.513212937943281,20,0,230,230,230
0,0,231,1380563063,-110,-110,38.385917659159134,-0.5170252919197084,20,0,231,231,231
0,0,232,1511790847,-99,-99,38.385917659159134,-0.5170252919197084,20,0,232,232,232
0,0,233,1635653611,-115,-115,38.385917659159134,-0.5170252919197084,20,0,233,233,233
1,1,234,1760989320,-90,-90,38.38418726539637,-0.5101910233497621,10,0,234,234,234
2,2,235,3778877147,-101,-101,38.3846865837538,-0.513212937943281,20,0,235,235,235
0,0,236,1867692515,-91,-91,38.385917659159134,-0.5170252919197084,20,0,236,236,236
2,2,237,3954024376,-79,-79,38.3846865837538,-0.513212937943281,20,0,237,237,237
1,1,238,1981126168,-92,-92,38.38418726539637,-0.5101910233497621,10,0,238,238,238
2,2,239,4055283240,-109,-109,38.3846865837538,-0.513212937943281,20,0,239,239,239
2,2,240,4089078976,-69,-69,38.3846865837538,-0.513212937943281,20,0,240,240,240
0,0,241,2101626168,-94,-94,38.385917659159134,-0.5170252919197084,20,0,241,241,241
2,2,242,4265554417,-107,-107,38.3846865837538,-0.513212937943281,20,0,242,242,242
2,2,243,4269993545,-110,-110,38.3846865837538,-0.513212937943281,20,0,243,243,243
1,1,244,2361355624,-86,-86,38.38418726539637,-0.5101910233497621,10,0,244,244,244
1,1,245,2366778912,-93,-93,38.38418726539637,-0.5101910233497621,10,0,245,245,245
2,2,246,151171190,-112,-112,38.3846865837538,-0.513212937943281,20,0,246,246,246
2,2,247,152840975,-93,-93,38.3846865837538,-0.513212937943281,20,0,247,247,247
2,2,248,158031145,-112,-112,38.3846865837538,-0.513212937943281,20,0,248,248,248
0,0,249,2581313833,-113,-113,38.385917659159134,-0.5170252919197084,20,0,249,249,249
2,2,250,429415849,-73,-73,38.3846865837538,-0.513212937943281,20,0,250,250,250
0,0,251,2835591601,-114,-114,38.385917659159134,-0.5170252919197084,20,0,251,251,251
1,1,252,2961733466,-87,-87,38.38418726539637,-0.5101910233497621,10,0,252,252,252
0,0,253,2966967312,-108,-108,38.385917659159134,-0.5170252919197084,20,0,253,253,253
0,0,254,3067627257,-92,-92,38.385917659159134,-0.5170252919197084,20,0,254,254,254
2,2,255,858999024,-78,-78,38.3846865837538,-0.513212937943281,20,0,255,255,255
2,2,256,899388120,-105,-105,38.3846865837538,-0.513212937943281,20,0,256,256,256
2,2,257,960316080,-103,-103,38.3846865837538,-0.513212937943281,20,0,257,257,257
0,0,258,3276359232,-91,-91,38.385917659159134,-0.5170252919197084,20,0,258,258,258
2,2,259,1019333464,-86,-86,38.3846865837538,-0.513212937943281,20,0,259,259,259
2,2,260,1170431112,-109,-109,38.3846865837538,-0.513212937943281,20,0,260,260,260
2,2,261,1174942008,-101,-101,38.3846865837538,-0.513212937943281,20,0,261,261,261
2,2,262,1279615739,-100,-100,38.3846865837538,-0.513212937943281,20,0,262,262,262
2,2,263,1285041059,-99,-99,38.3846865837538,-0.513212937943281,20,0,263,263,263
2,2,264,1351111083,-113,-113,38.3846865837538,-0.513212937943281,20,0,264,264,264
0,0,265,3635070600,-109,-109,38.385917659159134,-0.5170252919197084,20,0,265,265,265
3,3,266,2315221260,-91,-91,38.38473180809575,-0.5102983117103578,10,0,266,266,266
2,2,267,1499753896,-99,-99,38.3846865837538,-0.513212937943281,20,0,267,267,267
1,1,268,3911858415,-86,-86,38.38418726539637,-0.5101910233497621,10,0,268,268,268
0,0,269,4035529728,-116,-116,38.385917659159134,-0.5170252919197084,20,0,269,269,269
1,1,270,4162494794,-89,-89,38.38418726539637,-0.5101910233497621,10,0,270,270,270
0,0,271,4167748968,-113,-113,38.385917659159134,-0.5170252919197084,20,0,271,271,271
2,2,272,1985245675,-77,-77,38.3846865837538,-0.513212937943281,20,0,272,272,272
2,2,273,2058940930,-77,-77,38.3846865837538,-0.513212937943281,20,0,273,273,273
0,0,274,87488696,-109,-109,38.385917659159134,-0.5170252919197084,20,0,274,274,274
2,2,275,2159579026,-109,-109,38.3846865837538,-0.513212937943281,20,0,275,275,275
0,0,276,181325928,-95,-95,38.385917659159134,-0.5170252919197084,20,0,276,276,276
2,2,277,2219324802,-85,-85,38.3846865837538,-0.513212937943281,20,0,277,277,277
2,2,278,2370405962,-107,-107,38.3846865837538,-0.513212937943281,20,0,278,278,278
2,2,279,2374829586,-103,-103,38.3846865837538,-0.513212937943281,20,0,279,279,279
1,1,280,467914509,-89,-89,38.38418726539637,-0.5101910233497621,10,0,280,280,280
2,2,281,2485804084,-98,-98,38.3846865837538,-0.513212937943281,20,0,281,281,281
2,2,282,2551051036,-108,-108,38.3846865837538,-0.513212937943281,20,0,282,282,282
0,0,283,540018744,-92,-92,38.385917659159134,-0.5170252919197084,20,0,283,283,283
3,3,284,3515155395,-95,-95,38.38473180809575,-0.5102983117103578,10,0,284,284,284
1,1,285,688061697,-96,-96,38.38418726539637,-0.5101910233497621,10,0,285,285,285
1,1,286,816830354,-90,-90,38.38418726539637,-0.5101910233497621,10,0,286,286,286
0,0,287,940500629,-110,-110,38.385917659159134,-0.5170252919197084,20,0,287,287,287
0,0,288,1068108797,-114,-114,38.385917659159134,-0.5170252919197084,20,0,288,288,288
1,1,289,1073738675,-93,-93,38.38418726539637,-0.5101910233497621,10,0,289,289,289
2,2,290,3185179292,-71,-71,38.3846865837538,-0.513212937943281,20,0,290,290,290
2,2,291,3258608396,-77,-77,38.3846865837538,-0.513212937943281,20,0,291,291,291
1,1,292,1288430519,-95,-95,38.38418726539637,-0.5101910233497621,10,0,292,292,292
0,0,293,1347540733,-107,-107,38.385917659159134,-0.5170252919197084,20,0,293,293,293
2,2,294,3393909010,-77,-77,38.3846865837538,-0.513212937943281,20,0,294,294,294
2,2,295,3419315778,-86,-86,38.3846865837538,-0.513212937943281,20,0,295,295,295
2,2,296,3570315394,-105,-105,38.3846865837538,-0.513212937943281,20,0,296,296,296
0,0,297,1562125240,-103,-103,38.385917659159134,-0.5170252919197084,20,0,297,297,297
1,1,298,1668669833,-87,-87,38.38418726539637,-0.5101910233497621,10,0,298,298,298
0,0,299,1673934944,-107,-107,38.385917659159134,-0.5170252919197084,20,0,299,299,299
2,2,300,3750991010,-115,-115,38.3846865837538,-0.513212937943281,20,0,300,300,300
0,0,301,1739934223,-101,-101,38.385917659159134,-0.5170252919197084,20,0,301,301,301
3,3,302,420122458,-86,-86,38.38473180809575,-0.5102983117103578,10,0,302,302,302
0,0,303,1888626543,-113,-113,38.385917659159134,-0.5170252919197084,20,0,303,303,303
3,3,304,691522018,-98,-98,38.38473180809575,-0.5102983117103578,10,0,304,304,304
1,1,305,2140626931,-98,-98,38.38418726539637,-0.5101910233497621,10,0,305,305,305
2,2,306,4281513752,-99,-99,38.3846865837538,-0.513212937943281,20,0,306,306,306
2,2,307,4286969432,-99,-99,38.3846865837538,-0.513212937943281,20,0,307,307,307
0,0,308,2372465704,-91,-91,38.385917659159134,-0.5170252919197084,20,0,308,308,308
0,0,309,2446176976,-96,-96,38.385917659159134,-0.5170252919197084,20,0,309,309,309
2,2,310,206691555,-99,-99,38.3846865837538,-0.513212937943281,20,0,310,310,310
0,0,311,2547479448,-105,-105,38.385917659159134,-0.5170252919197084,20,0,311,311,311
2,2,312,298874429,-77,-77,38.3846865837538,-0.513212937943281,20,0,312,312,312
0,0,313,2606658872,-98,-98,38.385917659159134,-0.5170252919197084,20,0,313,313,313
2,2,314,475257549,-112,-112,38.3846865837538,-0.513212937943281,20,0,314,314,314
2,2,315,479723045,-98,-98,38.3846865837538,-0.513212937943281,20,0,315,315,315
2,2,316,586928573,-101,-101,38.3846865837538,-0.513212937943281,20,0,316,316,316
0,0,317,2874693907,-113,-113,38.385917659159134,-0.5170252919197084,20,0,317,317,317
2,2,318,655963741,-115,-115,38.3846865837538,-0.513212937943281,20,0,318,318,318
2,2,319,657529461,-92,-92,38.3846865837538,-0.513212937943281,20,0,319,319,319
3,3,320,1620057062,-93,-93,38.38473180809575,-0.5102983117103578,10,0,320,320,320
1,1,321,3089576636,-95,-95,38.38418726539637,-0.5101910233497621,10,0,321,321,321
0,0,322,3216521034,-95,-95,38.385917659159134,-0.5170252919197084,20,0,322,322,322
1,1,323,3340565258,-97,-97,38.38418726539637,-0.5101910233497621,10,0,323,323,323
1,1,324,3469819466,-87,-87,38.38418726539637,-0.5101910233497621,10,0,324,324,324
2,2,325,1192747519,-99,-99,38.3846865837538,-0.513212937943281,20,0,325,325,325
2,2,326,1290080616,-72,-72,38.3846865837538,-0.513212937943281,20,0,326,326,326
0,0,327,3646120366,-101,-101,38.385917659159134,-0.5170252919197084,20,0,327,327,327
2,2,328,1407464954,-101,-101,38.3846865837538,-0.513212937943281,20,0,328,328,328
0,0,329,3747418326,-106,-106,38.385917659159134,-0.5170252919197084,20,0,329,329,329
0,0,330,3781128710,-93,-93,38.385917659159134,-0.5170252919197084,20,0,330,330,330
0,0,331,3806650726,-97,-97,38.385917659159134,-0.5170252919197084,20,0,331,331,331
0,0,332,3957488674,-101,-101,38.385917659159134,-0.5170252919197084,20,0,332,332,332
2,2,333,1679639577,-103,-103,38.3846865837538,-0.513212937943281,20,0,333,333,333
0,0,334,4070006977,-111,-111,38.385917659159134,-0.5170252919197084,20,0,334,334,334
2,2,335,1793134138,-99,-99,38.3846865837538,-0.513212937943281,20,0,335,335,335
0,0,336,4138225641,-113,-113,38.385917659159134,-0.5170252919197084,20,0,336,336,336
2,2,337,1857448731,-93,-93,38.3846865837538,-0.513212937943281,20,0,337,337,337
3,3,338,2819991838,-93,-93,38.38473180809575,-0.5102983117103578,10,0,338,338,338
0,0,339,4290181089,-111,-111,38.385917659159134,-0.5170252919197084,20,0,339,339,339
1,1,340,121681233,-84,-84,38.38418726539637,-0.5101910233497621,10,0,340,340,340
2,2,341,2257993666,-115,-115,38.3846865837538,-0.513212937943281,20,0,341,341,341
2,2,342,2388071043,-101,-101,38.3846865837538,-0.513212937943281,20,0,342,342,342
1,1,343,381053554,-94,-94,38.38418726539637,-0.5101910233497621,10,0,343,343,343
2,2,344,2490015422,-72,-72,38.3846865837538,-0.513212937943281,20,0,344,344,344
2,2,345,2563740918,-76,-76,38.3846865837538,-0.513212937943281,20,0,345,345,345
2,2,346,2608219318,-98,-98,38.3846865837538,-0.513212937943281,20,0,346,346,346
0,0,347,652078529,-105,-105,38.385917659159134,-0.5170252919197084,20,0,347,347,347
0,0,348,686096018,-93,-93,38.385917659159134,-0.5170252919197084,20,0,348,348,348
2,2,349,2724319406,-90,-90,38.3846865837538,-0.513212937943281,20,0,349,349,349
2,2,350,2875076526,-111,-111,38.3846865837538,-0.513212937943281,20,0,350,350,350
2,2,351,2879556294,-103,-103,38.3846865837538,-0.513212937943281,20,0,351,351,351
2,2,352,2988453110,-103,-103,38.3846865837538,-0.513212937943281,20,0,352,352,352
2,2,353,2993906398,-99,-99,38.3846865837538,-0.513212937943281,20,0,353,353,353
2,2,354,3055843846,-109,-109,38.3846865837538,-0.513212937943281,20,0,354,354,354
0,0,355,1044713858,-99,-99,38.385917659159134,-0.5170252919197084,20,0,355,355,355
3,3,356,4019926795,-91,-91,38.38473180809575,-0.5102983117103578,10,0,356,356,356
0,0,357,1195959177,-114,-114,38.385917659159134,-0.5170252919197084,20,0,357,357,357
1,1,358,1321621069,-86,-86,38.38418726539637,-0.5101910233497621,10,0,358,358,358
1,1,359,1445475096,-97,-97,38.38418726539637,-0.5101910233497621,10,0,359,359,359
0,0,360,1576195154,-111,-111,38.385917659159134,-0.5170252919197084,20,0,360,360,360
1,1,361,1581814757,-93,-93,38.38418726539637,-0.5101910233497621,10,0,361,361,361
0,0,362,1677307497,-91,-91,38.385917659159134,-0.5170252919197084,20,0,362,362,362
0,0,363,1751039769,-93,-93,38.385917659159134,-0.5170252919197084,20,0,363,363,363
1,1,364,1796529766,-94,-94,38.38418726539637,-0.5101910233497621,10,0,364,364,364
3,3,365,526956467,-97,-97,38.38473180809575,-0.5102983117103578,10,0,365,365,365
2,2,366,3898673611,-69,-69,38.3846865837538,-0.513212937943281,20,0,366,366,366
0,0,367,1911666585,-95,-95,38.385917659159134,-0.5170252919197084,20,0,367,367,367
2,2,368,4074986025,-112,-112,38.3846865837538,-0.513212937943281,20,0,368,368,368
0,0,369,2066830561,-107,-107,38.385917659159134,-0.5170252919197084,20,0,369,369,369
1,1,370,2176754435,-89,-89,38.38418726539637,-0.5101910233497621,10,0,370,370,370
1,1,371,2182211539,-95,-95,38.38418726539637,-0.5101910233497621,10,0,371,371,371
2,2,372,4255783945,-111,-111,38.3846865837538,-0.513212937943281,20,0,372,372,372
0,0,373,2244629626,-94,-94,38.385917659159134,-0.5170252919197084,20,0,373,373,373
2,2,374,4262598216,-113,-113,38.3846865837538,-0.513212937943281,20,0,374,374,374
0,0,375,2396719522,-113,-113,38.385917659159134,-0.5170252919197084,20,0,375,375,375
2,2,376,238979969,-74,-74,38.3846865837538,-0.513212937943281,20,0,376,376,376
2,2,377,494617166,-103,-103,38.3846865837538,-0.513212937943281,20,0,377,377,377
0,0,378,2782391449,-113,-113,38.385917659159134,-0.5170252919197084,20,0,378,378,378
2,2,379,594893354,-79,-79,38.3846865837538,-0.513212937943281,20,0,379,379,379
0,0,380,2950983114,-93,-93,38.385917659159134,-0.5170252919197084,20,0,380,380,380
1,1,381,2997288216,-93,-93,38.38418726539637,-0.5101910233497621,10,0,381,381,381
2,2,382,769942301,-107,-107,38.3846865837538,-0.513212937943281,20,0,382,382,382
0,0,383,3085965794,-95,-95,38.385917659159134,-0.5170252919197084,20,0,383,383,383
2,2,384,829331917,-83,-83,38.3846865837538,-0.513212937943281,20,0,384,384,384
0,0,385,3262254513,-103,-103,38.385917659159134,-0.5170252919197084,20,0,385,385,385
2,2,386,984422789,-109,-109,38.3846865837538,-0.513212937943281,20,0,386,386,386
2,2,387,1094995629,-103,-103,38.3846865837538,-0.513212937943281,20,0,387,387,387
2,2,388,1100460093,-99,-99,38.3846865837538,-0.513212937943281,20,0,388,388,388
2,2,389,1162218981,-96,-96,38.3846865837538,-0.513212937943281,20,0,389,389,389
3,3,390,2124829750,-86,-86,38.38473180809575,-0.5102983117103578,10,0,390,390,390
1,1,391,3597669292,-94,-94,38.38418726539637,-0.5101910233497621,10,0,391,391,391
3,3,392,2396252094,-97,-97,38.38473180809575,-0.5102983117103578,10,0,392,392,392
0,0,393,3845165480,-113,-113,38.385917659159134,-0.5170252919197084,20,0,393,393,393
2,2,394,1695374253,-99,-99,38.3846865837538,-0.513212937943281,20,0,394,394,394
0,0,395,3983170952,-113,-113,38.385917659159134,-0.5170252919197084,20,0,395,395,395
2,2,396,1794854501,-77,-77,38.3846865837538,-0.513212937943281,20,0,396,396,396
0,0,397,4150289800,-95,-95,38.385917659159134,-0.5170252919197084,20,0,397,397,397
0,0,398,4197851400,-111,-111,38.385917659159134,-0.5170252919197084,20,0,398,398,398
3,3,399,2927145540,-96,-96,38.38473180809575,-0.5102983117103578,10,0,399,399,399
0,0,400,4285900959,-99,-99,38.385917659159134,-0.5170252919197084,20,0,400,400,400
2,2,401,2029321697,-85,-85,38.3846865837538,-0.513212937943281,20,0,401,401,401
0,0,402,167198319,-103,-103,38.385917659159134,-0.5170252919197084,20,0,402,402,402
0,0,403,171700424,-108,-108,38.385917659159134,-0.5170252919197084,20,0,403,403,403
0,0,404,283120776,-114,-114,38.385917659159134,-0.5170252919197084,20,0,404,404,404
2,2,405,2301208845,-102,-102,38.3846865837538,-0.513212937943281,20,0,405,405,405
2,2,406,2360671509,-110,-110,38.3846865837538,-0.513212937943281,20,0,406,406,406
0,0,407,349494135,-105,-105,38.385917659159134,-0.5170252919197084,20,0,407,407,407
3,3,408,3324765084,-86,-86,38.38473180809575,-0.5102983117103578,10,0,408,408,408
2,2,409,2515899309,-101,-101,38.3846865837538,-0.513212937943281,20,0,409,409,409
0,0,410,626287328,-109,-109,38.385917659159134,-0.5170252919197084,20,0,410,410,410
0,0,411,750137351,-114,-114,38.385917659159134,-0.5170252919197084,20,0,411,411,411
2,2,412,2896133054,-101,-101,38.3846865837538,-0.513212937943281,20,0,412,412,412
1,1,413,889154973,-93,-93,38.38418726539637,-0.5101910233497621,10,0,413,413,413
0,0,414,982152045,-90,-90,38.385917659159134,-0.5170252919197084,20,0,414,414,414
0,0,415,1055902597,-93,-93,38.385917659159134,-0.5170252919197084,20,0,415,415,415
1,1,416,1103836482,-93,-93,38.38418726539637,-0.5101910233497621,10,0,416,416,416
0,0,417,1156868293,-105,-105,38.385917659159134,-0.5170252919197084,20,0,417,417,417
0,0,418,1190869012,-96,-96,38.385917659159134,-0.5170252919197084,20,0,418,418,418
0,0,419,1216673261,-96,-96,38.385917659159134,-0.5170252919197084,20,0,419,419,419
2,2,420,3379747340,-105,-105,38.3846865837538,-0.513212937943281,20,0,420,420,420
2,2,421,3384257268,-105,-105,38.3846865837538,-0.513212937943281,20,0,421,421,421
1,1,422,1484062630,-91,-91,38.38418726539637,-0.5101910233497621,10,0,422,422,422
1,1,423,1489537104,-92,-92,38.38418726539637,-0.5101910233497621,10,0,423,423,423
2,2,424,3560637028,-110,-110,38.3846865837538,-0.513212937943281,20,0,424,424,424
0,0,425,1549382839,-93,-93,38.385917659159134,-0.5170252919197084,20,0,425,425,425
3,3,426,229733375,-92,-92,38.38473180809575,-0.5102983117103578,10,0,426,426,426
2,2,427,3716676547,-99,-99,38.3846865837538,-0.513212937943281,20,0,427,427,427
0,0,428,1826228199,-98,-98,38.385917659159134,-0.5170252919197084,20,0,428,428,428
1,1,429,1950263597,-99,-99,38.38418726539637,-0.5101910233497621,10,0,429,429,429
1,1,430,2084438421,-85,-85,38.38418726539637,-0.5101910233497621,10,0,430,430,430
1,1,431,2089902801,-92,-92,38.38418726539637,-0.5101910233497621,10,0,431,431,431
2,2,432,4194726671,-71,-71,38.3846865837538,-0.513212937943281,20,0,432,432,432
2,2,433,4268482815,-77,-77,38.3846865837538,-0.513212937943281,20,0,433,433,433
1,1,434,2304589721,-92,-92,38.38418726539637,-0.5101910233497621,10,0,434,434,434
2,2,435,74788749,-111,-111,38.3846865837538,-0.513212937943281,20,0,435,435,435
2,2,436,108473813,-77,-77,38.3846865837538,-0.513212937943281,20,0,436,436,436
0,0,437,2416664431,-97,-97,38.385917659159134,-0.5170252919197084,20,0,437,437,437
0,0,438,2567020494,-103,-103,38.385917659159134,-0.5170252919197084,20,0,438,438,438
0,0,439,2571262127,-101,-101,38.385917659159134,-0.5170252919197084,20,0,439,439,439
1,1,440,2684817159,-88,-88,38.38418726539637,-0.5101910233497621,10,0,440,440,440
0,0,441,2690112070,-114,-114,38.385917659159134,-0.5170252919197084,20,0,441,441,441
2,2,442,465609868,-115,-115,38.3846865837538,-0.513212937943281,20,0,442,442,442
0,0,443,2749326358,-103,-103,38.385917659159134,-0.5170252919197084,20,0,443,443,443
3,3,444,1429669191,-86,-86,38.38473180809575,-0.5102983117103578,10,0,444,444,444
2,2,445,622448507,-101,-101,38.3846865837538,-0.513212937943281,20,0,445,445,445
0,0,446,3026169295,-99,-99,38.385917659159134,-0.5170252919197084,20,0,446,446,446
3,3,447,1824952609,-98,-98,38.38473180809575,-0.5102983117103578,10,0,447,447,447
0,0,448,3285009366,-116,-116,38.385917659159134,-0.5170252919197084,20,0,448,448,448
0,0,449,3290498703,-111,-111,38.385917659159134,-0.5170252919197084,20,0,449,449,449
0,0,450,3382027751,-89,-89,38.385917659159134,-0.5170252919197084,20,0,450,450,450
0,0,451,3455789494,-93,-93,38.385917659159134,-0.5170252919197084,20,0,451,451,451
0,0,452,3505168111,-111,-111,38.385917659159134,-0.5170252919197084,20,0,452,452,452
2,2,453,1274663487,-103,-103,38.3846865837538,-0.513212937943281,20,0,453,453,453
0,0,454,3590740142,-103,-103,38.385917659159134,-0.5170252919197084,20,0,454,454,454
0,0,455,3616655527,-98,-98,38.385917659159134,-0.5170252919197084,20,0,455,455,455
2,2,456,1484285693,-108,-108,38.3846865837538,-0.513212937943281,20,0,456,456,456
0,0,457,3771457751,-105,-105,38.385917659159134,-0.5170252919197084,20,0,457,457,457
1,1,458,3885575393,-89,-89,38.38418726539637,-0.5101910233497621,10,0,458,458,458
2,2,459,1608548199,-101,-101,38.3846865837538,-0.513212937943281,20,0,459,459,459
2,2,460,1665550071,-110,-110,38.3846865837538,-0.513212937943281,20,0,460,460,460
2,2,461,1666909911,-91,-91,38.3846865837538,-0.513212937943281,20,0,461,461,461
3,3,462,2629605192,-92,-92,38.38473180809575,-0.5102983117103578,10,0,462,462,462
2,2,463,1823212176,-100,-100,38.3846865837538,-0.513212937943281,20,0,463,463,463
2,2,464,1943777515,-75,-75,38.3846865837538,-0.513212937943281,20,0,464,464,464
2,2,465,2067622387,-116,-116,38.3846865837538,-0.513212937943281,20,0,465,465,465
2,2,466,2203429764,-101,-101,38.3846865837538,-0.513212937943281,20,0,466,466,466
1,1,467,196484610,-92,-92,38.38418726539637,-0.5101910233497621,10,0,467,467,467
0,0,468,286998630,-89,-89,38.385917659159134,-0.5170252919197084,20,0,468,468,468
2,2,469,2373399451,-77,-77,38.3846865837538,-0.513212937943281,20,0,469,469,469
2,2,470,2423592235,-101,-101,38.3846865837538,-0.513212937943281,20,0,470,470,470
2,2,471,2474665383,-109,-109,38.3846865837538,-0.513212937943281,20,0,471,471,471
0,0,472,495708711,-93,-93,38.385917659159134,-0.5170252919197084,20,0,472,472,472
0,0,473,521679230,-98,-98,38.385917659159134,-0.5170252919197084,20,0,473,473,473
0,0,474,671875375,-101,-101,38.385917659159134,-0.5170252919197084,20,0,474,474,474
2,2,475,2688766767,-115,-115,38.3846865837538,-0.513212937943281,20,0,475,475,475
2,2,476,2803816741,-98,-98,38.3846865837538,-0.513212937943281,20,0,476,476,476
1,1,477,796849177,-93,-93,38.38418726539637,-0.5101910233497621,10,0,477,477,477
2,2,478,2865490301,-116,-116,38.3846865837538,-0.513212937943281,20,0,478,478,478
2,2,479,2866824709,-95,-95,38.3846865837538,-0.513212937943281,20,0,479,479,479
0,0,480,859638334,-113,-113,38.385917659159134,-0.5170252919197084,20,0,480,480,480
2,2,481,3023970437,-102,-102,38.3846865837538,-0.513212937943281,20,0,481,481,481
2,2,482,3143717237,-75,-75,38.3846865837538,-0.513212937943281,20,0,482,482,482
2,2,483,3267560465,-115,-115,38.3846865837538,-0.513212937943281,20,0,483,483,483
1,1,484,1391755899,-87,-87,38.38418726539637,-0.5101910233497621,10,0,484,484,484
0,0,485,1397044455,-110,-110,38.385917659159134,-0.5170252919197084,20,0,485,485,485
2,2,486,3499569144,-71,-71,38.3846865837538,-0.513212937943281,20,0,486,486,486
2,2,487,3573341480,-77,-77,38.3846865837538,-0.513212937943281,20,0,487,487,487
2,2,488,3624342981,-101,-101,38.3846865837538,-0.513212937943281,20,0,488,488,488
0,0,489,1661971902,-102,-102,38.385917659159134,-0.5170252919197084,20,0,489,489,489
0,0,490,1695644558,-98,-98,38.385917659159134,-0.5170252919197084,20,0,490,490,490
0,0,491,1721670255,-97,-97,38.385917659159134,-0.5170252919197084,20,0,491,491,491
0,0,492,1871786478,-102,-102,38.385917659159134,-0.5170252919197084,20,0,492,492,492
2,2,493,3888961157,-101,-101,38.3846865837538,-0.513212937943281,20,0,493,493,493
0,0,494,1991949358,-115,-115,38.385917659159134,-0.5170252919197084,20,0,494,494,494
2,2,495,4010071138,-98,-98,38.3846865837538,-0.513212937943281,20,0,495,495,495
2,2,496,4065430532,-110,-110,38.3846865837538,-0.513212937943281,20,0,496,496,496
0,0,497,2054107983,-101,-101,38.385917659159134,-0.5170252919197084,20,0,497,497,497
2,2,498,4072206589,-113,-113,38.3846865837538,-0.513212937943281,20,0,498,498,498
2,2,499,4224728356,-97,-97,38.3846865837538,-0.513212937943281,20,0,499,499,499
1,1,500,2330925890,-91,-91,38.38418726539637,-0.5101910233497621,10,0,500,500,500
0,0,501,2454867574,-115,-115,38.385917659159134,-0.5170252919197084,20,0,501,501,501
1,1,502,2592509483,-88,-88,38.38418726539637,-0.5101910233497621,10,0,502,502,502
2,2,503,315467759,-99,-99,38.3846865837538,-0.513212937943281,20,0,503,503,503
0,0,504,2686875118,-89,-89,38.385917659159134,-0.5170252919197084,20,0,504,504,504
2,2,505,478316285,-75,-75,38.3846865837538,-0.513212937943281,20,0,505,505,505
0,0,506,2812475902,-109,-109,38.385917659159134,-0.5170252919197084,20,0,506,506,506
2,2,507,579575559,-105,-105,38.3846865837538,-0.513212937943281,20,0,507,507,507
2,2,508,613243679,-67,-67,38.3846865837538,-0.513212937943281,20,0,508,508,508
2,2,509,639324423,-85,-85,38.3846865837538,-0.513212937943281,20,0,509,509,509
2,2,510,789360599,-111,-111,38.3846865837538,-0.513212937943281,20,0,510,510,510
2,2,511,793912103,-109,-109,38.3846865837538,-0.513212937943281,20,0,511,511,511
0,0,512,3192703359,-115,-115,38.385917659159134,-0.5170252919197084,20,0,512,512,512