i_f,p_f,truth
253,32.12,0
242.73,32.93,0
240.4,33.14,0
237.93,33.32,0
235.93,33.48,0
231.47,33.89,0
258.73,34.15,0
256.53,34.48,0
261.2,33.12,0
228.07,32.35,0
239.53,31.57,0
253.93,30.39,0
238.8,31.56,0
240.8,31.43,0
237.47,31.69,0
242.2,31.44,0
273.8,31.5,0
249.07,32.05,0
238.93,32.81,0
226.87,33.95,0
242.4,34.07,0
242.4,34.09,0
237.67,34.44,0
249.33,34.18,0
265.73,33.78,0
239.4,30.4,0
260.53,30.54,0
263.13,30.33,0
258.47,30.7,0
266.27,31.41,0
264.2,31.48,0
241.87,31.39,0
235.73,31.81,0
238.47,31.53,0
236.8,31.5,0
276.13,32.26,0
285.53,32.44,0
288.33,32.19,0
282.73,32.56,0
277.87,32.94,0
276.8,32.99,0
239.13,33.24,0
231.2,33.91,0
238.6,34.16,0
255.87,31.86,0
258.33,30.8,0
261.6,31.41,0
261.33,31.46,0
259.13,31.6,0
256.87,31.77,0
261.33,31.4,0
253.47,32.02,0
247.73,32.48,0
235.8,33.54,0
242.2,34.02,0
241.33,34.07,0
236.07,34.46,0
258.13,34.59,0
261.2,34.35,0
259,33.51,0
260.67,33.27,0
243.2,31.78,0
249.27,30.69,0
249.47,30.65,0
256.8,31.35,0
253.27,31.55,0
258.27,31.13,0
258.67,31.1,0
254.6,31.39,0
243.67,32.41,0
236.47,32.9,0
236.4,32.97,0
237.2,32.94,0
236.2,33.05,0
234,33.22,0
251.8,33.83,0
244.2,34.39,0
271.87,33.29,0
278.8,31.68,0
249.4,30.25,0
234.27,31.37,0
252.27,30.93,0
249.27,31.14,0
251.27,30.98,0
246.87,31.25,0
251.93,30.93,0
248.87,31.12,0
245.67,31.41,0
246.67,31.33,0
247,31.34,0
246.4,31.39,0
238.33,32.01,0
236.53,32.18,0
230.4,32.63,0
226.2,32.97,0
243,33.57,0
239.07,33.88,0
234.13,34.25,0
238.4,33.95,0
242.47,34.58,0
262.47,32.93,0
266.53,31.65,0
266.6,30.59,0
232.13,30.54,0
234.4,30.42,0
261.27,31.46,0
236.07,31.67,0
240.4,31.51,0
268.47,32.91,0
265.2,33.12,0
259.67,33.51,0
259.33,33.52,0
255.53,33.73,0
249.27,33.07,0
239.87,32.92,0
254,30.27,0
251,30.44,0
250.93,30.46,0
259.07,30.72,0
250.33,31.41,0
242.4,31.67,0
235.8,32.6,0
223.6,33.53,0
262.8,34.31,0
263.8,34.23,0
258.87,34.56,0
258.07,34.6,0
269.2,33.69,0
253.33,33.21,0
254,31.35,0
255.8,30.33,0
261.07,29.91,0
256.93,30.19,0
244.13,30.77,0
242.33,30.88,0
249.4,31.63,0
251.33,31.48,0
254.6,34.03,0
255.07,34.03,0
248.53,34.54,0
248,33.67,0
250.8,33.45,0
251.6,33.36,0
253.53,33.21,0
258.07,30.15,0
259.8,31.39,0
268.27,31.16,0
266.93,31.28,0
266.67,31.76,0
262.2,31.73,0
254.8,31.69,0
256.73,31.54,0
244.8,32.54,0
259.73,33.18,0
255.33,33.54,0
256.67,33.51,0
270.6,31.78,0
268.27,31.52,0
268.47,30.93,0
273,30.65,0
268,30.82,0
252.53,31.26,0
253.13,31.04,0
248.87,31.1,0
212.13,31.14,0
210.07,31.37,0
271.13,31.35,0
270.93,31.3,0
253.47,29.99,0
238.27,31.27,0
236.87,31.46,0
257.33,31.74,0
238.87,32.36,0
243.93,32.03,0
261.6,30.67,0
269.87,30.05,0
270.87,29.93,0
267.4,30.18,0
265.8,29.8,0
239.53,29.78,0
229.53,29.93,0
240.4,30.46,0
242.87,29.99,0
230.4,30.11,0
232.87,29.99,0
275.73,30.16,0
245.2,30.2,0
243.13,30.39,0
250.87,30.4,0
267.73,30.3,0
269.07,30.08,0
277.27,29.54,0
271.13,29.95,0
251.8,29.69,0
261.8,27.81,0
232.2,30.32,0
235.47,31.52,0
259.73,30.03,0
256.07,29.76,0
263.13,29.23,0
264.2,29.13,0
240.07,32.95,0
271.73,32.27,0
276.27,31.89,0
294.53,29.44,0
240.87,30.8,0
211.27,33.01,0
248.4,33.03,0
178.13,36.16,0
219.73,33.29,0
269.2,31.31,0
246.73,33.03,0
281.33,28.75,0
293.13,29,0
259.53,33.05,0
263.27,33.56,0
270.4,29.97,0
271.53,29.81,0
244.87,30.1,0
246.87,29.99,0
248.87,30.03,0
265.87,31.45,0
266.27,31.42,0
267.2,31.36,0
270.87,31.03,0
265.2,31.42,0
303,32.12,0
251.73,31.5,0
247.4,31.44,0
254.87,31.22,0
265.73,31.44,0
263.47,31.47,0
264,31.36,0
261,31.61,0
243.67,31.24,0
242.53,31.36,0
236.73,31.82,0
240.93,31.65,0
254.87,31.95,0
260.2,31.9,0
256.2,32.22,0
262.47,34.07,0
264.53,33.78,0
251.4,33.65,0
229.47,33.43,0
233.2,32.52,0
241.47,30.95,0
238.27,30.69,0
242.53,31.03,0
252.33,30.88,0
247.87,31.12,0
248.73,31.13,0
246.8,31.25,0
234.13,32.2,0
236.53,32.07,0
235.33,32.16,0
233.13,32.35,0
270.87,33.83,0
269.53,33.95,0
267.07,34.1,0
243.2,34.04,0
243.27,34.1,0
238.53,34.29,0
237.73,34.14,0
236.87,33.92,0
238,33.59,0
235,33.78,0
253.67,31.42,0
261.07,31.48,0
249.2,31.7,0
248.67,31.75,0
246.4,31.9,0
246,32.56,0
245.33,32.64,0
250,32.61,0
237.2,34.46,0
240,34.29,0
222.53,33.73,0
222.27,33.52,0
262,30.8,0
243.13,30.46,0
244.47,30.35,0
249,30,0
246,30.28,0
247.27,30.22,0
257.87,30.23,0
248.93,30.01,0
252.8,29.71,0
238.87,30.71,0
226.87,31.62,0
226,31.69,0
245.47,32.12,0
247.67,32,0
249.53,31.82,0
249,31.82,0
248.53,31.91,0
249.4,31.82,0
245.13,32.14,0
250.07,32.6,0
261.33,32.92,0
250.8,32.81,0
248.07,33.1,0
253.47,33.12,0
255.67,33.33,0
233.67,32.42,0
451.4,33.08,0
125.13,31.16,0
129.93,30.48,0
124.07,30.18,0
133.93,29.9,0
121.47,30.88,0
119,31.02,0
215.53,31.02,0
213.67,31.15,0
215.07,31.14,0
218.2,31,0
217.33,31.07,0
218.07,31.03,0
262.8,31.25,0
237,32.65,0
240.2,32.98,0
242.33,32.86,0
244.53,32.35,0
244.53,32.22,0
303.67,32.56,0
402.53,33.06,0
251.8,32.51,0
252.6,32.08,0
264.13,31.97,0
259.93,32.24,0
259.6,32.23,0
262.73,32.27,0
271.87,32.1,0
269.33,31.95,0
266.67,32,0
270.73,32.1,0
248.73,32.38,0
239.6,33.12,0
237.13,33.33,0
252.47,33.99,0
247.6,34.38,0
244.4,33.62,0
245.67,32.69,0
237.73,31.37,0
234.73,31.73,0
214.27,31.4,0
220.33,31.51,0
262.33,31.74,0
265.27,31.5,0
261.33,31.55,0
253.73,31.69,0
234.67,33.22,0
244.67,33.74,0
226.87,32.38,0
249.13,30.86,0
252.07,30.67,0
248.33,30.94,0
267.13,31.48,0
275.6,30.79,0
269.33,31.2,0
270.2,31.12,0
264.4,31.56,0
264.93,31.51,0
261.47,31.74,0
252.87,31.62,0
250.47,32.59,0
255.33,33.71,0
255.67,33.69,0
254.73,34.33,0
277,31.77,0
287.67,30.81,0
246.93,31.41,0
270.8,31.3,0
268.2,31.48,0
258.73,32.07,0
257.93,31.95,0
254.27,32.97,0
252.27,34.06,0
249.33,34.27,0
246.47,34.52,0
249,34.87,0
261.73,34.3,0
232.87,33.45,0
223.8,33.42,0
255.07,31.29,0
265.8,30.42,0
262.13,30.69,0
249.27,31.61,0
249.47,31.53,0
256.33,30.99,0
238.6,31.63,0
238.07,31.68,0
266.93,32.17,0
257.93,32.07,0
244.93,32.98,0
249.8,32.69,0
246.27,32.97,0
253.2,33.45,0
267.53,34.02,0
274,34.02,0
268.8,34.08,0
236.87,33.73,0
236.33,33.8,0
245.73,33.15,0
252.87,32.63,0
254.93,32.46,0
225.87,31.88,0
229.07,31.71,0
231.33,31.52,0
235.67,31.2,0
227.2,31.88,0
228.2,31.84,0
228.13,31.82,0
231.33,31.5,0
249.6,31.93,0
245.13,32.24,0
229.13,33.46,0
228.4,33.5,0
237.53,33.59,0
250.4,31.24,0
224.87,31.23,0
229.67,30.76,0
214.07,31.86,0
209.6,32.14,0
212.2,31.99,0
235.8,32.22,0
246,32.25,0
250.67,31.73,0
246.07,32.05,0
225.27,31.8,0
240.93,30.68,0
244.13,30.38,0
237.27,30.73,0
252.4,31.52,0
240.4,32.03,0
225,32.76,0
225.07,32.74,0
225.73,32.77,0
227.13,32.71,0
219.47,33.46,0
295.33,33.84,0
299.4,33.25,0
245.2,32.16,0
256.67,31.29,0
259.4,31.05,0
251.93,30.54,0
0,0,0
0,0,0
0,0,0
0,0,0
0,0,0
0,0,0
0,0,0
0,0,0
0,0,0
0,0,0
0,0,0
0,0,0
0,0,0
0,0,0
0,0,0
0,0,0
0,0,0
0,0,0
0,0,0
0,0,0
0,0,0
0,0,0
0,0,0
0,0,0
0,0,0
0,0,0
0,0,0
0,0,0
0,0,0
0,0,0
0,0,0
0,0,0
0,0,0
0,0,0
0,0,0
0,0,0
0,0,0
0,0,0
0,0,0
0,0,0
0,0,0
0,0,0
0,0,0
0,0,0
0,0,0
0,0,0
0,0,0
0,0,0
0,0,0
0,0,0
0,0,0
0,0,0
0,0,0
0,0,0
0,0,0
0,0,0
0,0,0
0,0,0
0,0,0
0,0,0
0,0,0
0,0,0
0,0,0
0,0,0
0,0,0
0,0,0
0,0,0
0,0,0
0,0,0
0,0,0
0,0,0
0,0,0
0,0,0
0,0,0
0,0,0
0,0,0
0,0,0
0,0,0
0,0,0
0,0,0
0,0,0
0,0,0
0,0,0
0,0,0
0,0,0
0,0,0
0,0,0
0,0,0
0,0,0
0,0,0
0,0,0
0,0,0
0,0,0
0,0,0
0,0,0
0,0,0
0,0,0
0,0,0
0,0,0
0,0,0
0,0,0
0,0,0
0,0,0
0,0,0
0,0,0
0,0,0
0,0,0
0,0,0
0,0,0
0,0,0
0,0,0
0,0,0
0,0,0
0,0,0
0,0,0
0,0,0
0,0,0
0,0,0
0,0,0
0,0,0
0,0,0
0,0,0
0,0,0
0,0,0
0,0,0
0,0,0
0,0,0
0,0,0
0,0,0
0,0,0
0,0,0
0,0,0
0,0,0
0,0,0
0,0,0
0,0,0
0,0,0
0,0,0
0,0,0
0,0,0
0,0,0
0,0,0
0,0,0
0,0,0
0,0,0
0,0,0
0,0,0
0,0,0
0,0,0
0,0,0
0,0,0
0,0,0
0,0,0
220.4,32.3,0
221.53,32.24,0
217.8,32.52,0
225.07,32.05,0
236.67,31.18,0
253.27,29.9,0
253.33,29.71,0
253.87,29.84,0
229.53,31.63,0
250.4,32.54,0
248.4,33.1,0
245.47,33.27,0
244.8,33.32,0
242.4,33.48,0
228.2,33.52,0
271.6,30.37,0
276.33,29.97,0
237.53,32.14,0
232,32.35,0
232.67,32.36,0
235.07,32.2,0
234,32.27,0
232.93,32.39,0
253.8,30.14,0
246.8,29.9,0
213.6,32.71,0
211.33,32.88,0
210.13,32.98,0
235.13,33.7,0
231.4,34,0
246.27,34.62,0
255.07,34.54,0
257.2,34.14,0
270.47,33.13,0
255,31.52,0
244,31.35,0
232.67,32.22,0
228.07,32.59,0
242.4,31.52,0
245.8,31.25,0
245.33,31.18,0
247,31.1,0
224.47,32.81,0
225.47,32.77,0
214.53,33.63,0
208.87,34.05,0
250.2,34.88,0
249,34.97,0
253,34.6,0
259.93,33.97,0
267.13,33.33,0
222.4,33.35,0
238.13,32.25,0
242.93,31.8,0
238.33,32.14,0
237.4,32.18,0
242.27,31.02,0
226.47,30.41,0
231.67,30.01,0
222.67,32.61,0
222,32.72,0
241.47,33.09,0
244,32.92,0
240.6,33.12,0
237.27,33.34,0
236,33.16,0
243.13,32.83,0
267.47,30.72,0
255.4,30.12,0
253.67,30.2,0
255.47,30.05,0
245.8,30.7,0
224.53,31.56,0
221.4,31.67,0
216.87,31.97,0
239,31.95,0
237.33,32.07,0
256.53,30.56,0
241.6,31.52,0
239.33,31.69,0
233.73,32.12,0
229.33,32.5,0
252.93,33.91,0
278.33,33.08,0
257.87,31.5,0
261.27,31.11,0
234.73,30.68,0
263.87,30.8,0
334.27,31.39,0
269.13,30.75,0
274.33,30.62,0
178.47,31.35,0
222.67,31.78,0
225.33,31.84,0
227.33,31.78,0
255.87,29.95,0
289,31.63,0
278.13,31.9,0
240.93,33.67,0
242.27,33.59,0
269.13,33.31,0
269.8,33.17,0
268.8,33.22,0
271.73,33.14,0
290.87,33.29,0
314.53,31.11,0
97.2,28.53,0
93.67,28.96,0
274.4,32.14,0
272,32.15,0
233.73,31.98,0
232.73,32.05,0
250,30.91,0
251.07,30.8,0
256.07,30.39,0
258.07,30.26,0
261.6,29.99,0
257.4,30.35,0
236.8,31.82,0
227.93,32.54,0
269,33.64,0
251.2,33.84,0
247.93,34.06,0
254.47,30.37,0
251.87,29.63,0
254.87,29.48,0
256.73,29.22,0
213.47,29.05,0
218.4,31.44,0
218.73,31.52,0
237.07,32.01,0
242.53,31.65,0
239.53,31.85,0
249.13,31.49,0
256,31.49,0
251.87,31.8,0
251.93,31.76,0
252.73,31.71,0
249.27,31.93,0
246.53,32.14,0
246.67,32.14,0
244.73,32.24,0
238,32.8,0
244.73,33.35,0
263.67,33,0
258.27,33.34,0
255.53,33.29,0
240.4,32.95,0
234.47,33.36,0
234.27,33.43,0
237.73,33.2,0
239.4,32.82,0
233,29.63,0
232.2,29.68,0
236.53,31.95,0
251,31.82,0
249.6,31.89,0
249.6,31.86,0
248.27,31.98,0
213.33,31.55,0
229.53,31.67,0
224.53,32.07,0
228.6,31.8,0
255.47,33.27,0
246.13,33.96,0
242.6,34.22,0
247.53,33.73,0
244.07,34.03,0
223.87,32.86,0
256.67,30.44,0
261.2,30.09,0
248.6,29.19,0
248.2,29.18,0
211,31.86,0
209.4,32.16,0
255,32.44,0
254.4,30.63,0
252.8,30.65,0
241.27,31.56,0
228.53,32.51,0
229.8,32.56,0
247.73,32.8,0
238,33.47,0
236.73,33.59,0
238.67,33.48,0
236.2,33.68,0
236.8,33.67,0
231.33,34.13,0
234.6,33.96,0
235.2,34.03,0
273.67,31.71,0
264.67,30.52,0
271.93,29.98,0
248.53,31.75,0
235.67,31.9,0
228.2,32.4,0
233.53,32.1,0
228.73,32.52,0
250.67,30.88,0
223.2,31.86,0
219.33,32.19,0
221.2,32.1,0
234.93,32.97,0
252.67,33.44,0
248.87,33.67,0
251.8,33.39,0
243.53,33.05,0
222.87,33.66,0
230,33.27,0
228.4,33.33,0
224.93,33.6,0
249.93,30.07,0
222.67,32.07,0
223.47,32.04,0
221.27,32.27,0
223.87,32.19,0
223.87,32.22,0
232.87,31.62,0
287,30.02,0
283.27,30.35,0
284.4,30.1,0
269.8,31.09,0
234.07,33.03,0
238.07,33.18,0
248.8,33.67,0
251.27,33.31,0
213.53,31.82,0
210,32.06,0
234.8,32.22,0
233.73,32.34,0
233.33,32.38,0
234.4,32.3,0
231.2,32.51,0
264.93,30.25,0
273.87,30.03,0
251.2,31.62,0
245.2,32.13,0
236.33,32.8,0
237,32.8,0
239,32.65,0
237.2,32.78,0
235.07,32.97,0
241.93,32.71,0
238.8,32.71,0
259.67,30.14,0
261,29.93,0
261.4,29.87,0
251.6,30.07,0
241.47,29.69,0
223.93,30.91,0
210.13,31.98,0
214.47,31.73,0
211.93,31.91,0
217.6,32.06,0
247.07,32.02,0
245.73,32.1,0
247.2,31.93,0
242.73,32.28,0
228.93,29.24,0
228.93,31.33,0
228.33,31.4,0
222.53,31.82,0
219.47,32.42,0
231.67,33,0
222.33,32.76,0
240.4,29.81,0
224.67,29.13,0
211.93,31.72,0
209.87,31.91,0
213.8,31.61,0
213.67,31.66,0
223.07,32.1,0
227.2,32.72,0
223.8,32.95,0
245.07,33.16,0
246.67,33.03,0
235.87,32.86,0
230.13,32.96,0
227.53,32.93,0
221.87,33.03,0
225.8,32.78,0
227.73,32.61,0
243,30.08,0
220.67,29.55,0
195,31.23,0
208.67,31.4,0
222.53,31.41,0
222.2,31.4,0
248.13,31.29,0
244.07,31.56,0
242,31.65,0
245.2,31.39,0
237.07,31.91,0
222.4,32.11,0
222.13,32.18,0
224.8,33.76,0
221.8,33.96,0
220.6,34.04,0
222.07,33.91,0
237.8,32.03,0
217.53,31.52,0
225.4,30.94,0
249.2,29.19,0
232.8,29.41,0
215.53,31.8,0
215.33,31.82,0
214.6,31.89,0
228.27,31.88,0
231.93,32.41,0
231.8,32.42,0
224.67,32.9,0
217.07,33.4,0
214.27,33.6,0
224.87,34.59,0
238.47,33.62,0
226.87,34.37,0
230.2,34.18,0
245.53,32.95,0
257.53,29.19,0
207.27,28.62,0
206.07,28.76,0
201.13,29.08,0
207.8,30.95,0
214,31.71,0
221.27,31.95,0
224,32.14,0
220,32.41,0
224.4,32.12,0
240.13,33.46,0
234.07,33.15,0
208.2,33.16,0
252.8,33.25,0
253.27,32.99,0
259.53,32.97,0
241.67,30.27,0
227.87,29.7,0
214.53,29.99,0
218.27,29.75,0
218.93,29.67,0
222.13,32.06,0
226.2,31.8,0
217.67,32.32,0
223.4,31.99,0
219.07,32.3,0
238.47,30.09,0
242.13,29.38,0
223.27,31.59,0
221.47,31.69,0
217,32.07,0
221.87,32.11,0
222.07,32.12,0
216.6,32.53,0
206.33,33.3,0
207.53,33.3,0
214.4,32.92,0
246.13,32.42,0
246.4,32.32,0
219.4,32.37,0
220.4,32.31,0
216.53,32.58,0
227.8,32.67,0
226.27,31.01,0
242.13,29.81,0
242.87,29.81,0
240.67,32.17,0
240.27,32.26,0
232,32.71,0
229.33,32.62,0
224.67,32.97,0
227.4,32.86,0
229.93,32.69,0
238.47,32.95,0
241,32.78,0
232.93,33.39,0
284.47,32.76,0
233.33,30.44,0
237.53,31.7,0
241.8,32.44,0
243.2,32.37,0
225.27,32.2,0
219.67,32.66,0
260,31.24,0
264.53,30.86,0
247.2,30.05,0
223.07,32.19,0
218.4,32.51,0
213.47,32.89,0
209.07,33.25,0
214.6,32.95,0
215.13,32.9,0
260,33.75,0
255.13,34.2,0
254,34.3,0
259.2,33.84,0
267.6,33.07,0
232.13,30.41,0
231.07,30.49,0
225.93,30.85,0
230.6,30.57,0
230.6,30.57,0
230.13,30.56,0
239.53,32.44,0
244.2,32.1,0
240.4,32.41,0
239.8,32.42,0
240.67,32.36,0
242.13,32.22,0
265.47,30.44,0
264.87,30.51,0
263.33,30.55,0
232.27,32.04,0
228.33,32.37,0
225.8,32.57,0
235.13,32.78,0
232.8,32.92,0
234.07,32.87,0
232.67,32.97,0
237.13,32.63,0
231.07,33.04,0
229.73,33.16,0
231.4,33.13,0
234.13,30.61,0
245.93,30.85,0
250.13,30.71,0
251.4,32.46,0
257.27,31.98,0
242.6,32.32,0
237.53,32.71,0
252.07,31.5,0
212.8,31.8,0
222.6,32.13,0
226.27,32.29,0
238.67,33.03,0
234.87,33.34,0
237.47,33.15,0
238,33.14,0
243,34.15,0
247.93,33.76,0
246.93,33.8,0
220.73,32.31,0
248.2,30.12,0
248.27,30.14,0
244.4,32.2,0
238.2,32.59,0
237.6,32.65,0
241.4,32.39,0
253.2,31.41,0
259.07,30.9,0
258.87,30.84,0
257.87,30.96,0
261.93,30.59,0
261,30.65,0
250.73,31.41,0
241.6,33.67,0
232.67,34.36,0
243.33,33.29,0
260.33,32.78,0
259.53,32.8,0
258.2,32.88,0
220.33,32,0
220.93,32.03,0
219.6,32.22,0
240.67,32.39,0
236.07,32.84,0
258.6,32.83,0
248.2,30.05,0
248.53,29.58,0
217.4,32.3,0
257.93,33.43,0
237.27,33.03,0
235,33.21,0
237.87,33.03,0
260,30.99,0
265.53,30.44,0
233.4,31.84,0
256.27,32.01,0
252.6,32.26,0
255.93,31.97,0
252,32.25,0
253.53,32.12,0
249.53,32.45,0
261.6,31.5,0
223.33,31.48,0
223.27,31.5,0
220.8,31.68,0
224.2,31.5,0
212.07,32.47,0
212.67,32.48,0
218.47,32.24,0
212.47,32.67,0
213.67,32.65,0
226.73,32.52,0
250.07,33.59,0
252.13,33.44,0
250.67,33.53,0
256.07,32.94,0
293.27,30.84,0
241.4,32.03,0
240.87,32.08,0
252.87,32.09,0
254.73,31.97,0
243.87,30.1,0
246.67,29.93,0
248,29.8,0
229.07,31.23,0
259.4,32.76,0
261.47,32.48,0
261.6,32.44,0
257,32.76,0
244.53,32.82,0
239.27,32.35,0
235.73,32.65,0
236.93,32.54,0
246.13,31.95,0
252,32.3,0
238.53,32.36,0
239.93,32.25,0
239.93,32.24,0
238.93,32.3,0
236.53,32.48,0
239.2,32.22,0
259.33,30.65,0
243.67,29.18,0
213.6,31.34,0
215,31.27,0
212.8,31.49,0
206.07,31.98,0
238.27,32.52,0
234,32.83,0
237.47,33.18,0
303.73,33.89,0
298,34.28,0
260.93,31.12,0
243.07,30.34,0
246.27,30.03,0
215.87,32.16,0
217.27,32.12,0
220.93,31.92,0
217.07,32.11,0
217.2,32.22,0
232.93,32.1,0
231.07,32.22,0
232.73,32.08,0
263.67,29.66,0
261.4,29.56,0
264.47,29.42,0
241.93,31.19,0
239.4,31.27,0
210.33,31.67,0
206.33,32.03,0
202,32.62,0
228.73,33.18,0
230.27,32.7,0
216.07,32.14,0
220,31.89,0
220.07,31.92,0
217.07,32.16,0
231.47,32.11,0
232.4,32.05,0
229.4,32.2,0
233.93,31.93,0
229.8,32.22,0
229.4,32.26,0
229.27,32.23,0
249.4,30.74,0
250.6,30.63,0
214.4,29.75,0
219.2,29.45,0
184.87,31.84,0
201.27,32.29,0
220.67,32.27,0
218.4,32.5,0
224.27,32.74,0
251.73,32.67,0
249.13,32.82,0
237.2,33.68,0
239.27,33.54,0
231.6,34.04,0
240.13,33.25,0
228.07,32.05,0
226.53,31.76,0
237.07,32.21,0
234.27,32.16,0
230.6,32.41,0
232.67,32.25,0
229.8,32.22,0
221,31.71,0
224.2,30.96,0
234,30.3,0
236.27,30.05,0
218.73,31.41,0
205.93,32.44,0
242.93,32.63,0
238.13,32.93,0
241.4,34.39,0
228.27,32.56,0
218.67,31.5,0
218.6,31.5,0
251.53,32.56,0
256.67,32.54,0
256.47,32.51,0
254.33,32.63,0
253.07,32.73,0
247.13,33.01,0
243.93,32.94,0
210.87,32.93,0
258.2,32.46,0
261.67,32,0
260.4,32.22,0
240.67,32.34,0
223.47,33.08,0
218.47,33.47,0
218.93,33.47,0
213.73,33.81,0
222.27,33.29,0
245.93,34.1,0
245.53,34.16,0
242.2,34.35,0
268.2,32.26,0
268.2,32.21,0
269.8,32.06,0
210.27,31.2,0
210.2,31.21,0
220.07,30.63,0
220.07,30.69,0
235.07,32.29,0
228.4,32.8,0
227.07,32.88,0
230.07,31.45,0
229.33,30.95,0
228.67,30.77,0
227.8,30.63,0
237.53,30.33,0
223.4,31.29,0
214.8,31.95,0
259.27,34.05,0
260.33,33.86,0
229.47,34.13,0
230.87,30.53,0
230.73,30.56,0
235.93,30.19,0
217.53,31.46,0
206.13,32.44,0
207.73,32.52,0
263.53,32.9,0
264,32.86,0
262.93,32.82,0
257.93,33.21,0
276,31.71,0
260.93,31.05,0
246.27,32.17,0
240.93,32.61,0
242.2,32.54,0
255.93,33.36,0
254.53,33.46,0
249.67,33.88,0
252.13,33.64,0
276.87,31.67,0
239.33,30.44,0
265.6,30.86,0
268.53,30.57,0
251.53,31.86,0
244.87,32.39,0
245.33,32.37,0
246.87,32.27,0
245.13,32.39,0
244.8,32.36,0
247.13,32.16,0
245.07,32.33,0
241.4,32.55,0
247.2,32.09,0
254.33,31.54,0
241.93,30.1,0
236.13,31.94,0
232.6,34.35,0
248.4,33.06,0
270.8,31.32,0
270.53,30.5,0
235.53,30.33,0
234.93,30.39,0
235.73,30.31,0
238.33,30.1,0
231.4,32.33,0
230,32.46,0
228.4,32.32,0
231.13,32.14,0
230.13,32.22,0
228.87,32.29,0
228.93,32.33,0
229.07,32.31,0
227.87,32.44,0
243.33,31.31,0
248.47,30.9,0
246.8,31.02,0
231.87,33.32,0
254.87,33.22,0
247.2,33.78,0
243.27,34.06,0
246.13,33.88,0
246.93,33.78,0
229.53,33.7,0
236.93,33.2,0
236.07,33.19,0
231.8,32.31,0
231.53,32.34,0
233.07,32.29,0
247.13,31.21,0
245.53,31.29,0
240.53,31.69,0
238.67,31.81,0
236.13,32.03,0
236.53,30.99,0
235.87,30.64,0
243.93,30.42,0
237.8,30.93,0
241.13,32.45,0
236.87,32.8,0
226.27,33.55,0
223.33,33.75,0
228.4,33.42,0
223.53,33.82,0
246.73,33.35,0
250.33,33.08,0
246,33.35,0
251.13,32.93,0
237.8,32.01,0
234.27,32.24,0
232.8,32.37,0
234.47,30.44,0
227.27,31.91,0
236.13,32.56,0
242.07,33.61,0
227.53,33.82,0
219.4,34.45,0
225.2,34.05,0
224.53,34.17,0
227.07,34.22,0
243.6,33.99,0
235.53,34.56,0
244.27,33.89,0
249.87,33.45,0
250.07,33.05,0
228.87,32.97,0
238.67,32.3,0
233.53,32.69,0
233.27,32.71,0
238.8,32.31,0
231.6,32.87,0
237,32.54,0
233.4,32.78,0
242.8,32.31,0
242.87,32.95,0
221.6,33.58,0
247.27,34.13,0
247.47,34.05,0
232.53,34.02,0
218.27,33.61,0
247.8,30.26,0
235.13,31.2,0
235.87,31.2,0
215,32.71,0
220.13,32.36,0
221.27,32.35,0
249.13,32.09,0
254.8,31.54,0
254.13,30.93,0
258.2,30.67,0
259.47,30.55,0
238.67,32.06,0
233.93,32.46,0
230.27,33.65,0
240.53,33.76,0
234.8,34.2,0
247.13,33.34,0
248.87,33.16,0
237.33,33.29,0
232.4,30.59,0
232.6,30.57,0
233.87,30.53,0
243.07,32.56,0
237.4,32.95,0
239,32.86,0
249.93,30.54,0
238.4,31.31,0
230.13,31.91,0
237.07,33.28,0
232.87,33.59,0
238.73,34.07,0
241.33,30.78,0
247.07,30.31,0
248.53,30.24,0
248.47,30.27,0
246,30.43,0
239.07,30.93,0
228.07,31.78,0
228.2,31.84,0
244.73,32.43,0
246.47,32.33,0
269.67,30.44,0
241.27,32.61,0
235.87,33.71,0
238.33,34,0
257.4,34.04,0
257,34.1,0
257.27,33.88,0
255.6,34,0
262.87,33.52,0
259.2,33.84,0
211.07,32.84,0
216.93,32.54,0
212.27,32.88,0
251,32.83,0
258.87,32.05,0
227.87,31.61,0
219.4,32.29,0
246.4,33.63,0
248.8,33.81,0
259.27,33.66,0
255,34.03,0
249.87,34.44,0
256.93,29.65,0
254.13,29.85,0
225.67,32.23,0
233.47,32.37,0
234.8,32.26,0
232.73,32.4,0
232.53,32.53,0
242.93,31.71,0
252.53,30.97,0
247.8,30.92,0
250.67,31,0
252.67,30.85,0
250.2,30.97,0
243,31.53,0
241.33,31.65,0
237.8,31.9,0
235,32.14,0
231.13,32.69,0
243.07,32.81,0
251.33,33.09,0
240.07,33.9,0
241.33,33.84,0
239.87,33.94,0
239.4,34.01,0
240.4,33.92,0
244.8,33.6,0
227,33.2,0
250.07,30.11,0
251.33,30.02,0
216.2,32.62,0
239.33,32.87,0
235.6,33.09,0
238.07,32.92,0
239.2,32.82,0
236.93,33.02,0
233.8,33.18,0
251.53,31.86,0
251.8,31.61,0
251.13,31.76,0
230.8,33.27,0
240.53,33.54,0
238.47,33.7,0
228.67,34.42,0
233.2,34.48,0
215.13,33.84,0
240.93,32.08,0
240.53,32.07,0
241.33,31.99,0
242.47,31.97,0
248.47,31.49,0
236.6,32.31,0
235.6,32.37,0
239,32.12,0
237.67,32.2,0
247.53,32.35,0
247.73,32.35,0
247.27,32.39,0
240.87,32.93,0
232.27,33.54,0
222.33,34.25,0
227.2,34.01,0
236.2,34.27,0
237.33,34.21,0
237.4,34.15,0
239.13,34.01,0
266.2,31.82,0
234.27,31.58,0
240.13,31.14,0
236.53,31.38,0
222.6,32.48,0
220.73,32.69,0
236.73,31.65,0
239.73,31.44,0
243.8,31.12,0
252.33,30.43,0
240.47,31.31,0
232.47,33.37,0
243.73,33.31,0
243.87,33.36,0
242.07,34.46,0
246.33,34.21,0
244.4,34.31,0
247.13,34.11,0
248.07,33.99,0
247.87,33.94,0
252.8,33.54,0
217.53,32.69,0
215.8,32.82,0
251.33,32.99,0
250.87,32.95,0
259.13,32.2,0
239.13,31.91,0
254.13,30.63,0
259.07,30.24,0
223.73,32.88,0
219.33,33.28,0
229.13,33.67,0
259.2,33.12,0
288.27,32.87,0
283.67,32.74,0
281.67,32.86,0
277.47,33.05,0
269.33,33.27,0
266.2,33.48,0
251.93,31.58,0
257.6,31.1,0
232.87,32.8,0
231.47,32.88,0
226.6,33.38,0
224.6,33.57,0
228.87,33.2,0
214,34.15,0
249.73,33.84,0
272.87,33.82,0
253.53,30.97,0
173.6,30.56,0
174.53,30.22,0
251.2,32.44,0
248.4,32.61,0
262.53,31.41,0
230.67,31.89,0
202.93,32.86,0
218,32.65,0
324.73,33.7,0
322.87,33.71,0
265.87,32.99,0
286.33,33.17,0
281,33.48,0
231.6,33.23,0
164.47,32.46,0
267.47,31.35,0
253.2,32.24,0
252.47,32.28,0
250.4,32.31,0
250.13,32.38,0
250.2,32.48,0
248.13,32.63,0
247.4,32.63,0
253.47,32.21,0
261.67,31.48,0
262.93,31.27,0
262,30.93,0
233.87,30.35,0
226.8,31.95,0
226.8,32.01,0
219.87,32.49,0
218.2,32.63,0
259.53,34.19,0
255.53,34.34,0
174.8,30.46,0
262,30.78,0
238.2,32.56,0
242.67,32.29,0
240.8,32.48,0
237.87,32.73,0
240.4,32.65,0
241.2,32.74,0
258.4,30.99,0
226.07,30.81,0
259.47,33.34,0
262.87,32.97,0
261.07,33.03,0
250.2,31.93,0
253.87,31.56,0
256.67,31.33,0
254.47,31.46,0
238.67,31.29,0
167.07,32.05,0
258.47,32.66,0
262.33,32.3,0
259.13,32.52,0
254.8,32.8,0
247.47,34.59,0
251.13,34.28,0
253,34.18,0
244.73,34.72,0
243.8,34.69,0
245.6,32.26,0
239.27,32.78,0
243.8,32.52,0
256.6,32.77,0
271.73,30.76,0
251.73,30.39,0
227.07,31.9,0
219.4,32.65,0
276,33.15,0
253.27,33.18,0
233.33,34.68,0
238.87,34.37,0
225.27,33.88,0
235.27,33.34,0
230.6,33.48,0
257.93,31.23,0
259.13,31.01,0
247.6,30.82,0
235.4,30.99,0
248.2,32.03,0
246.4,32.22,0
247.6,32.12,0
244.07,32.42,0
247.13,32.21,0
247.4,32.22,0
244,30.06,0
206.2,31.8,0
276.73,33.07,0
164.47,32.46,0
251.47,33.97,0
250.13,34.01,0
221,30.9,0
234.8,31.44,0
227.2,32.2,0
230.73,32.07,0
232.73,32.02,0
262.33,32.19,0
262.07,32.16,0
259.73,32.28,0
251.87,32.83,0
252.53,32.73,0
250.27,32.9,0
253.2,32.69,0
251.27,30.52,0
255.53,30.2,0
257.27,30.1,0
262.67,29.58,0
257.07,29.95,0
231.53,31.86,0
226.8,32.1,0
251.27,32.96,0
244.73,33.45,0
242.93,33.61,0
239.47,33.92,0
246.53,34.15,0
250.67,34.21,0
249,34.34,0
257.6,31.3,0
259.8,30.89,0
255.2,30.21,0
254.8,29.63,0
212.53,31.86,0
141,31.97,0
120,31.65,0
181.67,31.96,0
227.13,32.12,0
237.33,31.98,0
237.67,31.97,0
240.27,31.78,0
235.4,32.11,0
227.47,32.24,0
228.73,32.16,0
207.2,31.91,0
224.93,32.64,0
221.2,32.94,0
255.13,33.19,0
259.73,33.63,0
200.4,30.78,0
206,30.16,0
213.53,30,0
220.67,29.56,0
200.93,31.37,0
234.6,31.45,0
277.93,31.64,0
276.87,31.69,0
273.67,31.68,0
236.8,31.68,0
235.93,31.77,0
231.33,29.66,0
233.33,29.54,0
232,29.69,0
225.73,31.89,0
229.67,31.63,0
223.8,32.1,0
217.13,32.58,0
255.87,33.37,0
255.07,33.31,0
252.93,33.47,0
256.93,33.14,0
258.8,32.8,0
217.27,32.44,0
219.67,32.35,0
259.6,32.08,0
261.73,31.86,0
258,32.14,0
218.4,32.33,0
219.67,32.33,0
223.53,32.07,0
221.13,32.24,0
244.47,32.37,0
244.53,32.37,0
237.87,32.84,0
243.53,32.44,0
244.07,32.35,0
241.27,32.59,0
234.67,31.29,0
234.07,31.35,0
233.33,31.48,0
237.47,31.22,0
243.47,31.75,0
245.47,33.39,0
238.8,33.44,0
246.73,33.27,0
253.07,32.79,0
259.67,32.22,0
262.07,31.97,0
260.4,32.07,0
254.6,32.48,0
253.8,32.49,0
244.87,32.69,0
238.4,31.27,0
232.93,31.76,0
220.33,32.74,0
220.8,32.71,0
231.4,33.96,0
248.6,34.42,0
243,34.88,0
243.73,34.78,0
247.87,34.52,0
260.4,31.09,0
261.8,30.95,0
263.53,30.73,0
264.53,30.64,0
221.87,32.27,0
220.67,32.4,0
238.73,31.74,0
239.33,31.73,0
236,32.07,0
237.33,32.04,0
236.6,32.11,0
239.4,31.99,0
253.93,33.55,0
252.67,33.63,0
249.8,33.89,0
261.47,34.29,0
257.33,34.59,0
265.13,33.98,0
274.47,33.14,0
273.8,33.06,0
243.53,30.86,0
234.53,30.47,0
245.67,32.54,0
241.4,32.35,0
243.07,32.58,0
239.67,32.84,0
238.4,32.97,0
239.73,32.9,0
264.4,30.94,0
275.07,30.05,0
254.6,31.56,0
250.93,31.93,0
242.93,32.54,0
234.93,33.24,0
260.8,33.9,0
260.67,33.91,0
258.07,34.09,0
257.6,34.13,0
253.27,34.48,0
261.87,31.01,0
272.33,30.21,0
245.27,32.31,0
248.6,32.1,0
257.4,32.33,0
256.27,32.39,0
257.8,32.29,0
280.8,30.46,0
286.6,29.93,0
261.07,31.86,0
260.93,31.88,0
256,32.29,0
249.53,32.8,0
246.6,33.04,0
259.27,33.36,0
257.07,33.58,0
250,34.22,0
254.6,33.88,0
258.93,33.49,0
260.47,30.06,0
266.6,29.54,0
248.47,31.84,0
245.07,31.96,0
252.07,31.77,0
252,31.73,0
251.6,31.77,0
248.67,31.97,0
276.8,29.76,0
239.6,31.7,0
232.53,32.31,0
236.8,32.3,0
269.27,32.61,0
268.87,32.69,0
264.6,32.98,0
262.2,33.17,0
262.2,33.14,0
258.33,33.48,0
258.47,33.46,0
264.8,32.96,0
255.53,30.49,0
268.53,31.39,0
278,31.22,0
272.53,31.6,0
269.47,31.79,0
270.8,31.63,0
253.53,29.37,0
245.4,29.63,0
247.07,31.69,0
241,32.18,0
239.93,32.29,0
263.67,32.43,0
260.93,32.64,0
259.2,32.79,0
247.8,33.82,0
245.27,34.02,0
257.6,34.04,0
258.4,33.97,0
267.93,33.1,0
258.4,32.99,0
265.47,32.39,0
263,32.56,0
260.07,32.66,0
263.53,32.35,0
263.8,32.31,0
252.13,32.32,0
252.2,32.35,0
249.53,32.65,0
261.2,31.66,0
267.6,31.16,0
268.27,31.08,0
269.73,30.95,0
269.13,30.79,0
269.67,30.91,0
258,31.81,0
251.47,32.37,0
242,33.14,0
240.73,33.31,0
241.07,33.29,0
237.47,33.74,0
245.67,33.45,0
246.47,33.4,0
247.07,33.33,0
248.47,33.58,0
266.07,33.01,0
276.8,32.07,0
280.13,31.76,0
244,32.24,0
245.93,32.14,0
244.53,32.29,0
254.07,32.44,0
250.87,32.72,0
254.6,32.44,0
254.8,32.41,0
252.47,32.61,0
246.47,33.1,0
245.07,33.22,0
250.27,33.81,0
247.73,34.03,0
248,33.99,0
242.4,34.42,0
242.87,34.37,0
244.73,34.31,0
247.8,34.12,0
256.33,34.33,0
285.13,31.59,0
235.27,30.28,0
229.27,32.65,0
259.27,32.2,0
266.33,31.58,0
280.27,32.29,0
279.27,32.31,0
278.73,32.27,0
255.93,32.73,0
257.2,28.92,0
257.07,29.29,0
247.27,30.07,0
255.07,32.83,0
256.27,33.11,0
247.47,33.82,0
246.67,33.93,0
265.8,33.45,0
253.27,30.69,0
266.4,29.65,0
241.53,29.76,0
211.13,31.92,0
215.53,31.83,0
270.67,32.12,0
264.93,32.48,0
270.4,32.01,0
277.47,31.23,0
253.6,29.8,0
255.73,29.61,0
230.33,31.54,0
244.8,32.3,0
280.13,32.43,0
277.53,32.58,0
270.27,33.1,0
266.87,33.36,0
259.6,33.93,0
262.13,33.85,0
260,33.99,0
259.53,33.98,0
270.2,33.14,0
265.13,33.52,0
249.4,30.12,0
247.13,32.08,0
260.93,31.99,0
253.87,32.48,0
255.07,32.4,0
256.07,32.31,0
256.4,32.31,0
255.8,32.33,0
251.4,32.67,0
249.2,32.82,0
247,33.03,0
255.07,33.37,0
257.13,33.21,0
254.8,33.76,0
250.27,34.18,0
254.73,33.83,0
251.73,34.12,0
251.6,34.11,0
240.33,34.89,0
254.93,33.35,0
250.67,33.69,0
283.4,31,0
236.8,30.91,0
248.13,32.04,0
249.67,31.97,0
267.4,32.11,0
272.73,32.34,0
273.6,32.22,0
271.47,32.39,0
231.8,31.89,0
232.4,31.88,0
261.6,30.73,0
263.73,32.24,0
270.13,32.63,0
262.47,33.19,0
252.6,33.86,0
255.33,29.62,0
268.67,28.55,0
231.07,31.38,0
233.2,31.27,0
232.27,31.35,0
231.27,31.46,0
233.93,31.29,0
229.8,31.65,0
229.2,31.75,0
279.53,32.17,0
260.53,31.84,0
248,32.88,0
255.13,33.24,0
246.6,33.95,0
253,34.12,0
264.07,33.56,0
258.13,33.98,0
253.27,34.33,0
257.07,34.07,0
252.27,34.41,0
255.53,34.2,0
250.87,34.59,0
253.07,34.4,0
253.27,34.39,0
248.07,34.77,0
280.67,32.22,0
252.33,31.84,0
251,31.95,0
250.07,32.01,0
248,32.19,0
246.6,32.34,0
247.27,32.29,0
256,32.31,0
257.87,32.2,0
260.67,32.76,0
259.4,32.82,0
245.27,34.01,0
241.6,34.31,0
237,34.78,0
268,31.84,0
234.07,31.36,0
249,32.03,0
247.67,32.12,0
242.47,32.53,0
255,33.41,0
262.93,32.75,0
256.6,33.22,0
255.93,33.27,0
252.6,33.5,0
254.53,33.34,0
251.87,33.56,0
253.6,33.42,0
255.33,33.28,0
255.8,33.16,0
252.33,33.48,0
251,33.59,0
253.4,33.43,0
250.53,33.67,0
250.4,33.65,0
248.6,33.82,0
247.2,33.9,0
249.67,33.76,0
247.6,33.93,0
222.27,32.1,0
221.53,32.16,0
221.07,32.24,0
254.07,32.55,0
238.8,32.73,0
251.33,32.71,0
255.93,32.27,0
255.73,30.95,0
260.53,30.06,0
254.47,29.76,0
236.2,32.16,0
233.27,32.88,0
252.4,32.77,0
244.6,33.33,0
240.2,33.7,0
252.27,33.82,0
251.73,33.78,0
259.53,32.29,0
235.6,31.63,0
239.27,31.28,0
254.6,30.32,0
253.2,32.56,0
255.47,32.37,0
253.8,32.47,0
236.87,32.62,0
237.87,32.65,0
238.27,32.61,0
249.6,30.79,0
253.33,30.35,0
243.8,32.21,0
237.6,32.63,0
233.93,33.2,0
236.2,33.31,0
239.73,33.05,0
239.87,33.05,0
236.67,33.29,0
238.87,33.18,0
245.8,32.89,0
253.67,33.39,0
256.93,33.16,0
257.27,33.43,0
228.67,33.11,0
235.47,32.71,0
238.8,32.46,0
240.93,32.31,0
242.67,32.16,0
234.87,32.67,0
239.27,32.41,0
239.4,32.36,0
239,32.35,0
252.2,30.54,0
214.93,32.62,0
230.73,33.97,0
243.6,33.26,0
245.2,33.16,0
240.47,33.48,0
235.8,33.82,0
238.47,33.6,0
253.2,32.22,0
240.93,31.9,0
252.07,32.31,0
225.67,32.48,0
225.27,32.55,0
237.87,32.62,0
235.6,32.76,0
236,32.74,0
234.53,32.93,0
260,30.53,0
221.87,32.37,0
234.53,32.81,0
238.8,33.61,0
240.6,33.48,0
237.73,33.67,0
236.27,33.79,0
232.47,34.06,0
237.07,33.79,0
244.13,33.23,0
244.07,33.22,0
247.27,32.97,0
253.2,30.65,0
248.33,32.16,0
233.4,32.42,0
232.4,32.51,0
272.4,30.43,0
268.2,30.37,0
218.73,32.03,0
207.73,32.17,0
241.33,33.51,0
241.87,33.47,0
246.07,34.09,0
242.2,34.36,0
249.27,33.73,0
267.8,32.03,0
270.47,31.95,0
250.6,29.95,0
253,29.78,0
208.8,32.03,0
212.27,31.82,0
233.27,32.22,0
235.27,32.1,0
235.47,32.08,0
249.4,30.89,0
227.2,32.77,0
226.8,32.8,0
254.47,33.46,0
250,33.82,0
250,33.76,0
248.47,33.74,0
259,29.27,0
252.4,29.43,0
236.4,29.24,0
230.73,29.67,0
236.93,31.86,0
237.8,31.8,0
237.07,31.9,0
235.93,31.99,0
237.53,31.84,0
230.07,32.06,0
236,33.36,0
243.47,33.38,0
242.6,33.51,0
235.73,33.96,0
241.8,33.52,0
243.67,33.41,0
241.13,33.53,0
251.07,32.84,0
244.07,32.86,0
267.2,30.46,0
258.87,29.98,0
230.4,32.14,0
226.13,32.53,0
219.67,32.19,0
213.67,32.67,0
212.73,32.85,0
221.47,32.63,0
238.2,32.86,0
240.8,32.67,0
269.07,30.42,0
267.2,30.51,0
245.13,32.15,0
241.27,32.43,0
235.67,32.85,0
230.33,33.31,0
220.6,34.05,0
223.47,33.86,0
211.8,34.77,0
218.93,34.33,0
260.53,33.03,0
254.2,33.46,0
280.6,31.14,0
275.47,31.54,0
276.13,31.41,0
256.4,31.11,0
257.93,30.99,0
234.47,31.3,0
193.53,32.44,0
188.07,32.4,0
189.8,32.52,0
196.13,32.29,0
194.27,32.46,0
266.8,32.52,0
262.73,32.71,0
262.07,30.88,0
240.4,32.5,0
239.07,32.63,0
226.53,33.72,0
228.33,33.6,0
228.53,33.65,0
259.8,34.05,0
262.13,33.78,0
267.07,31.47,0
263.6,30.99,0
253.8,31.66,0
237.07,32.97,0
265.73,32.58,0
265.07,32.6,0
263.13,32.73,0
261.27,32.88,0
255.4,33.38,0
279.07,31.39,0
265.47,30.6,0
265.93,30.57,0
263.27,30.31,0
246.4,33.31,0
237.53,33.97,0
252.47,34.24,0
257.27,34.2,0
253.67,34.42,0
255.73,34.24,0
252.27,34.49,0
259.13,33.95,0
265.4,31.52,0
262.8,31.71,0
265.53,31.69,0
281.73,31.41,0
265.93,31.69,0
270.47,31.27,0
283.27,31.53,0
285.2,31.8,0
274.07,32.61,0
267.47,33.07,0
261.4,33.59,0
261.4,30.95,0
260.6,30.97,0
277.4,32.92,0
248.67,33.7,0
243.93,34.07,0
294.33,33.69,0
275.27,31.39,0
280.4,31.02,0
264.07,30.54,0
241.53,32.46,0
275.64,32.59,0
273.93,32.61,0
278.47,32.22,0
271,32.8,0
262.2,30.73,0
260.47,32.86,0
260.2,32.87,0
278.07,33.27,0
270.73,33.84,0
267.27,34.13,0
266.13,34.2,0
265,34.24,0
264.4,34.27,0
258.53,34.73,0
263.67,32.48,0
270.4,32.18,0
300.67,29.27,0
266.8,31.9,0
269.07,31.73,0
267.6,31.83,0
261.93,32.28,0
261.27,32.41,0
261.8,32.38,0
263.33,32.33,0
261.13,32.48,0
267.47,31.97,0
260.87,30.71,0
256.8,31.07,0
239.13,32.61,0
253.47,33.36,0
270.67,32.97,0
281.87,32.95,0
268.67,33.91,0
270.47,33.75,0
277.2,33.23,0
274.2,33.46,0
272.4,33.6,0
274.13,33.48,0
269.47,33.83,0
272.6,32.6,0
286.4,30.56,0
289.07,30.31,0
291.93,30.12,0
272.73,32.54,0
265.93,33.04,0
268.47,32.86,0
266.6,32.99,0
245.4,30.2,0
265.13,32.29,0
258.87,32.8,0
250.93,33.46,0
279.13,33.12,0
266.6,34.09,0
264.13,34.31,0
260.4,34.61,0
267.8,34.09,0
287.07,30.65,0
293.6,30.13,0
272.4,32.5,0
269.93,32.51,0
268.87,32.53,0
234.27,31.66,0
255.67,30.99,0
253.73,31.22,0
257.27,30.94,0
241.67,31.97,0
244.73,32.48,0
265.27,33.71,0
242.73,33.9,0
271.47,30.9,0
270.13,30.95,0
256.27,32.05,0
252.93,32.4,0
252.33,32.59,0
273.4,32.6,0
278.2,32.23,0
273.27,32.54,0
278.33,32.18,0
280.8,31.9,0
255.2,30.39,0
256.33,30.3,0
257.8,30.19,0
255,30.45,0
236.87,31.9,0
265.2,33.33,0
256.53,34.01,0
259.47,33.78,0
264.13,33.54,0
270.67,33.84,0
268.6,34.04,0
271.6,33.74,0
270.73,33.82,0
266.93,31.27,0
264,31.51,0
265.6,33.16,0
258.47,32.88,0
260.67,32.7,0
253.93,33.27,0
256.67,33.07,0
254.47,33.24,0
278.2,31.39,0
275.6,31.59,0
278.87,31.28,0
279.07,31.24,0
277.87,31.33,0
264.6,32.35,0
254.87,33.12,0
255.13,33.12,0
258.6,33.85,0
257,34.46,0
254.6,34.66,0
270.13,33.47,0
265.47,33.82,0
302.2,32.16,0
281.53,31.01,0
278.87,31.17,0
254.13,30.84,0
270.27,30.22,0
268.4,32.01,0
266.4,32.16,0
261.13,32.57,0
259.87,32.67,0
261.53,32.59,0
259.47,32.77,0
268.13,30.29,0
263.73,33.5,0
267.73,33.84,0
274.67,30.69,0
284,29.9,0
258.13,32.15,0
265.07,32.26,0
262.13,32.51,0
261.87,32.49,0
267.6,32.1,0
260.2,32.64,0
258.4,32.83,0
260.2,32.65,0
277.67,31.27,0
258.87,30.93,0
268.6,33.51,0
264,33.88,0
262.4,34,0
259.33,34.24,0
257.27,34.51,0
300.6,30.84,0
275.07,29.66,0
278.8,29.37,0
277.87,29.41,0
244.33,32.1,0
243.73,32.18,0
243.53,32.21,0
243.87,32.2,0
247.13,31.95,0
280.07,31,0
282.73,30.79,0
275.6,30.44,0
237.4,32.53,0
256.33,32.89,0
270.67,32.73,0
268.53,32.88,0
256.13,33.9,0
262.47,34.24,0
261.67,34.3,0
263.93,34.16,0
267.87,34.05,0
259.67,34.73,0
262.07,34.51,0
276.53,33.29,0
264.4,30.43,0
275.13,29.62,0
259.8,29.9,0
256.4,30.17,0
246.4,31.97,0
244.6,32.19,0
287.6,32.35,0
289.2,32.13,0
289.4,32.1,0
257.93,33.07,0
255.73,33.93,0
258.07,33.75,0
257.27,33.8,0
261.07,34.06,0
259.67,34.15,0
259.13,34.22,0
269.87,33.88,0
244.07,30.33,0
244.67,29.86,0
255.6,29.47,0
252.67,29.69,0
284.53,32.63,0
284.73,32.39,0
286.13,32.25,0
241.87,32.08,0
243.33,32.02,0
242.2,32.05,0
238.53,32.44,0
238.93,32.49,0
239.93,32.47,0
275.13,31.17,0
255.47,31.88,0
263.4,33.27,0
266.93,32.94,0
258.93,33.61,0
256.73,33.8,0
266.13,33.97,0
279.6,32.84,0
241.8,29.53,0
243.27,29.45,0
207.73,32.02,0
260.33,31.87,0
257.8,32.03,0
257.33,32.05,0
273.47,32.52,0
260.2,31.57,0
275.4,30.32,0
254.87,31.66,0
239.4,32.23,0
249.67,33.35,0
259.33,33.2,0
258.93,33.25,0
255.93,33.48,0
255,33.59,0
258.13,33.33,0
257.2,33.4,0
261.33,33.07,0
252.53,33.1,0
242.27,30.33,0
262.13,32.44,0
352.2,32.99,0
386.4,32.83,0
448.8,33.37,0
429.8,33.26,0
444.13,33.73,0
439.27,33.97,0
426.67,34.71,0
419.47,33.92,0
441.2,32.74,0
450.47,32.16,0
448.6,32.22,0
429.53,33.03,0
432.6,33.01,0
429.33,33.16,0
452.93,32.61,0
461.33,32.07,0
458.47,32.18,0
455.2,33.13,0
439.73,33.89,0
433.13,34.24,0
426.4,34.68,0
426.93,34.63,0
436.47,34.22,0
438,34.07,0
427.07,34.63,0
428.53,34.68,0
451.2,32.5,0
455.47,32.25,0
452.07,32.34,0
455.47,32.12,0
448.47,32.54,0
443.13,32.79,0
445.47,32.64,0
434.93,33.25,0
432.2,33.38,0
428.33,33.6,0
428.93,33.6,0
439.07,33.13,0
442.8,32.9,0
455,32.34,0
448.2,32.71,0
454.73,32.29,0
450.13,32.31,0
448.8,32.63,0
447.13,32.75,0
446.6,32.71,0
458.6,32.88,0
447,33.5,0
445.4,33.48,0
441.6,33.77,0
429,34.49,0
429.07,34.49,0
426.13,34.67,0
424.4,34.79,0
428.73,34.61,0
492.33,30.93,0
490.93,30.98,0
473.33,31.33,0
425.27,30.9,0
394.07,32.63,0
392.33,32.79,0
397,32.61,0
448.53,32.94,0
453.2,32.65,0
446.73,33.57,0
454.67,33.14,0
457.73,32.95,0
463.73,32.6,0
466.73,32.39,0
442.27,32.41,0
464.33,32.46,0
460.4,32.65,0
428.93,34.41,0
429.8,34.35,0
422.6,34.77,0
422.73,34.86,0
423.07,34.92,0
415.4,35.27,0
416.4,35.25,0
431.93,34.63,0
440.07,34.22,0
438.13,34.22,0
447.33,33.71,0
456.2,33.31,0
452.2,33.41,0
470.13,31.15,0
426,31.04,0
435.87,32.9,0
429.47,33.26,0
427.53,33.33,0
433,33.12,0
428.33,33.37,0
451.47,33.37,0
454.4,33.19,0
471.2,32.18,0
436.67,34.1,0
430.47,34.46,0
422.8,34.86,0
474.6,35.29,0
472.33,35.24,0
479.07,34.97,0
436.33,34.08,0
462.6,31.41,0
452.53,31.94,0
427.2,33.31,0
428.27,33.39,0
452.07,33.32,0
445.67,33.63,0
447.2,33.6,0
432.67,33.16,0
440.07,34.01,0
432.47,34.48,0
438.6,34.15,0
430.93,34.5,0
426.2,34.8,0
426,34.81,0
418.13,35.22,0
422.2,35.03,0
293.6,33.95,0
437.2,33.06,0
420.47,31.69,0
428.73,32.06,0
449,31.66,0
445.27,31.81,0
427.87,32.69,0
410.73,33.67,0
413.2,33.56,0
415.6,33.5,0
443.67,32.01,0
428.47,32.74,0
424.87,32.93,0
422.6,33.02,0
415.07,33.44,0
412.8,33.57,0
419.13,33.65,0
436.4,34.11,0
437.8,34.06,0
427.13,34.47,0
410.07,34.26,0
406.8,34.37,0
404.73,34.59,0
404.2,34.62,0
409.33,34.54,0
449.8,32.1,0
451.07,32.03,0
452.47,31.97,0
437.07,31.61,0
436.27,31.8,0
412.93,33.09,0
444.6,33.68,0
434.8,34.14,0
467.4,32.27,0
460.8,31.67,0
388.2,34.01,0
399.2,33.63,0
395.93,34.41,0
391.4,34.97,0
417.33,34.85,0
401.33,34.85,0
412.93,34.8,0
434.47,31.75,0
421.6,32.39,0
420.93,32.46,0
429.6,31.96,0
431.8,31.87,0
414.27,32.94,0
421.47,32.39,0
421,32.39,0
417.53,32.58,0
389.07,34.08,0
414.13,33.93,0
408.13,34.3,0
404.73,34.49,0
408.13,34.32,0
432.93,34.12,0
411.07,32.98,0
401.8,33.5,0
400.47,33.61,0
428.67,32.02,0
426.27,32.16,0
422.67,32.36,0
406.33,33.15,0
398.27,33.66,0
398.53,33.64,0
407.53,34.37,0
405.13,34.46,0
399.73,34.79,0
391.4,35.22,0
394.27,35.1,0
389.6,35.29,0
404.93,34.56,0
411.53,34.24,0
407,34.42,0
411.93,34.14,0
437.27,31.01,0
438.67,30.89,0
425.07,32.98,0
454.2,33.2,0
447,33.53,0
441.87,33.8,0
439.13,33.93,0
442.4,33.85,0
443.33,33.76,0
467.27,32.44,0
467.67,32.26,0
448,33.32,0
424.13,34.59,0
428,34.43,0
427.53,34.54,0
418.67,34.98,0
421.27,34.92,0
415.8,35.24,0
413.8,35.45,0
425.47,34.94,0
446.6,31.05,0
441.47,31.33,0
445.8,31.05,0
420.73,32.48,0
432.47,32.52,0
443.67,33.21,0
447.2,33.01,0
455.6,32.52,0
451.53,32.76,0
451.13,32.75,0
455.13,32.5,0
457.53,32.33,0
450.8,33.27,0
445.93,33.54,0
438,33.92,0
420.33,34.95,0
438.67,34.17,0
438.93,34.16,0
433.2,34.46,0
434.8,34.45,0
447.47,31.41,0
449.87,31.25,0
445.27,31.21,0
429.4,33.97,0
424.2,34.22,0
418.4,34.56,0
424.6,34.26,0
428.2,34.13,0
439.27,33.61,0
458.73,32.56,0
478.87,31.77,0
481,31.48,0
432.87,34.14,0
434.47,34.39,0
444.73,33.95,0
433.67,34.48,0
437.93,34.25,0
457.73,32.15,0
452,32.2,0
455.2,32.01,0
451.87,32.19,0
452.53,32.16,0
453.27,32.14,0
455.27,32.01,0
432.27,33.18,0
431.93,33.26,0
445.87,33.73,0
445.07,33.77,0
445.67,33.72,0
442.93,33.86,0
441.13,33.88,0
440.93,33.93,0
437.87,34.07,0
450.47,32.22,0
448.73,33.55,0
512.4,34.94,0
431.47,34.31,0
432.27,34.3,0
434,34.24,0
436.27,34.1,0
442.2,33.91,0
481.13,34.66,0
540.2,34.84,0
538.13,34.84,0
434.93,34.08,0
428.07,34.44,0
454.87,31.91,0
449.6,32.21,0
450.2,32.16,0
450.73,32.15,0
459,31.7,0
454.67,31.88,0
455,31.87,0
442.93,32.51,0
439.73,32.67,0
442,33.53,0
445.67,33.73,0
472.27,32.18,0
478.73,31.65,0
473,31.99,0
449.67,33.28,0
430.13,34.36,0
427.27,34.53,0
417.67,35.14,0
426.8,34.73,0
486,36.45,0
486.73,36.28,0
479.27,36.31,0
493.4,36.27,0
455,35.97,0
470.67,32.32,0
468.27,32.45,0
468.6,32.32,0
459.13,32.82,0
470.2,31.92,0
434.53,31.66,0
417.87,32.71,0
410.67,33.21,0
448.2,33.63,0
478.93,31.82,0
450,32.12,0
449.07,33.41,0
435.6,34.18,0
435.4,34.2,0
442.67,33.87,0
456.2,33.96,0
532.6,34.83,0
531.33,34.75,0
442,33.82,0
463.67,31.34,0
463.4,31.25,0
443,32.45,0
448.27,32.49,0
449.6,32.4,0
446,32.63,0
448.6,32.49,0
446.93,32.57,0
440,33,0
438.87,33.05,0
456.13,32.21,0
474.07,31.82,0
468.2,32.16,0
425.4,34.56,0
421.67,34.78,0
438.6,33.93,0
437.2,34.01,0
418.87,35.07,0
484.2,35.82,0
485.13,36.21,0
432.53,35.71,0
405.67,35.56,0
425.67,34.78,0
440.53,34.05,0
460.13,32.99,0
483.93,31.38,0
450.2,30.86,0
448.47,30.99,0
449.53,30.92,0
456.13,30.57,0
419.67,32.56,0
420.87,32.69,0
461.53,32.74,0
449.4,33.54,0
449.73,33.52,0
461.6,32.76,0
460.87,32.79,0
447.8,33.5,0
450.47,33.31,0
454.27,33.14,0
430.4,34.42,0
436.53,34.16,0
425,34.88,0
413.93,35.46,0
431.07,34.66,0
546.93,36.04,0
424.93,34.77,0
463.27,31.24,0
461.47,31.37,0
458.4,31.52,0
456.4,31.63,0
440,32.59,0
440.8,32.58,0
441.4,32.58,0
466,31.18,0
466.13,31.12,0
463.93,31.19,0
462.6,31.28,0
440.53,33.8,0
436.27,34.07,0
441.8,33.84,0
444.47,33.75,0
449.27,33.52,0
458.6,31.3,0
449.47,32.97,0
446.67,33.11,0
448.73,33.03,0
446.2,33.16,0
449.27,33.01,0
447.13,33.12,0
440,33.54,0
438.33,33.68,0
434.8,33.83,0
438.53,33.89,0
446.47,33.61,0
452.13,33.38,0
441.27,31.99,0
424.27,34.07,0
419.53,34.66,0
430.6,34.54,0
434.2,34.35,0
429.4,34.66,0
431.93,34.61,0
433.33,34.56,0
434.07,34.56,0
452,33.59,0
461.4,33.05,0
470.47,31.35,0
475.07,30.99,0
452.33,33.14,0
450.07,33.3,0
434.27,33.27,0
433.2,33.31,0
435.8,33.24,0
450.93,33.36,0
452.47,33.26,0
475.2,31.93,0
449.8,31.25,0
440.73,31.75,0
459.47,34.65,0
448.6,34.95,0
452.07,34.8,0
444,35.1,0
454.13,34.73,0
452.73,34.78,0
424,34.42,0
423.2,34.5,0
436.4,33.83,0
462.6,31.67,0
446.87,30.96,0
446.2,30.98,0
445.67,30.96,0
426,32.05,0
421.13,32.33,0
440.2,32.66,0
457.73,32.96,0
449.87,33.37,0
448.33,33.44,0
450.07,33.29,0
472.27,32.01,0
448.07,31.78,0
446.07,31.92,0
444.13,33.43,0
445.2,35.05,0
439.33,35.24,0
444.27,35.1,0
458.13,34.61,0
438.27,31.26,0
439.27,31.68,0
427.07,32.41,0
432.53,33.48,0
429.53,33.63,0
449,33.76,0
446.07,33.88,0
450.27,33.66,0
451.33,33.55,0
447.67,33.76,0
448.07,33.69,0
447.4,32.37,0
450.93,32.18,0
446.6,31.37,0
459.73,33.92,0
449.8,34.46,0
433.2,34.12,0
427.93,30.56,0
422.2,30.9,0
454.73,32.67,0
428.13,32.82,0
420.27,33.15,0
422.4,33,0
418.2,33.22,0
422.47,32.98,0
419.47,33.17,0
441.13,31.95,0
415.27,33.27,0
420.53,34.33,0
416.47,34.61,0
409.53,35.02,0
421,34.42,0
428.8,33.75,0
431.53,30.56,0
415.6,30.19,0
398.87,30.01,0
404,29.73,0
395,30.27,0
425.6,32.41,0
419.4,32.72,0
389,32.6,0
388.8,32.56,0
433.27,33.05,0
421.93,32.87,0
420.2,32.71,0
410.67,33.26,0
409.33,33.32,0
426.4,32.01,0
404.4,32.35,0
406.93,34.13,0
403.6,34.34,0
401.67,34.47,0
404.27,34.34,0
401.87,34.52,0
384.8,35.48,0
415.93,31.7,0
416.07,30.42,0
411.67,30.59,0
404,31.02,0
404.67,32.33,0
398.4,32.71,0
396.47,32.8,0
392.8,33.02,0
386.87,33.38,0
400.93,32.65,0
436.2,33.07,0
440,32.91,0
419.47,32.71,0
413.6,32.73,0
411.27,33.16,0
380.87,34.29,0
410.47,34.4,0
409.07,34.75,0
416.87,34.27,0
417.87,34.21,0
419.13,34.07,0
427.6,32.84,0
419.13,31.41,0
426.6,30.91,0
411.27,30.88,0
408,30.68,0
410.73,30.54,0
408.33,30.7,0
406.67,30.76,0
368.47,32.82,0
370.2,32.8,0
410.67,32.67,0
464.2,33.05,0
410.13,32.82,0
410.13,32.8,0
405.6,33.07,0
396.13,33.59,0
394.53,33.67,0
401.6,33.41,0
427.87,31.91,0
441.8,30.87,0
406.73,32.18,0
425.6,33.84,0
436.67,34.44,0
424.73,35.08,0
446.6,34.49,0
431.93,30.69,0
421,32.76,0
420.83,32.82,0
411.27,33.41,0
409.73,33.53,0
410.8,33.5,0
408.4,33.61,0
446.53,31.31,0
448,31.28,0
440.67,34.5,0
440.2,34.65,0
455.4,34.27,0
446.73,34.11,0
443.73,33.65,0
437.13,33.4,0
429,30.22,0
427.93,30.31,0
420.33,30.76,0
430.87,32.87,0
438,32.93,0
441.27,32.95,0
438.53,33.12,0
435.47,33.33,0
464.2,31.63,0
453.47,34.55,0
448.2,34.76,0
442.33,35.1,0
433.07,32.01,0
436,31.52,0
437.8,31.48,0
443.73,31.16,0
441.73,31.25,0
409.87,33.22,0
410,33.24,0
452.07,33.45,0
444.93,33.71,0
447,33.65,0
446.53,33.71,0
439.4,34.09,0
440.6,33.97,0
468.8,32.21,0
467.53,32.26,0
438.13,31.4,0
443.8,31.1,0
437.07,31.49,0
451.47,33.18,0
440.13,34.51,0
444.07,34.3,0
457.2,34.11,0
448.07,34.01,0
438.87,33.84,0
439.4,33.8,0
440.73,33.74,0
442.27,33.54,0
441.73,30.51,0
423.13,31.89,0
430.73,32.71,0
429.53,32.82,0
433,32.64,0
431.8,32.73,0
429.2,32.89,0
429.47,32.92,0
429.67,32.9,0
427.27,33.01,0
451.2,31.67,0
441.27,31.15,0
437.73,30.99,0
443.27,33.42,0
442.27,33.45,0
441.2,33.78,0
455.2,33.41,0
445.53,33.98,0
439,34.34,0
434.87,34.61,0
439.73,34.33,0
433.13,34.74,0
438.47,35.27,0
449.8,34.63,0
437.87,30.84,0
407.2,32.57,0
430.13,32.88,0
434.2,32.97,0
435,32.95,0
433.4,33.04,0
435,33.22,0
439.2,33.06,0
430.07,33.56,0
425.2,33.83,0
430.4,33.56,0
444.67,32.75,0
437.93,31.84,0
439.4,31.72,0
441.33,31.65,0
437.6,31.74,0
437.33,31.86,0
439.13,31.77,0
414.2,33.22,0
424.6,32.64,0
419.47,32.93,0
470.93,33.52,0
470.4,33.6,0
464.73,33.85,0
442.8,35.05,0
440,35.21,0
443.93,35.03,0
462.07,33.67,0
413.27,32.1,0
439.73,30.71,0
440.2,30.68,0
437.8,30.78,0
403.33,32.76,0
406.2,32.69,0
436.27,33.06,0
435.67,33.07,0
426.93,33.59,0
434.87,33.78,0
430.53,34.05,0
437,33.88,0
467.33,33.02,0
451.13,33.86,0
447.67,34.65,0
448.47,34.59,0
458.27,33.96,0
449.53,33.95,0
449.4,33.89,0
439.73,34.47,0
446.93,31.93,0
442.8,31.76,0
431.8,31.1,0
419,33.18,0
420.8,33.16,0
422.2,33.1,0
443.33,33.19,0
445.4,33.02,0
445.4,33.54,0
446.2,33.54,0
425.67,33.49,0
445.33,32.37,0
424.53,31.61,0
426.87,34.05,0
426.67,34.14,0
421.93,34.48,0
433.33,34.76,0
437.33,34.7,0
435.27,34.83,0
430.6,35.16,0
433.53,32.99,0
434.47,32.95,0
435.73,32.86,0
434.93,32.95,0
441.07,32.61,0
449.27,33.41,0
436,33.52,0
439.8,33.34,0
454.53,32.46,0
458.6,32.21,0
460.27,31.42,0
463.33,31.19,0
425.13,32.79,0
430.67,32.86,0
408.53,34.37,0
413.07,34.16,0
422.67,33.63,0
419.07,33.82,0
432.8,34.17,0
431.33,34.26,0
447.67,34.2,0
441.93,34.57,0
450.8,34.07,0
451.33,34.07,0
449.6,34.07,0
437.47,33.9,0
437.93,33.61,0
439.67,32.06,0
447.4,31.98,0
430.13,32.3,0
432.07,32.2,0
443.13,32.95,0
432.6,33.56,0
433,33.56,0
431.4,33.63,0
436.2,33.37,0
447.47,30.7,0
439.87,30.51,0
425.73,32.61,0
427.53,32.56,0
424.27,32.7,0
414.93,33.3,0
411.53,33.59,0
414.33,33.43,0
418.73,34.4,0
436.27,34.44,0
409.8,34.6,0
407.93,34.71,0
407.6,34.81,0
430.47,33.54,0
435.47,32.61,0
426.4,32.37,0
419.67,32.78,0
415.87,33.03,0
424.53,32.56,0
437.2,33.11,0
431.6,33.36,0
432.93,33.31,0
432.73,31.98,0
395.2,32.09,0
386.13,33.57,0
388.8,33.51,0
409.13,33.79,0
438.8,34.24,0
436.87,34.22,0
423.8,34.34,0
427.47,34.12,0
433.13,33.75,0
426.87,31.67,0
434.67,31.33,0
419.93,32.14,0
442.87,32.35,0
439.53,32.37,0
426.8,32.41,0
415.33,32.29,0
415.13,32.31,0
424.2,32.53,0
414.6,33.14,0
410.47,33.36,0
397.4,32.83,0
387.67,33.99,0
385.33,34.15,0
376.6,34.65,0
378.13,34.77,0
418.53,30.78,0
417.87,30.73,0
360.27,32.46,0
370.73,32.48,0
392.27,32.84,0
392.67,32.82,0
392.8,32.8,0
388.2,33.05,0
394.4,32.71,0
395.8,32.65,0
408.2,31.96,0
402.8,30.93,0
382.2,31.34,0
362.33,32.39,0
386.87,33.82,0
382.73,34.05,0
387.33,33.83,0
386.13,33.84,0
387.33,33.79,0
395.73,33.38,0
393,32.29,0
384,31.29,0
356.4,32.73,0
351.33,32.77,0
398.8,32.88,0
403.73,32.76,0
403.13,32.82,0
401.87,32.86,0
398.93,32.91,0
399.47,32.88,0
400.93,32.85,0
396.27,33.06,0
393.13,33.18,0
393.4,33.16,0
396.13,31.32,0
381.27,32.51,0
377.07,32.67,0
372.93,33.01,0
369.27,33.22,0
368.93,33.27,0
367.33,33.35,0
389.33,33.35,0
422.2,33.11,0
402.53,31.93,0
380.07,31.39,0
399.07,31.73,0
392.4,32.15,0
404.73,32.1,0
403.93,32.32,0
404.73,32.26,0
407.4,32.09,0
373.27,32.09,0
368.73,32.37,0
364.13,32.62,0
371.6,32.37,0
448.67,33.24,0
406.27,33.33,0
396.67,33.23,0
397.53,33.23,0
401.47,33.06,0
407,32.78,0
405.4,32.8,0
421,32.88,0
426,32.78,0
429,32.65,0
361.87,32.52,0
370.53,32.43,0
428.27,33.1,0
419.67,33.32,0
411.4,33.35,0
409.07,33.54,0
406.73,33.71,0
407.33,33.73,0
409.87,33.56,0
410,33.59,0
408.87,33.65,0
407.53,33.75,0
412.8,33.49,0
420.33,33.05,0
391.2,32.2,0
431.27,32.63,0
432.13,32.56,0
430.73,32.63,0
428.67,32.41,0
410.27,33.14,0
405.27,33.46,0
391.87,34.32,0
401.27,33.94,0
401.2,33.96,0
402.2,33.94,0
428.4,34.04,0
437.4,33.37,0
425.6,32.75,0
429.13,32.56,0
430.13,32.53,0
403.4,32.06,0
402.87,32.1,0
404.8,32.06,0
412.13,32.26,0
410.53,32.39,0
408.47,32.47,0
412.47,32.24,0
411.8,32.29,0
411.87,32.31,0
407.93,32.56,0
406.13,32.67,0
406.6,32.71,0
407.4,32.67,0
425.6,33.58,0
421.73,33.7,0
418.6,33.81,0
418.93,33.82,0
419.67,33.77,0
421.07,33.68,0
400.2,33.7,0
396.87,33.53,0
418.33,32.12,0
399.93,31.84,0
390.13,31.82,0
383.27,31.82,0
408.67,32.39,0
399.53,32.82,0
360.4,32.24,0
368.07,31.96,0
366.47,32.14,0
361.13,32.27,0
420.2,33.33,0
396.13,34.6,0
395.47,34.67,0
407.4,34.05,0
404.2,34.24,0
407.87,33.99,0
433.2,32.4,0
407.13,31.93,0
403.67,32.51,0
411.47,32.46,0
412.13,32.38,0
405.4,32.68,0
416.4,32.71,0
420.6,32.46,0
416.8,32.67,0
404.53,33.39,0
400.8,33.64,0
409.33,33.84,0
404.93,34.56,0
418.4,33.88,0
435.93,32.8,0
414.2,33.22,0
404.33,33.16,0
408.4,32.99,0
411.8,32.78,0
405.47,33.22,0
399.73,33.59,0
397.27,33.75,0
417.33,33.9,0
421.2,33.68,0
421.27,33.61,0
431.93,32.9,0
444.53,31.97,0
444.93,31.9,0
446.4,31.79,0
383.8,32.27,0
384.47,32.29,0
389.4,32.05,0
393.4,31.95,0
391.87,32.09,0
430.4,32.29,0
414.27,31.89,0
413.07,32.05,0
406.4,32.37,0
405.13,32.44,0
409,32.22,0
409.13,32.43,0
417.53,33.14,0
420.27,33.01,0
417.8,33.12,0
406.8,33.74,0
405.07,33.87,0
404.8,33.92,0
406.87,33.84,0
424,34.14,0
428.8,33.77,0
428.6,33.69,0
401,32.8,0
405.13,32.62,0
402.4,32.81,0
404.93,32.65,0
402.13,32.8,0
406.73,32.54,0
405.4,32.67,0
424.2,32.71,0
423.4,32.69,0
427.87,32.46,0
349,32.85,0
422.33,33.88,0
439.13,33.71,0
435.13,33.8,0
412.2,33.86,0
415.8,33.65,0
415.33,32.41,0
418.27,32.27,0
423.67,31.97,0
414.47,32.46,0
416.67,32.38,0
418.4,32.28,0
420.4,32.17,0
415,32.47,0
414.47,32.5,0
304.27,31.97,0
411.33,32.54,0
417.27,32.48,0
431.87,34.16,0
432.47,34.12,0
430.2,34.24,0
426.13,34.5,0
422.4,34.67,0
419.27,34.74,0
419.33,34.8,0
419.8,34.73,0
402.87,34.36,0
401.67,34.44,0
403.93,34.33,0
406.67,34.15,0
401.07,31.86,0
399.13,31.93,0
384.47,32.18,0
384.53,32.22,0
391.6,31.88,0
388.67,32.07,0
390.2,31.99,0
387.93,32.14,0
405,32.79,0
405.73,33.1,0
417.53,33.02,0
413.47,33.2,0
410.6,33.31,0
413.33,33.12,0
395.27,32.83,0
397.73,32.69,0
394.13,32.5,0
396.27,32.39,0
396.4,32.38,0
397.67,32.34,0
396.4,32.43,0
396.73,32.38,0
398.13,32.31,0
399.4,32.29,0
392.47,32.3,0
397.73,32.38,0
396,32.47,0
386.73,33,0
406.87,34.39,0
382,33.03,0
395.53,32.33,0
394.8,32.39,0
373,31.44,0
354.27,32.52,0
356.93,32.49,0
398.2,32.68,0
427.87,32.72,0
426.4,32.67,0
423.93,32.8,0
411.67,32.68,0
391.6,32.78,0
390.13,32.86,0
385.6,33.08,0
385.93,33.12,0
383.87,33.25,0
368.73,34.22,0
368.53,34.31,0
366.87,34.41,0
370.07,34.3,0
388.27,35.62,0
413.4,34.14,0
440.33,32.28,0
424.47,32.15,0
398.47,32.07,0
398.53,32.1,0
393.8,32.41,0
397.93,32.16,0
396.47,32.31,0
397.2,32.31,0
394.47,32.48,0
394.47,32.56,0
391.73,32.74,0
384.27,33.2,0
404.13,33.32,0
401.6,33.49,0
420.07,33.68,0
446,33.99,0
404.87,33.73,0
399.93,32.19,0
395.2,32.24,0
389.27,32.64,0
389.53,32.71,0
388.6,32.73,0
397.33,32.31,0
399.2,32.23,0
393.87,32.49,0
391.87,32.61,0
396.6,32.37,0
401.4,32.07,0
388.4,32.82,0
404.07,33.28,0
400.73,33.41,0
408.13,33.71,0
414.73,33.57,0
419.8,33.21,0
420.13,33.18,0
420.8,33.15,0
408.13,31.37,0
407.4,31.44,0
395.6,32.2,0
432.8,32.35,0
430.87,32.41,0
417.6,31.76,0
408.2,32.38,0
409.93,32.29,0
409.4,32.14,0
410.47,32.32,0
438.53,32.61,0
437.27,32.65,0
433.27,32.76,0
412.2,33.27,0
428.8,33.1,0
423.27,32.05,0
418.87,32.4,0
427.67,32.05,0
442.53,32.43,0
444.8,32.29,0
443.13,32.31,0
442.13,32.35,0
447.07,31.98,0
444.6,32.12,0
439.6,32.12,0
427.2,33.07,0
418.47,33.63,0
425.73,33.24,0
416.93,33.78,0
422.47,34.07,0
431.6,33.92,0
415.6,33.42,0
419,33.19,0
422.6,33.01,0
426.93,32.75,0
428.47,32.65,0
428.13,32.68,0
428,32.69,0
424.73,31.56,0
410.93,31.71,0
400.67,32.33,0
400.53,32.44,0
438.53,32.84,0
439.6,32.71,0
441.33,32.58,0
437.27,32.46,0
415.2,32.81,0
425.93,33.32,0
428.73,33.22,0
428.73,33.27,0
429.73,33.18,0
427.93,33.31,0
423.33,33.56,0
422.2,33.68,0
428.13,33.28,0
428.73,33.3,0
431,33.13,0
429.6,33.22,0
406.33,33.29,0
410.6,33.07,0
407.33,33.02,0
423.4,32.36,0
423.27,32.38,0
420,32.56,0
422.07,32.46,0
422.67,32.41,0
425.67,32.24,0
424.93,32.28,0
426.07,32.2,0
422.67,32.44,0
421.13,32.49,0
418.47,32.64,0
419.2,32.91,0
445.47,32.93,0
441.07,33.16,0
440.27,33.21,0
434.6,33.49,0
424.73,34.12,0
425.13,34.07,0
420.47,34.27,0
409.13,32.52,0
411.6,32.37,0
419.67,31.94,0
415.93,32.1,0
416.13,32.1,0
406.33,32.73,0
430.2,32.2,0
428.13,32.75,0
428.47,32.69,0
427.47,32.71,0
423.6,32.32,0
424.27,32.2,0
419.67,32.24,0
409.8,33.05,0
409.53,33.06,0
433.6,32.99,0
424.13,34.2,0
415.93,34.67,0
414.33,34.79,0
417,34.66,0
413.07,34.88,0
416,34.73,0
418,34.63,0
387.73,33.76,0
390.33,33.59,0
409.33,33.32,0
422.13,32.59,0
432.07,32.59,0
434.8,32.35,0
418.27,32.54,0
419.47,32.49,0
421.13,32.44,0
417.73,32.57,0
415.6,32.71,0
414.87,32.78,0
418.13,32.59,0
417.27,32.86,0
441.87,32.42,0
433.67,32.8,0
430.53,32.95,0
428.13,33.1,0
421.2,33.5,0
423.4,33.46,0
421.4,33.56,0
430.13,33.1,0
424.87,32.12,0
418.07,32.56,0
416.93,32.59,0
419.13,32.54,0
419.93,32.46,0
419.4,32.52,0
418.47,32.54,0
415.2,32.76,0
417.6,32.65,0
415.87,32.66,0
417.2,32.6,0
416.4,32.61,0
421.6,32.37,0
417.73,32.57,0
405.6,33.27,0
400.27,33.62,0
398.8,33.7,0
398.2,33.77,0
400.53,33.72,0
403.13,33.59,0
398.47,33.88,0
401.47,33.72,0
423.87,32.82,0
421.93,32.94,0
421.67,32.86,0
421.53,32.9,0
421.73,32.81,0
423.4,32.68,0
427.67,32.39,0
394.47,32.33,0
394.73,32.63,0
426.73,32.8,0
430.87,32.45,0
401.2,32.9,0
392.07,33.12,0
444.2,33.57,0
427.13,33.49,0
423.87,33.22,0
390,33.1,0
404.13,32.41,0
411.4,32.01,0
414.53,31.79,0
417.6,32.19,0
420.67,32.33,0
421,32.28,0
420.33,32.27,0
419.27,32.28,0
410.07,32.77,0
407.27,32.93,0
407.53,32.96,0
405.13,33.07,0
382.67,34.47,0
386.6,34.29,0
409.27,33.12,0
415.6,32.68,0
424.13,32.22,0
426.4,32.06,0
416.07,32.59,0
415.87,32.59,0
419.8,32.35,0
417.87,32.44,0
417.73,32.44,0
415.53,32.52,0
415.2,32.53,0
415.8,32.44,0
417.6,32.39,0
421.6,32.07,0
421.07,32.16,0
416.47,32.37,0
414.2,32.46,0
407.67,32.92,0
406.87,33.01,0
407.2,33.02,0
410.07,32.86,0
408.47,32.91,0
408,32.98,0
410.2,32.81,0
408.73,32.91,0
411.13,32.76,0
422.07,31.44,0
422,31.41,0
420.87,31.43,0
415.93,31.76,0
438.47,31.78,0
437.53,31.82,0
434.53,31.97,0
435.47,31.88,0
421.73,32.76,0
410.87,32.86,0
394.27,34.01,0
429.13,34.54,0
434.27,35.2,0
447,34.95,0
443.27,35.06,0
446,35.05,0
400.27,35.1,0
461.53,34.33,0
423.33,33.76,0
415.67,33.28,0
428.2,32.46,0
422.87,32.76,0
425.87,32.64,0
425.8,32.59,0
416.47,32.44,0
413.4,32.63,0
417.07,32.44,0
412.93,32.35,0
396.67,33.33,0
404.47,32.94,0
401.53,33.21,0
397.13,33.5,0
398.27,33.47,0
417.8,34.25,0
449.33,34.86,0
449.4,34.85,0
446.93,34.9,0
445.2,34.98,0
451.67,34.58,0
391.07,34.26,0
391.67,33.9,0
403.2,33.65,0
404.27,33.59,0
410.33,33.28,0
413.47,33.14,0
418.47,32.85,0
416.13,32.95,0
418.2,32.86,0
412.27,33.18,0
412.33,33.2,0
414.2,33.06,0
412.67,33.18,0
409.13,33.37,0
413,33.22,0
411.4,33.27,0
409.73,33.36,0
413.93,33.18,0
413.87,33.18,0
418.4,32.9,0
424.47,32.42,0
409.2,33.41,0
396.8,34.18,0
422.53,34.97,0
428,34.86,0
428.6,34.69,0
433.67,34.38,0
439.73,33.99,0
414.27,32.84,0
410.07,33.01,0
413.2,32.88,0
414,32.86,0
412.07,32.93,0
411.27,33,0
413.87,32.89,0
399,32.78,0
395.93,32.95,0
395.73,32.74,0
403.47,32.34,0
403.8,32.35,0
419.53,32.33,0
421.93,32.82,0
416.67,33.12,0
414.8,33.2,0
413.33,33.32,0
439.13,34.35,0
434,34.65,0
432.13,34.68,0
412.33,33.8,0
382.33,33.51,0
398.07,32.8,0
406.53,32.35,0
404.87,32.54,0
410.6,32.26,0
404.2,32.67,0
405.33,32.65,0
445.73,32.79,0
440.27,32.39,0
430.8,32.31,0
425.4,32.61,0
425.4,32.61,0
425.73,32.57,0
425.2,32.57,0
421.8,32.81,0
413.93,33.41,0
422.53,33.27,0
436.87,33.27,0
454.67,31.93,0
441.13,31.76,0
426.8,32.31,0
427.4,32.27,0
428.67,32.23,0
434.93,31.8,0
409.8,32.1,0
413.33,31.95,0
412.27,32.06,0
424.8,32.45,0
434.6,33.2,0
444.33,34.49,0
447.07,34.33,0
443,34.52,0
430.47,35.1,0
423,35.31,0
457.07,33.69,0
455.6,33.76,0
454.2,33.61,0
467,32.79,0
362.27,31.96,0
369.27,31.84,0
398.4,32.65,0
422.4,32.96,0
442.47,32.9,0
443.13,32.81,0
442.27,32.86,0
443.07,32.79,0
404.33,32.5,0
406,32.46,0
408.33,32.37,0
407.4,32.48,0
415,34.65,0
428.6,33.86,0
432.53,33.61,0
436.27,33.39,0
450.07,32.39,0
452.6,32.29,0
451.33,32.31,0
451.47,32.3,0
448.33,32.41,0
448.73,32.34,0
416.4,32.35,0
416.53,32.42,0
423.6,32.04,0
425.2,31.95,0
420.07,32.27,0
420.33,32.28,0
421.27,32.28,0
421.53,32.26,0
432.6,32.2,0
432.73,32.18,0
436.53,31.83,0
436.33,31.92,0
446.07,32.03,0
432.2,32.78,0
432.07,32.81,0
411.4,34.13,0
451.2,34.8,0
454.93,34.59,0
459,34.24,0
461.27,34.15,0
461.27,34.07,0
435.67,32.54,0
438.73,32.36,0
442.47,32.14,0
434.27,32.64,0
436.73,32.46,0
439.47,32.27,0
434.2,32.61,0
430.07,32.82,0
443.27,32.04,0
438.8,32.24,0
439,32.3,0
436.8,32.42,0
430.8,32.81,0
434.4,33.88,0
426.33,34.41,0
430.53,34.2,0
432.27,34.14,0
433,34.04,0
438.13,33.69,0
437.73,33.13,0
440.87,32.91,0
425.47,32.61,0
422.33,32.77,0
452.47,32.16,0
445.93,32.61,0
446.8,32.54,0
439,33.01,0
425,33.82,0
423.27,34,0
431.13,34.27,0
428.73,34.37,0
426.13,34.56,0
427.73,34.5,0
431.33,34.55,0
444.13,34.14,0
455.87,33.34,0
454.47,32.99,0
470.67,32.21,0
467.47,32.44,0
432.8,30.64,0
405.73,32.18,0
452.07,31.82,0
444.2,32.29,0
442.47,32.37,0
443,32.31,0
440.53,32.46,0
447.27,32.06,0
450.8,31.73,0
446.47,31.95,0
449.33,31.69,0
420.93,33.53,0
429.4,34.32,0
429.87,34.32,0
444.33,33.54,0
448.07,33.28,0
449.6,33.2,0
468.13,32.02,0
457.07,32.6,0
458.4,32.48,0
455.07,32.29,0
391.4,31.92,0
385.2,32.35,0
395.47,31.89,0
463.73,32.52,0
460.67,32.59,0
459.6,32.6,0
460.73,32.52,0
434.13,32.08,0
433.8,32.12,0
442.27,31.56,0
422.53,31.73,0
408.13,32.31,0
426.13,32.99,0
427.73,33.88,0
428.47,33.84,0
427.33,33.9,0
451.93,34.33,0
449.8,34.48,0
455.67,34.13,0
447.53,33.13,0
450.07,32.92,0
410.53,31.6,0
412,32.15,0
447.27,32.56,0
454.07,32.25,0
454.47,32.13,0
418.27,32.36,0
422.47,32.28,0
439.33,31.9,0
421.6,34.21,0
426.27,35.26,0
445.8,32.68,0
431,32.52,0
425.53,32.9,0
429.13,32.71,0
429.87,32.65,0
431.13,32.59,0
431.6,32.6,0
429.27,32.67,0
432.2,32.59,0
431.6,32.63,0
444.2,31.84,0
441.33,31.95,0
433,32.48,0
426.47,32.89,0
410.87,33.9,0
413,34.03,0
446.53,34.72,0
444.13,34.89,0
439.07,33.77,0
419.8,33.56,0
419.73,33.59,0
434,32.69,0
433.53,31.52,0
437.6,31.26,0
438.6,31.22,0
415,32.59,0
424.33,32.41,0
440,32.5,0
441.13,32.41,0
439.27,32.47,0
438.4,32.5,0
440.6,31.66,0
436.67,31.91,0
421.33,32.82,0
416.93,33.14,0
439.8,34.86,0
436.07,35.03,0
421.8,35.38,0
437.13,34.95,0
439.93,34.84,0
449.53,33.92,0
443,33.68,0
447.07,33.41,0
462.27,32.19,0
455.8,32.57,0
454.93,32.61,0
455.33,32.02,0
436.47,32.48,0
417.8,32.38,0
414.13,32.69,0
462.4,32.32,0
425.6,33.12,0
428.4,34.93,0
427.73,34.99,0
442.4,34.02,0
442,33.12,0
433.13,32.81,0
435.67,32.64,0
436.67,32.65,0
429.13,33.05,0
429.47,33.08,0
433.13,32.83,0
432.13,32.91,0
430.8,33,0
435.27,32.79,0
434.33,32.84,0
436.33,32.72,0
432.53,32.97,0
419.8,33.76,0
442.27,34.36,0
438.4,34.52,0
437.6,34.65,0
434.4,34.82,0
440.4,34.44,0
429.27,33.14,0
426.93,32.51,0
440.67,31.8,0
419.53,32.99,0
423.53,32.78,0
421.27,32.87,0
423.2,32.78,0
423.27,32.74,0
424.93,32.82,0
436.8,32.82,0
439.8,32.64,0
442.8,32.22,0
406.6,33.34,0
412.4,34.05,0
439.07,34.29,0
450,34.78,0
450,34.76,0
446.8,34.85,0
430.27,35.43,0
416,35.53,0
435.07,35.35,0
460.53,34.12,0
423.47,32.39,0
420.93,32.54,0
414.53,32.95,0
420.8,32.65,0
433.53,32.47,0
436.53,32.41,0
428.13,32.84,0
436.67,32.84,0
433.2,32.96,0
432.73,32.99,0
435.47,32.88,0
435.73,32.88,0
436.6,32.75,0
426.47,32.79,0
416.87,33.31,0
460.2,34.04,0
455.47,34.31,0
446.87,34.22,0
434.87,34.24,0
435.87,34.21,0
427.07,34.68,0
433.53,34.3,0
434.27,34.28,0
434.33,34.26,0
437.93,34.01,0
436.6,33.75,0
421.93,32.52,0
438.33,31.55,0
443,31.27,0
423.93,32.33,0
439.33,32.44,0
443.8,32.2,0
443.53,32.18,0
440.8,32.29,0
441.2,32.27,0
441.8,32.24,0
448.67,31.76,0
443.47,32.05,0
434.07,31.97,0
413.47,32.35,0
424.53,32.95,0
471.67,33.48,0
446,34.16,0
440.6,34.46,0
421.33,35,0
427.47,32.27,0
428.07,32.24,0
441.87,32.67,0
446.67,32.6,0
427.4,32.41,0
427,32.47,0
430.53,32.27,0
432.07,32.2,0
431.33,32.22,0
430,32.28,0
445.27,32.7,0
437.67,33.14,0
434.33,34.32,0
436.07,31.58,0
436.27,31.56,0
434.93,31.71,0
426.4,32.24,0
423,32.41,0
439.27,32.46,0
442.73,32.27,0
440.67,32.37,0
439.2,32.43,0
435.4,32.25,0
425,33.33,0
429.93,33.01,0
445,33.67,0
438.67,35.35,0
493.53,35.24,0
415.4,34.05,0
416.73,33.97,0
422.2,32.68,0
425.8,32.59,0
445.47,32.61,0
442.07,32.82,0
440.87,32.84,0
441.87,32.78,0
440.47,32.87,0
484.67,32.59,0
484.6,32.58,0
482.13,32.67,0
478.53,32.8,0
479.13,32.72,0
435.87,32.78,0
420.33,33.75,0
416.53,33.99,0
432.2,33.09,0
458.27,34.01,0
440.27,35.06,0
409.8,35.5,0
439.8,35.28,0
418,35.59,0
440.27,33.86,0
447.8,33.9,0
444.33,33.46,0
443.4,33.52,0
444.67,33.44,0
448.4,33.13,0
451.93,32.88,0
453.73,32.78,0
457.53,32.54,0
454.33,32.65,0
454.07,32.6,0
451.73,32.75,0
454.13,32.56,0
444.27,33.18,0
444.73,33.14,0
452.6,32.76,0
456.2,33.57,0
429.8,33.8,0
427.67,34.03,0
425.93,34.1,0
445.73,34.25,0
447.8,34.16,0
444.8,34.37,0
443.73,34.33,0
448.53,34.07,0
455.47,33.6,0
386.8,31.13,0
397.33,31.31,0
434.93,32.63,0
436.4,32.49,0
461.33,32.86,0
470.67,32.87,0
436,32.94,0
438.6,32.82,0
441.6,32.61,0
441.33,32.65,0
448.47,32.9,0
443.73,33.13,0
439.87,33.37,0
414.8,33.9,0
432.73,34.83,0
443.87,34.18,0
418.6,33.76,0
449,32,0
475.53,30.38,0
449.27,31.82,0
449.8,31.71,0
415.4,32.46,0
415.33,32.53,0
419,32.37,0
423.6,32.1,0
448.6,33.01,0
436.47,33.17,0
437.53,33.11,0
440.8,32.93,0
434.07,33.09,0
430.4,32.84,0
431.47,32.83,0
437.73,32.77,0
445,32.62,0
441.4,32.82,0
428.33,33.08,0
420.8,33.61,0
425.8,33.87,0
446.87,33.99,0
440.07,34.37,0
449.8,33.69,0
452.13,33.53,0
416.67,32.43,0
428.27,31.84,0
430.93,31.66,0
432.73,31.55,0
431.47,31.63,0
428.4,31.81,0
415.8,32.63,0
419.53,32.48,0
420.93,32.38,0
427.53,31.94,0
426.27,32.07,0
453,32.95,0
452.8,32.82,0
435.47,32.45,0
432.53,32.73,0
426,33.11,0
426.93,34.9,0
433.47,34.6,0
429.6,34.84,0
433.8,34.58,0
440.87,34.16,0
441.2,34.12,0
456.13,33.13,0
461.4,32.67,0
460.73,32.64,0
424.6,32.34,0
425.27,32.33,0
424,32.43,0
422.73,32.48,0
447.8,32.9,0
444.13,32.84,0
429.67,33.26,0
428.53,33.39,0
430.27,33.35,0
424.6,33.71,0
436.07,33.95,0
440.8,34.05,0
436.93,34.25,0
433.2,34.46,0
437.93,34.2,0
437.47,34.24,0
440.8,33.95,0
441.47,33.94,0
437.53,33.88,0
305.07,32.8,0
449,33.54,0
463.93,33.56,0
466,33.41,0
454.73,32.79,0
433.8,32.5,0
421.53,32.22,0
441.53,32.86,0
442.13,32.82,0
443.13,32.66,0
435.87,32.62,0
435.73,32.63,0
431.67,32.59,0
430.4,32.93,0
429.73,33.02,0
438.2,33.75,0
429.6,34.38,0
428.4,34.48,0
380.07,34.18,0
288.33,33.69,0
450,34.1,0
452.33,33.59,0
454.73,33.57,0
427.67,32.35,0
416.47,32.25,0
405.53,32.9,0
410.2,32.63,0
416.07,32.76,0
420.33,32.88,0
426.07,33.02,0
426.33,33,0
423.6,32.83,0
420.2,32.78,0
408.27,34.05,0
427.33,33.97,0
422.93,34.16,0
409.47,34.97,0
411.53,34.86,0
412.53,34.88,0
419,34.56,0
446.8,32.99,0
426.2,32.83,0
423.53,32.98,0
426.33,33.16,0
429.53,33.27,0
431,33.24,0
431.4,33.31,0
439.2,33.31,0
438.93,33.35,0
438.4,33.35,0
440.93,33.22,0
438.87,33.29,0
447.73,33.29,0
457.2,32.65,0
453.73,32.76,0
431.27,32.93,0
426.67,33.22,0
422.6,33.52,0
421.87,33.49,0
435.8,33.8,0
428.6,34.2,0
427.07,34.24,0
427.6,34.2,0
425,31.97,0
425.73,31.91,0
450.27,32.71,0
448.13,32.82,0
422.13,32.69,0
422.13,32.73,0
416.07,33.67,0
416.27,33.7,0
411.93,33.91,0
414.47,33.8,0
409.73,34.11,0
408.13,34.31,0
414.07,35.16,0
435.8,33.92,0
442.33,33.5,0
442.6,33.48,0
428.53,32.32,0
428.8,32.27,0
423.6,32.57,0
423.87,32.56,0
425.53,32.52,0
424.07,32.6,0
420.67,32.82,0
422.67,32.66,0
421.8,32.71,0
422.53,32.73,0
437.93,33.48,0
436.73,33.57,0
431.93,33.88,0
414.33,33.82,0
407.87,34.03,0
405.4,34.21,0
426.4,34.24,0
427.73,34.15,0
430.07,34.03,0
429.27,34.06,0
424.8,32.44,0
424.4,32.22,0
409.73,32.61,0
421.33,32.71,0
422.2,32.66,0
423.67,32.63,0
420.47,32.78,0
421.93,32.76,0
422.6,32.66,0
425.67,32.48,0
424,32.61,0
422.67,32.31,0
426,32.51,0
399.67,34.06,0
407.47,35.43,0
426.07,34.54,0
428.67,34.38,0
425.13,34.59,0
429.8,34.31,0
431.87,34.18,0
435,34.03,0
419.67,33.02,0
422.07,32.89,0
421.87,32.88,0
422,32.88,0
432.6,32.65,0
425.4,33.06,0
427,32.97,0
425.73,33.04,0
426.67,32.94,0
427.2,32.92,0
427.13,32.88,0
436.73,32.33,0
436.07,32.37,0
434.93,33.8,0
438.8,33.56,0
434.93,33.77,0
426,34.22,0
422.53,34.42,0
413.27,33.87,0
408.07,34.17,0
412.13,33.93,0
418.6,33.62,0
439.13,32.06,0
435.53,31.97,0
422.4,32.76,0
427.07,32.68,0
431.27,32.39,0
426.93,32.69,0
429.07,32.54,0
436.27,32.13,0
436.4,32.1,0
439.87,31.86,0
420.33,32.96,0
421.07,33.75,0
413.13,34.17,0
399.13,34.94,0
399.2,35.07,0
420.27,34.03,0
421.67,34.68,0
417,35,0
424.73,34.62,0
430.13,34.31,0
437.93,33.88,0
419.6,32.66,0
429.53,32.49,0
440.67,32.58,0
439.6,32.57,0
438.87,32.57,0
432.2,32.73,0
429.6,32.71,0
424.47,32.76,0
432.87,32.45,0
431.6,32.48,0
432.33,32.37,0
425.13,32.8,0
424.33,32.88,0
424.6,32.86,0
427.8,32.66,0
422.07,32.96,0
417.33,33.29,0
419.53,33.92,0
417.93,34.07,0
423.93,34.46,0
435.47,33.92,0
427,32.88,0
430.6,32.64,0
433.6,32.83,0
432.4,32.85,0
427.13,32.95,0
422.2,32.94,0
429.13,32.81,0
428.47,32.87,0
428.93,33.12,0
429.87,33.12,0
430.2,32.99,0
419.47,33.06,0
418.53,33.1,0
419.47,33.06,0
420.93,32.99,0
421.27,32.98,0
421.13,32.93,0
425.33,33.88,0
421.07,34.11,0
410.13,34.74,0
411,35,0
432.27,34.11,0
434.2,34.01,0
434.6,33.98,0
432.6,34.06,0
431.93,33.83,0
446.2,33.18,0
458.13,32.37,0
459.53,32.24,0
456,32.46,0
449,32.76,0
448.13,32.78,0
384.4,32.75,0
426.13,32.94,0
448.8,33.07,0
446.53,33.17,0
446.93,33.08,0
445.67,33.13,0
446.73,33.06,0
445.33,33.06,0
437.87,33.44,0
425.47,34.14,0
424.73,34.17,0
428.53,34.05,0
432.27,33.83,0
430.07,33.95,0
429.73,33.99,0
427.47,34.1,0
432.6,33.82,0
440.6,33.37,0
450.87,32.72,0
422.2,32.88,0
411.73,32.6,0
407.87,32.78,0
408.87,32.71,0
409.6,32.78,0
407.47,32.93,0
408.67,32.88,0
409.8,32.84,0
409.13,32.87,0
407.73,32.86,0
409.87,32.83,0
407.8,32.92,0
440.47,32.32,0
429.27,32.86,0
419.93,33.33,0
418.2,33.39,0
421.07,33.22,0
404.4,33.52,0
399.33,33.87,0
404.13,33.65,0
406,33.6,0
409.67,33.4,0
437.2,31.81,0
427.8,32.28,0
435.27,32.37,0
405.13,32.23,0
403.53,32.28,0
407.87,32.18,0
410,32.14,0
429,32.86,0
415.2,33.69,0
406.73,34.1,0
403.93,34.29,0
406.73,34.18,0
407.27,34.12,0
398.73,34.69,0
413.33,33.99,0
423,34.01,0
440.47,32.93,0
442.73,32.8,0
434.2,33.22,0
434,33.21,0
404.87,32.93,0
409.53,32.75,0
404.93,32.95,0
407.07,32.98,0
405.73,33.05,0
429.6,32.95,0
428.53,32.99,0
425.2,33.16,0
422.2,32.88,0
399.47,33.22,0
395.2,33.59,0
392.8,33.71,0
424.2,33.84,0
423.4,33.88,0
426,33.6,0
426.6,33.6,0
425.87,33.56,0
406.53,33.51,0
408.93,33.38,0
410.2,33.04,0
420.53,32.5,0
386.6,32.27,0
389.67,32.15,0
365.33,32.11,0
428.6,32.44,0
421.07,32.24,0
419.71,32.32,0
422.47,32.1,0
424.07,32.04,0
414.93,32.49,0
424,33.05,0
420.67,33.3,0
416.2,33.54,0
417,33.5,0
416.53,33.54,0
415.6,33.63,0
407.6,34.08,0
440.6,32.18,0
442.73,31.91,0
447.07,31.58,0
436.13,32.17,0
429.73,32.52,0
386.07,32.33,0
438.2,32.33,0
432.73,32.24,0
431.4,32.24,0
429.93,32.35,0
410.47,32.78,0
401,33.35,0
431.47,32.73,0
428,33.1,0
409.53,34.1,0
409.87,34.17,0
441.2,33.39,0
419.8,33.34,0
389.8,33.09,0
391.87,33.05,0
391.93,33.16,0
395.27,33.08,0
422.93,32.84,0
451.47,32.97,0
440.6,33.22,0
423.13,33.84,0
419.13,34.05,0
418.53,34.11,0
424.33,33.79,0
422.13,33.91,0
412.33,34.44,0
411.93,34.5,0
419,34.1,0
428.27,33.55,0
421.47,31.96,0
421.93,31.93,0
399.2,31.82,0
399.13,31.88,0
385.67,32.68,0
420.6,32.88,0
420.13,32.88,0
419.4,32.9,0
424.53,32.6,0
421.87,32.73,0
420.6,33.5,0
427.53,33.52,0
423.67,33.73,0
418.33,34.07,0
419.47,34,0
415.4,34.27,0
416.2,34.17,0
424.2,33.75,0
412.8,33.15,0
419.87,32.73,0
409.2,32.71,0
406.87,32.86,0
422.87,32.01,0
421.67,32.03,0
411,32.7,0
410.87,32.84,0
418.8,33.63,0
416.47,33.95,0
437.13,33.7,0
434.73,33.78,0
432.47,33.9,0
424.4,33.71,0
423.87,33.63,0
422.67,33.65,0
413.8,33.51,0
417.4,33.38,0
424.6,33.07,0
422.8,31.95,0
414,31.76,0
417.67,31.55,0
402.53,32.44,0
403.47,32.48,0
404.53,32.45,0
417.93,32.37,0
421.87,32.14,0
438.4,33.52,0
418.8,33.96,0
416.67,34.11,0
416.87,34.12,0
430.07,33.97,0
423.47,34.34,0
428.8,34.07,0
394.4,32.84,0
435.33,33.14,0
436.33,33.07,0
434.87,33.18,0
435.33,33.14,0
439.33,32.97,0
440,32.94,0
440.27,32.87,0
439,32.94,0
447.2,32.97,0
447.93,32.93,0
430.6,33.59,0
437.6,33.59,0
431.73,33.94,0
439.33,33.5,0
0,0,0
0,0,0
0,0,0
0,0,0
0,0,0
0,0,0
0,0,0
0,0,0
0,0,0
0,0,0
0,0,0
0,0,0
0,0,0
0,0,0
0,0,0
0,0,0
0,0,0
0,0,0
0,0,0
0,0,0
0,0,0
0,0,0
0,0,0
0,0,0
0,0,0
0,0,0
0,0,0
0,0,0
0,0,0
0,0,0
0,0,0
0,0,0
0,0,0
0,0,0
0,0,0
0,0,0
0,0,0
0,0,0
0,0,0
0,0,0
0,0,0
0,0,0
0,0,0
0,0,0
0,0,0
0,0,0
0,0,0
0,0,0
0,0,0
0,0,0
0,0,0
0,0,0
0,0,0
0,0,0
0,0,0
0,0,0
0,0,0
0,0,0
0,0,0
0,0,0
0,0,0
0,0,0
0,0,0
0,0,0
0,0,0
0,0,0
0,0,0
0,0,0
0,0,0
0,0,0
0,0,0
0,0,0
0,0,0
0,0,0
0,0,0
0,0,0
0,0,0
0,0,0
0,0,0
0,0,0
0,0,0
0,0,0
0,0,0
0,0,0
0,0,0
0,0,0
0,0,0
0,0,0
0,0,0
0,0,0
0,0,0
0,0,0
0,0,0
0,0,0
0,0,0
0,0,0
0,0,0
0,0,0
0,0,0
0,0,0
0,0,0
0,0,0
0,0,0
0,0,0
0,0,0
0,0,0
0,0,0
0,0,0
0,0,0
0,0,0
0,0,0
0,0,0
0,0,0
0,0,0
0,0,0
0,0,0
0,0,0
0,0,0
0,0,0
0,0,0
0,0,0
0,0,0
0,0,0
0,0,0
0,0,0
0,0,0
0,0,0
0,0,0
0,0,0
0,0,0
0,0,0
0,0,0
0,0,0
0,0,0
0,0,0
0,0,0
0,0,0
0,0,0
0,0,0
0,0,0
0,0,0
0,0,0
0,0,0
0,0,0
0,0,0
0,0,0
0,0,0
0,0,0
0,0,0
0,0,0
0,0,0
0,0,0
0,0,0
0,0,0
0,0,0
0,0,0
0,0,0
0,0,0
0,0,0
0,0,0
0,0,0
0,0,0
0,0,0
0,0,0
0,0,0
0,0,0
0,0,0
0,0,0
0,0,0
0,0,0
0,0,0
0,0,0
0,0,0
0,0,0
0,0,0
0,0,0
0,0,0
0,0,0
0,0,0
0,0,0
0,0,0
0,0,0
0,0,0
0,0,0
0,0,0
0,0,0
0,0,0
0,0,0
0,0,0
0,0,0
0,0,0
0,0,0
0,0,0
0,0,0
0,0,0
0,0,0
0,0,0
0,0,0
0,0,0
0,0,0
0,0,0
0,0,0
0,0,0
0,0,0
0,0,0
0,0,0
0,0,0
0,0,0
0,0,0
0,0,0
0,0,0
0,0,0
0,0,0
0,0,0
0,0,0
0,0,0
0,0,0
0,0,0
0,0,0
0,0,0
0,0,0
0,0,0
0,0,0
0,0,0
0,0,0
0,0,0
0,0,0
0,0,0
0,0,0
0,0,0
0,0,0
0,0,0
0,0,0
0,0,0
0,0,0
0,0,0
0,0,0
0,0,0
0,0,0
0,0,0
0,0,0
431.07,32.73,0
433,32.6,0
432.93,32.56,0
430.93,32.65,0
433.47,32.52,0
420.87,32.2,0
423.67,32.14,0
429.07,31.91,0
428,31.96,0
430.13,34.11,0
439.6,33.52,0
440,33.56,0
434.93,33.78,0
431.33,34.03,0
431.53,34.07,0
421.2,34.67,0
422.13,34.64,0
422.73,34.64,0
446.87,33.14,0
452.67,32.73,0
450.93,32.74,0
446.67,32.9,0
423.13,32.59,0
421.07,32.79,0
421.67,32.76,0
421.87,32.73,0
428.2,32.45,0
427.67,32.49,0
428.67,32.44,0
436.07,32.02,0
438.93,31.8,0
426.53,32.56,0
429.6,34.03,0
431,33.95,0
430.2,34.05,0
436.13,33.72,0
430.6,34,0
434.47,33.82,0
429.87,33.97,0
304.93,33.07,0
397.47,32.65,0
236.2,31.71,0
283.07,30.78,0
273.4,31.54,0
274,31.43,0
276.13,31.33,0
274.87,31.39,0
257.67,31.01,0
243.07,31.95,0
247.4,31.68,0
267.8,32.16,0
261.53,32.67,0
245.67,32.53,0
236.73,32.47,0
263.93,32.61,0
259,33.02,0
264.13,32.54,0
269.4,32.07,0
256,32.09,0
254.47,32.19,0
254.93,32.18,0
261,31.71,0
261.8,31.63,0
257.33,31.93,0
253.53,32.29,0
253.73,32.28,0
251.67,32.42,0
247.4,32.8,0
241.53,33.24,0
270.67,33,0
268.13,33.2,0
261.6,33.69,0
258.53,33.95,0
260.07,33.84,0
261.87,33.67,0
262.07,33.68,0
268.33,33.1,0
245.87,32.81,0
252.53,32.41,0
252.4,32.43,0
250.67,32.56,0
261.93,32.68,0
264.6,32.48,0
289.87,32.59,0
294.53,32.63,0
293.6,32.67,0
293.2,32.63,0
285.93,33.28,0
285.93,33.23,0
284.67,33.31,0
236.4,33.26,0
238.33,33.2,0
238,33.31,0
262.87,32.64,0
301.87,31.69,0
283.73,31.17,0
280.53,31.5,0
272.67,32.18,0
279,31.56,0
281.87,31.29,0
271.2,32.18,0
254.47,31.95,0
261.27,31.53,0
256.67,31.85,0
256.6,31.88,0
255.27,31.98,0
252.2,32.16,0
255.13,32.03,0
266.27,31.94,0
270.8,31.78,0
268,32,0
265.93,32.16,0
264.67,32.22,0
264.87,32.31,0
256.73,32.97,0
254.73,33.13,0
269.4,33.43,0
267.87,33.54,0
268.87,33.47,0
270.07,33.35,0
268.27,33.48,0
258.53,31.75,0
277.53,31.24,0
278.93,31.07,0
269.13,31.87,0
259.6,32.12,0
258.67,32.2,0
257.47,32.29,0
258.67,32.2,0
264,31.86,0
257.93,32.02,0
263.2,32.24,0
263,32.44,0
258.73,32.77,0
253.27,33.24,0
279.07,32.93,0
280.4,32.78,0
259.4,32.56,0
263.53,32.29,0
265.27,31.93,0
263.53,31.22,0
259.07,30.74,0
253.47,31.45,0
259.8,32.17,0
260.8,32.11,0
263.2,31.97,0
263.73,31.89,0
267.6,31.56,0
257.07,32.43,0
256.67,32.49,0
253.73,32.72,0
282.33,33.2,0
282.4,33.16,0
278.87,33.48,0
283.8,32.85,0
281.73,33.02,0
248,32.35,0
253.07,31.61,0
249.07,31.94,0
251.93,31.73,0
259.07,31.2,0
251.6,31.8,0
265.53,30.74,0
260,32.24,0
261.8,32.1,0
285.93,33.1,0
284.6,33.22,0
286.53,32.97,0
287.4,32.89,0
264.67,32.9,0
252.67,32.89,0
252.4,32.96,0
254.53,32.82,0
255,32.8,0
253.87,31.61,0
262.27,30.97,0
319.8,31.56,0
258.73,31.41,0
258.6,31.4,0
259.4,31.39,0
259.07,31.44,0
255.93,31.67,0
254.33,31.78,0
265.07,31.71,0
257,32.35,0
259.4,32.16,0
255.87,32.46,0
254.87,32.57,0
283.93,33.11,0
282.53,33.24,0
279.6,33.47,0
268.53,33.37,0
277,31.15,0
280.2,30.85,0
279,30.91,0
255.93,31.93,0
255.67,31.83,0
259.4,31.57,0
253.8,31.65,0
271.2,31.33,0
268.8,31.5,0
268.07,31.59,0
268.6,31.55,0
264.53,31.86,0
265.67,31.79,0
263.73,31.96,0
258.93,32.33,0
258.67,32.42,0
275.47,32.71,0
272.2,33.37,0
275.93,33.03,0
278.33,32.88,0
273.07,33.26,0
268.13,33.66,0
266.07,33.84,0
247.73,34.2,0
238.8,34.11,0
288.27,32.07,0
292,31.65,0
282.53,32.42,0
272.8,32.46,0
254,32.3,0
256.2,32.29,0
255.13,32.32,0
259.13,32.03,0
258.4,32.07,0
257.86,32.16,0
281.6,33.1,0
281,33.01,0
275.8,33.44,0
255.8,33.64,0
259.33,32.97,0
262.07,32.78,0
275.07,31.65,0
268,32.27,0
268.27,32.26,0
267.73,32.07,0
254.67,31.95,0
253.93,32.05,0
253.13,32.09,0
76.87,31.11,0
244.6,31.63,0
240.93,31.92,0
242.47,31.93,0
246.6,31.65,0
247.93,31.56,0
251,31.35,0
249.07,31.46,0
267.07,31.61,0
272.13,31.79,0
260.07,32.72,0
256.47,33.04,0
261.67,32.86,0
283.27,33.53,0
279.87,33.83,0
280,33.78,0
252.2,34.18,0
255.67,32.26,0
255.67,32.28,0
264.8,31.61,0
265.4,31.56,0
254.93,32.35,0
260.07,32,0
261.53,31.88,0
260.47,31.95,0
260.53,31.95,0
259.27,32.05,0
261,31.96,0
259.6,32.07,0
260.4,32.03,0
261.6,31.95,0
263.13,31.82,0
260.13,32.07,0
262.6,31.86,0
256.93,31.93,0
276.73,33.63,0
276.53,33.65,0
277.27,33.49,0
266.93,33.44,0
259.93,33.54,0
253.4,33.52,0
254.93,33.41,0
255.2,33.39,0
267.2,32.43,0
258.13,32.11,0
260.8,31.91,0
265.27,31.6,0
257.13,32.25,0
256.87,32.29,0
260.87,32.05,0
260.53,32.07,0
262.2,31.94,0
274.87,31.86,0
272.47,32.07,0
274.33,33.01,0
285.27,32.83,0
280.27,33.2,0
271,33.99,0
268.6,34.16,0
259.93,34.23,0
264.93,33.52,0
267,33.33,0
264.53,33.55,0
256.27,32.39,0
257.07,32.31,0
259.87,32.14,0
260.2,32.11,0
264.6,31.78,0
263.47,31.83,0
261.73,32.04,0
262.27,31.97,0
259.27,32.09,0
260.53,32.15,0
279.2,33.5,0
279,33.48,0
281.27,33.21,0
271.13,34,0
263.2,33.93,0
267.93,33.32,0
273.6,32.79,0
259.2,31.69,0
261.8,31.33,0
260.73,31.41,0
259.27,31.52,0
262.27,31.36,0
255,31.9,0
258.67,31.67,0
260.53,31.52,0
260.6,31.52,0
261.47,31.46,0
259.67,31.55,0
260,31.58,0
257.93,31.76,0
261.8,31.51,0
253.73,31.85,0
253.13,31.88,0
267.67,32.09,0
268.73,32.05,0
264.8,33.26,0
257.47,33.88,0
255,34.05,0
252.93,34.24,0
256.67,34.05,0
254.07,34.28,0
260.2,33.8,0
264.47,33.44,0
291,31.82,0
243.87,31.48,0
256.8,31.73,0
255.87,31.82,0
255.13,31.92,0
261.4,31.48,0
262.13,31.46,0
254.27,31.9,0
272.67,32.71,0
271.8,32.72,0
261.73,33.61,0
259,33.86,0
258.33,33.93,0
255,34.21,0
254,34.27,0
254,34.34,0
273.93,34.45,0
273.47,34.56,0
240.67,33.2,0
267.6,32.22,0
283,30.78,0
280.27,30.99,0
283.47,30.71,0
258.67,32.2,0
259.67,32.17,0
258.07,32.27,0
258.07,32.28,0
260.2,32.1,0
262.6,31.95,0
288.07,32.04,0
284.13,32.32,0
268.33,32.61,0
267.47,32.73,0
257,33.65,0
257.27,33.66,0
259.13,33.5,0
261.27,33.42,0
261.6,33.44,0
258.27,33.71,0
267.6,32.95,0
278.6,31.92,0
270.07,32.54,0
269.93,32.54,0
270.8,32.45,0
260.53,32.54,0
261.6,32.42,0
261.2,32.44,0
265.4,32.12,0
265.07,32.16,0
263.93,32.21,0
261.93,32.41,0
251.07,33.3,0
267.07,33.9,0
264.73,34.13,0
270.07,33.63,0
270.13,33.62,0
251.27,33.09,0
251.87,32.99,0
260.67,32.37,0
261.8,32.33,0
263.6,32.18,0
263.33,32.2,0
262.2,32.27,0
262.87,32.19,0
264.13,32.19,0
264.6,32.49,0
265.6,32.41,0
276.4,32.35,0
276.6,32.34,0
242.73,33.17,0
244.87,33.1,0
262.07,33.8,0
268.47,33.6,0
271.33,33.54,0
281.07,32.6,0
259.07,32.49,0
263.87,32.09,0
265,32.03,0
260.53,32.37,0
260.27,32.37,0
266.87,31.84,0
253.73,32.91,0
269.4,33.37,0
268.27,33.52,0
268.6,33.44,0
268.87,33.39,0
272.93,33.03,0
265.73,32.99,0
261.8,32.92,0
265.73,32.64,0
263.67,32.76,0
264.73,32.61,0
265.5,32.59,0
244.93,32.62,0
258.8,32.65,0
259.6,32.55,0
259.4,32.6,0
260.73,32.56,0
265.27,32.19,0
273.13,32.48,0
276.4,32.2,0
272.73,32.5,0
266.53,33.01,0
262.93,33.34,0
262.73,33.34,0
258.6,33.69,0
254.87,34.03,0
263.2,33.36,0
265.8,33.13,0
270,32.76,0
272.73,32.52,0
270.07,32.72,0
270.4,32.64,0
270.6,32.61,0
271.4,32.48,0
269.93,32.5,0
273.07,32.35,0
263.8,32.37,0
273.4,32.49,0
264.53,32.07,0
256.8,32.43,0
258.47,33.85,0
248.47,34.82,0
266.93,34.2,0
270.67,33.86,0
268.27,34.07,0
269.27,33.95,0
272.33,33.63,0
0,30.37,0
0,30.24,0
236.4,31.9,0
264.27,32.33,0
264.2,32.35,0
263.47,32.42,0
263.4,32.44,0
260.13,32.16,0
258.47,32.3,0
256.07,32.52,0
270.87,33.87,0
269,34.04,0
277.4,33.27,0
274.27,33.5,0
250.13,33.8,0
258.13,33.88,0
265.8,33.29,0
266.8,33.19,0
270.13,32.86,0
275,32.35,0
240.8,32.66,0
262.2,32.7,0
293.87,32.76,0
294,32.72,0
293.6,32.63,0
262,32.18,0
259.27,32.59,0
254.6,33.54,0
256,33.49,0
250.47,33.93,0
253.33,33.73,0
251.13,33.92,0
281.4,33.33,0
271.93,32.58,0
249.53,32.37,0
246.33,32.58,0
249.47,32.44,0
249.6,32.44,0
251.13,32.37,0
261.07,32.56,0
260.93,32.57,0
262.13,32.5,0
263,32.43,0
268,32.06,0
266.07,32.2,0
267.27,32.12,0
263.27,32.38,0
252.73,33.25,0
275.4,33.36,0
275.4,33.35,0
275.6,33.29,0
257.6,32.86,0
257.6,32.87,0
260.2,32.67,0
260.53,32.7,0
260.47,32.75,0
270.6,32.84,0
271.53,32.77,0
234.87,32.74,0
284.33,32.73,0
282.6,32.8,0
282.27,32.78,0
281.87,32.79,0
245.47,32.68,0
258.53,33.8,0
257.07,33.95,0
258.07,33.86,0
259.4,33.8,0
265.93,33.22,0
264.2,33.37,0
254.87,34.12,0
275.67,32.33,0
270.6,30.78,0
259.27,30.59,0
258.67,30.68,0
248.47,32.59,0
251,32.51,0
284.47,32.54,0
286.53,32.47,0
279.87,32.95,0
273.6,33.41,0
267.4,33.97,0
264.27,34.22,0
269.67,33.77,0
268.6,31.9,0
253.53,31.04,0
254.87,30.95,0
279.53,29.96,0
274.47,30.37,0
251.27,32.24,0
242.6,32.14,0
273.13,32.23,0
275.8,32.2,0
274.53,32.3,0
276.27,32.16,0
274.87,32.25,0
276.87,31.99,0
229.27,32.75,0
233.93,32.44,0
233.27,32.56,0
231.87,32.76,0
244.93,33.03,0
276.93,33.18,0
277.4,33.18,0
273.33,33.46,0
269.27,33.8,0
269.27,33.78,0
264.33,30.8,0
244.87,31.76,0
270.67,32.15,0
264.87,32.48,0
262.27,30.28,0
258.4,30.59,0
260.67,32.24,0
257.6,32.6,0
256.73,32.7,0
285.4,32.95,0
280.8,33.33,0
279.87,33.39,0
279.47,33.35,0
277.53,33.55,0
251.6,33.85,0
275.13,29.58,0
252.47,31.41,0
260.07,31.74,0
261.73,31.6,0
263.53,31.49,0
259.6,31.78,0
268.13,32.08,0
268.07,32.08,0
268.13,32.1,0
268.13,32.11,0
268.4,32.1,0
264.6,32.39,0
263.47,32.33,0
263.93,32.47,0
259.87,32.81,0
259.87,32.91,0
260.8,32.82,0
257.33,33.14,0
269.87,33.68,0
274.13,33.91,0
271.93,34.09,0
273.87,33.95,0
275.2,33.79,0
290.07,32.44,0
289.93,31.48,0
282.67,30.27,0
267.67,32.37,0
278.27,32.5,0
281.33,32.61,0
281.47,32.55,0
278.2,32.41,0
257.93,32.68,0
283.4,32.93,0
268.33,34.17,0
270.4,33.99,0
272.6,33.79,0
271.33,33.85,0
270.8,33.9,0
266.87,34.23,0
265.87,34.33,0
263.93,34.47,0
263.47,33.66,0
260.33,33.69,0
266.67,33.18,0
270.2,32.87,0
246.2,32.72,0
246.87,32.61,0
242.07,32.99,0
244.33,32.8,0
245.07,32.73,0
251,32.25,0
254.27,31.39,0
246.87,31.39,0
259.4,31.43,0
266.27,30.95,0
268.67,30.73,0
261.6,31.3,0
259.4,31.41,0
259.07,31.44,0
263.87,31.59,0
242,32.84,0
237.8,33.29,0
253.13,33.22,0
252.07,33.35,0
266.47,34.17,0
266.07,34.19,0
264.8,34.29,0
284.53,32.39,0
280.07,32.76,0
252.33,32.22,0
244.8,32.86,0
256.93,32.93,0
258.13,32.88,0
278.53,31.52,0
282.93,30.53,0
255.4,32.69,0
254.93,32.73,0
246.93,33.4,0
250.73,33.1,0
274.47,33.54,0
280.93,33.22,0
279.13,33.36,0
281.07,33.18,0
303.47,30.98,0
250.8,30.46,0
253.6,30.29,0
245.53,30.9,0
235.8,31.75,0
264.47,31.71,0
275.47,30.35,0
283.13,29.77,0
268.13,31.71,0
259.47,32.49,0
252.8,33.02,0
250.73,33.33,0
279.87,33.76,0
279.07,33.82,0
276.8,30.45,0
256.8,32.06,0
250.6,31.54,0
239.33,32.46,0
263.67,30.27,0
272.87,29.52,0
270.8,29.63,0
267.27,31.9,0
262.07,32.31,0
255,32.86,0
261.07,33.24,0
277,33.08,0
273.47,33.35,0
273.27,33.31,0
273.67,33.28,0
272.33,33.38,0
273.47,33.24,0
278.8,32.7,0
273.4,32.67,0
257.07,32.51,0
256.93,32.51,0
258,32.49,0
256.4,32.71,0
255.93,32.69,0
256.4,32.69,0
257.07,32.71,0
275.4,30.13,0
269.2,30.19,0
259.07,32.46,0
254.87,32.8,0
254.2,32.9,0
250.4,33.31,0
250.8,33.3,0
249.47,33.45,0
247.93,33.59,0
263.8,34.31,0
285.27,33.27,0
271.13,32.22,0
255.07,31.93,0
239.8,31.75,0
241.27,31.75,0
239.67,31.97,0
286.4,32.16,0
262.6,32.09,0
262.47,32.13,0
264.27,31.97,0
261.27,32.2,0
262.73,32.12,0
256.27,32.63,0
255.67,32.71,0
249.67,33.23,0
244.07,33.71,0
264.67,34.1,0
262.07,34.31,0
265.53,33.07,0
265.53,33.1,0
268.2,32.84,0
275.93,32.09,0
278.27,31.9,0
273.07,32.19,0
271,32.38,0
270.73,32.34,0
271.07,32.29,0
264.33,31.86,0
249.33,32.35,0
240.2,33.11,0
266.6,33.03,0
260.93,33.56,0
258.2,33.78,0
258.27,33.79,0
257.33,33.9,0
273.93,33.36,0
268.67,30.92,0
272.93,30.47,0
257.53,32.76,0
255.73,32.91,0
255.67,32.93,0
254.87,32.97,0
254.93,33.03,0
277.6,31.21,0
262.13,32.34,0
260.6,32.47,0
256.67,33.91,0
252.47,34.26,0
266.33,34.12,0
272.2,33.58,0
263.8,32.31,0
268.8,31.44,0
277.73,31.06,0
284.07,30.53,0
258.93,32.68,0
260.2,32.55,0
259,32.6,0
275.4,31.44,0
282.73,30.71,0
277.93,30.99,0
277.4,33.12,0
270.53,33.63,0
269.4,33.73,0
274.53,33.29,0
273.33,33.41,0
290.4,30.89,0
266.47,30.98,0
254.93,31.9,0
253.27,32.04,0
253.33,32.09,0
252.33,32.12,0
252.33,32.23,0
252.73,32.27,0
253.6,32.24,0
280,30.03,0
258.87,31.8,0
264.4,32.18,0
275.13,33.36,0
267.93,33.98,0
268.27,33.94,0
265.13,34.2,0
264.47,34.27,0
264,34.29,0
271.67,33.65,0
273.2,33.5,0
261,31.51,0
269.93,30.8,0
270.67,30.72,0
251.2,32.33,0
252.4,32.24,0
251.93,32.32,0
255.27,32.12,0
285.73,30.46,0
284,30.29,0
283.73,30.46,0
261.33,32.41,0
260.07,32.55,0
257.87,32.71,0
257.87,32.79,0
262.87,33.53,0
267.73,33.77,0
271.67,33.5,0
269.93,33.62,0
270.13,33.56,0
261.6,30.99,0
264.73,30.71,0
249.73,32.34,0
253.33,32.22,0
296.73,31.01,0
263.78,31.01,0
263.2,32.15,0
252.13,32.03,0
246.73,32.47,0
262.53,33.48,0
269.33,33.86,0
275.13,33.31,0
272.6,33.51,0
275.07,33.3,0
275.27,33.25,0
271.53,33.54,0
277.33,33.02,0
277.13,32.97,0
279.73,32.71,0
277.67,32.86,0
231,32.67,0
231.87,32.66,0
229.47,32.84,0
233.2,32.81,0
298.07,31.37,0
301.2,31.05,0
280.47,31.1,0
280.93,30.57,0
256.47,32.84,0
255.73,32.86,0
253.27,34.18,0
256.67,34.64,0
267.87,33.98,0
267.13,34.08,0
269.2,33.86,0
164.27,32.97,0
219.47,33.1,0
272.6,33.56,0
271.6,33.64,0
270.4,33.74,0
245.73,31.19,0
279.6,31.55,0
268.93,33.77,0
268.2,33.82,0
270.13,33.71,0
265.87,34.07,0
270.73,33.67,0
263.53,33.39,0
275.4,32.33,0
255.67,32.93,0
258.27,32.84,0
257.87,32.88,0
258.6,32.78,0
257.93,32.82,0
269.73,31.86,0
270.47,31.78,0
274.53,31.41,0
270.8,31.33,0
269.47,31.24,0
272.47,30.96,0
272.4,30.9,0
275.73,30.69,0
254,32.39,0
243.73,32.35,0
246.8,32.72,0
274.53,33.49,0
276.73,33.24,0
277,33.18,0
260.93,33.16,0
266.73,32.54,0
268.87,32.33,0
279.2,31.37,0
253.53,32.51,0
255.73,32.33,0
255,32.41,0
248.47,33.07,0
247.8,33.14,0
247.53,33.12,0
248.47,33.16,0
281.87,30.97,0
279.4,31.12,0
276.73,31.27,0
260.47,32.74,0
259.13,33.71,0
269.07,32.99,0
276.4,32.29,0
280.4,31.91,0
280.07,31.92,0
261.87,32.01,0
260.6,32.12,0
261.6,32.01,0
255.53,32.52,0
253.93,32.66,0
253,32.78,0
254.8,32.69,0
283,31.8,0
294.6,30.53,0
295.8,30.33,0
289.4,30.2,0
243.87,32.71,0
244.87,32.77,0
241.47,33.12,0
273.07,33.65,0
273.67,33.59,0
272.6,33.57,0
250.93,33.2,0
240.93,32.99,0
238.33,33.18,0
239.67,33.06,0
263.6,31.18,0
268,30.74,0
182.13,29.77,0
241.47,31.83,0
238,32.12,0
251.07,33.05,0
262.13,32.21,0
261.67,32.22,0
260.07,32.32,0
258.47,32.44,0
256.27,32.58,0
255.13,32.67,0
257.2,32.55,0
254.6,32.35,0
286,30.05,0
273.53,30.1,0
251.87,32.05,0
253.73,31.98,0
266.53,32.14,0
252.2,32.07,0
250.67,32.23,0
271.8,30.64,0
274.33,30.38,0
277.6,30.2,0
254.2,32.05,0
253.8,32.17,0
246.8,32.78,0
266.87,33.08,0
267.13,33.2,0
266.6,33.24,0
271.73,32.79,0
267.27,33.21,0
269.73,33.02,0
274.47,32.54,0
274.47,32.56,0
271.53,32.65,0
271.27,32.63,0
266.33,33.02,0
273.6,30.84,0
271.67,30.95,0
275,30.7,0
274.93,30.64,0
273.2,30.73,0
270.93,30.97,0
271.13,30.97,0
246.13,32.99,0
255,32.34,0
255.07,32.43,0
240,33.6,0
238.47,33.75,0
248.93,33.13,0
239.47,33.84,0
269.87,33.4,0
274.27,32.92,0
273.67,32.9,0
270.73,33.08,0
271.07,31.48,0
274.13,31.2,0
273.8,31.17,0
245.8,33.7,0
269.6,33.75,0
276.6,31.12,0
264.27,30.78,0
265.67,30.52,0
261.2,30.67,0
263.93,30.44,0
263.6,30.44,0
261.2,31.67,0
259.13,31.78,0
258.73,31.8,0
260,31.88,0
239.6,32.63,0
272.53,29.8,0
232.53,32.12,0
254.13,32.64,0
250,32.91,0
247.73,33.17,0
274.07,32.62,0
278.8,30.68,0
272.67,30.34,0
269.8,30.63,0
271,30.51,0
251.93,32.01,0
247.87,32.33,0
249,32.26,0
247.53,32.39,0
256.8,32.39,0
252.8,32.76,0
259.8,32.17,0
264.93,31.05,0
270,29.8,0
269.6,29.44,0
275.27,29.29,0
250.33,31.27,0
246.33,31.61,0
264.73,33.4,0
263,33.5,0
266.27,33.22,0
267.27,33.18,0
272.6,30.59,0
262.87,31.29,0
250.13,32.3,0
251.8,32.2,0
251.93,32.22,0
251.4,32.32,0
249.27,32.48,0
282.07,29.66,0
286,29.22,0
285,29.32,0
257.2,31.67,0
255.07,31.84,0
248.93,32.37,0
248.6,32.46,0
244.6,32.72,0
245.87,32.67,0
243.87,32.82,0
244.93,32.81,0
244,32.88,0
243.07,32.97,0
241.2,33.14,0
242.93,33.03,0
254,33.27,0
264.6,32.44,0
268.2,31.87,0
268.13,31.82,0
265.67,31.97,0
265.2,32.01,0
263.4,32.15,0
261.93,32.16,0
245.6,32.58,0
262.93,30.76,0
267.73,29.86,0
248.2,31.4,0
257.53,32.31,0
257.87,32.27,0
264.67,32.75,0
284.47,31.03,0
273.87,30.78,0
261.93,31.82,0
253.47,32.48,0
251.47,32.65,0
262.27,30.84,0
264.27,30.63,0
261.8,32.46,0
253.73,33.09,0
245.6,33.76,0
248.87,33.57,0
255.47,33.72,0
299.67,29.69,0
299.93,29.66,0
302.07,29.36,0
272.4,31.84,0
273.33,31.76,0
272.6,31.8,0
259.47,31.78,0
254.8,31.77,0
272.07,30.42,0
232.07,31.61,0
229.13,31.9,0
229.47,32.02,0
250.87,33.44,0
249.53,33.52,0
246.2,33.87,0
243.67,34.05,0
262.8,32.52,0
264.67,32.38,0
264.07,32.43,0
262.4,32.52,0
260.07,32.69,0
257.4,32.92,0
257.8,32.89,0
256.93,32.91,0
281.6,30.78,0
278.87,30.94,0
264.6,32.15,0
249.27,33.45,0
246.47,33.67,0
242.8,33.99,0
249.67,33.53,0
250,33.51,0
247.07,33.76,0
279.6,33.87,0
274.67,32.27,0
277.6,31.98,0
262.47,31.65,0
253.8,31.79,0
258.67,30.64,0
259.13,30.61,0
241.53,31.97,0
241.93,32,0
239.67,32.16,0
240.93,32.1,0
264.87,32.37,0
263.53,30.93,0
271.33,30.3,0
270.8,30.33,0
249.87,31.88,0
238.33,32.89,0
289.33,33.6,0
287.33,33.71,0
276.47,33.7,0
270.47,34.17,0
269.2,34.33,0
261,30.61,0
263.47,30.38,0
260.93,30.56,0
234,32.62,0
235.27,32.54,0
243.33,32.05,0
244.07,31.99,0
246.2,31.95,0
251.73,32.07,0
262.8,32.4,0
273.27,32.27,0
250.13,31.46,0
254,31.2,0
266.87,30.21,0
258.6,30.44,0
238.33,32.33,0
285.8,32.71,0
284.07,32.76,0
280.53,32.8,0
249.87,33.64,0
254.8,33.3,0
253.93,33.33,0
259.2,32.95,0
259.67,32.89,0
260.2,30.52,0
260.6,30.48,0
259.73,30.58,0
260.6,30.52,0
241.67,31.93,0
243.4,31.95,0
240.93,32.24,0
264.87,30.37,0
250.6,31.44,0
248.6,31.56,0
248.07,32.03,0
257.87,32.33,0
270.6,33.24,0
267.2,34.36,0
267.87,34.29,0
255.67,34.35,0
257.53,34.2,0
262.53,33.82,0
264.8,33.5,0
273,31.78,0
267.73,30.38,0
262.2,30.14,0
261.93,30.21,0
254.13,30.79,0
233.33,32.67,0
293.4,29.66,0
249.13,32.08,0
248.67,32.81,0
261.93,33.31,0
267.2,30.47,0
262.47,30.34,0
261.67,30.4,0
241.07,31.96,0
241.33,31.99,0
242.8,31.9,0
242.87,31.9,0
243.73,31.82,0
243.13,31.9,0
250.33,32.52,0
247.13,32.75,0
256.6,33.03,0
258.13,32.96,0
274.67,31.52,0
261.87,30.17,0
266.93,30.09,0
240.47,32.13,0
234.93,32.61,0
263.4,32.8,0
268.73,33.07,0
269.87,32.96,0
266.87,33.21,0
266.8,33.18,0
262.27,33.57,0
262.07,33.59,0
255.13,34.16,0
235.2,33.77,0
284.13,29.54,0
285.07,29.41,0
242.87,32.34,0
245.07,32.27,0
243.4,32.41,0
245.6,32.28,0
257.87,32.44,0
272.87,31.49,0
279.13,30.85,0
276.33,30.77,0
273.8,30.7,0
262.53,31.16,0
272.07,32.43,0
246.73,33.49,0
246.53,33.69,0
249.87,33.54,0
281.53,29.8,0
260.93,31.48,0
252.47,32.15,0
253.13,32.14,0
253.13,32.1,0
275.53,32.36,0
253.33,32.16,0
247.4,32.61,0
247.27,32.68,0
289.2,32.62,0
266,31.03,0
266.4,31.01,0
254.6,31.9,0
245.47,32.67,0
252.33,33.88,0
249.93,34.03,0
250.6,34.04,0
254,33.72,0
251.2,34.01,0
251.87,33.95,0
256.4,33.39,0
258.13,31.34,0
246.87,32.21,0
256.8,31.4,0
262.53,30.97,0
248.6,31.99,0
241.67,32.62,0
242.87,32.52,0
245.13,32.37,0
244.27,32.41,0
245.6,32.32,0
263.67,32.84,0
262.07,30.95,0
266.13,30.6,0
271.93,29.9,0
268.6,30.32,0
272.4,30.07,0
243.4,32.28,0
240.87,32.46,0
250.73,33.81,0
251.33,33.77,0
248.4,34.05,0
257.53,34.17,0
260.27,34.43,0
260.53,34.42,0
260.2,33.46,0
260.07,33.47,0
262.73,31.28,0
254.8,30.78,0
254.47,30.82,0
258.93,30.5,0
259.4,30.48,0
232.2,32.61,0
232.6,32.6,0
232.47,32.72,0
249.67,32.71,0
252.4,32.86,0
266.13,32.74,0
289.33,33.14,0
249.93,31.86,0
263.47,30.86,0
272.27,30.06,0
248.53,31.9,0
249.27,31.89,0
244,32.35,0
254.33,33.5,0
257.87,33.26,0
256.13,33.39,0
256.8,33.18,0
259.27,33.14,0
260.13,33.07,0
257.73,33.27,0
256.73,33.33,0
253.53,33.59,0
253.67,33.59,0
260.6,31.63,0
255.27,31.76,0
261.47,31.22,0
262.53,31.16,0
259.93,31.31,0
267.73,30.02,0
265.73,30.15,0
248.53,33.05,0
262.87,33.48,0
266.8,33.17,0
261.4,33.6,0
260,33.72,0
257.93,33.95,0
259.67,33.8,0
261.13,33.64,0
265.13,33.24,0
266.87,33.12,0
247.47,33.37,0
246.33,33.39,0
264.53,30.97,0
264.13,31.01,0
262.8,31.03,0
266.13,30.76,0
267.47,30.64,0
268.73,30.48,0
271.33,30.28,0
274.6,29.95,0
276.2,29.83,0
275.2,29.88,0
259.47,31.08,0
251.67,31.76,0
256.87,33.42,0
250.67,33.35,0
254.07,33.05,0
257.33,32.82,0
264,30.12,0
239.6,32.12,0
238.8,32.22,0
237.13,32.37,0
238.87,32.27,0
238.13,32.33,0
263.93,32.41,0
263.07,32.5,0
260.4,32.69,0
281.13,30.88,0
279.53,30.99,0
241.07,32.37,0
253.4,33.53,0
254.93,33.42,0
258.53,33.11,0
252,33.66,0
249.53,33.88,0
248.07,34.01,0
254.33,34.5,0
256.47,34.71,0
257.8,34.62,0
262.53,34.24,0
262.6,34.22,0
240.93,32.91,0
240.73,32.99,0
270.2,31.85,0
270.07,31.8,0
272.8,31.35,0
258.2,31.18,0
260.67,30.99,0
259.8,31.01,0
258.27,31.16,0
245.33,33.29,0
243.8,33.46,0
241.6,33.63,0
240.47,33.69,0
240.33,33.75,0
237.67,34.01,0
236.2,33.97,0
251.93,33.99,0
258.4,33.25,0
258.8,33.27,0
256.27,33.43,0
246.2,32.18,0
247.53,32.05,0
251.07,31.79,0
176.73,30.02,0
228.2,33.41,0
236.73,32.8,0
235,32.95,0
234.4,33.17,0
248.27,33.09,0
250.13,32.94,0
251.07,32.85,0
264.73,32.97,0
275.33,32.96,0
274.4,32.9,0
270.53,33.18,0
259.93,33.1,0
265.13,33.59,0
241.33,33.49,0
251.4,32.02,0
267.27,30.47,0
271.47,30.09,0
276.07,29.67,0
276.2,29.65,0
275.07,29.69,0
243.53,32.31,0
256.47,32.92,0
254.07,33.11,0
261.4,33.48,0
262.33,33.4,0
255.47,33.93,0
267.27,33.16,0
264,31.05,0
251.93,32.55,0
248.47,32.8,0
249.07,32.82,0
248.6,32.84,0
259.47,31.38,0
257.33,31.11,0
267.47,29.89,0
267.67,29.86,0
253.67,32.58,0
251.8,32.45,0
235.73,32.94,0
240.87,32.65,0
241.93,32.65,0
263.07,32.82,0
274.8,33.05,0
273.67,33.09,0
273.79,33.22,0
260.8,31.61,0
267.33,32.42,0
265.13,32.53,0
238.93,32.86,0
256.33,31.56,0
276.13,29.9,0
244.53,32.55,0
242.87,32.65,0
242.13,32.84,0
256.4,33.88,0
259.4,33.67,0
293.47,33.44,0
251.07,32.62,0
253.2,32.52,0
253.53,32.5,0
253.47,32.51,0
250.8,32.76,0
246.2,33.14,0
245.13,33.25,0
261.93,33.92,0
260.27,31.73,0
257.73,31.2,0
255.6,30.93,0
242.33,31.94,0
230.13,32.94,0
230.93,32.89,0
234.8,32.65,0
268.33,33.11,0
265.2,33.31,0
264.13,33.37,0
263.27,33.43,0
260.27,33.69,0
254.73,34.07,0
276.07,32.22,0
264.93,30.71,0
262.4,30.92,0
264.33,30.72,0
266.27,30.56,0
240.87,32.52,0
239.87,32.67,0
240.47,32.65,0
264.73,32.17,0
258.33,31.81,0
261.8,31.54,0
236.87,32.83,0
233.33,33.2,0
261.53,34.15,0
264.6,34.01,0
283.47,32.38,0
244.67,32.53,0
244.6,32.57,0
242.6,32.75,0
243.33,32.77,0
262.07,31.21,0
262.6,31.16,0
257.67,30.97,0
251.6,31.11,0
250.53,31.2,0
247.33,32.5,0
246.2,32.66,0
244.13,32.84,0
239.2,33.27,0
254.67,33.6,0
251.27,33.85,0
257.47,33.37,0
259.53,33.19,0
262.27,32.94,0
250.13,32.85,0
246.8,33.11,0
247,33.15,0
247.4,33.14,0
245.13,33.27,0
241.53,33.61,0
264.53,31.74,0
267.67,31.27,0
258.93,30.84,0
260.93,30.65,0
260.13,30.68,0
256.73,30.96,0
226.4,33.37,0
256,33.84,0
259.53,33.57,0
261.27,33.41,0
265.4,30.82,0
265.73,30.81,0
266.87,30.65,0
250.33,32.29,0
257.13,32.44,0
258.67,32.33,0
256.27,32.5,0
258.87,32.32,0
254.6,32.6,0
252.53,32.84,0
272.13,31.19,0
239,30.65,0
244.07,30.5,0
238.67,30.92,0
225.27,32.01,0
226.07,32.05,0
266.33,32.99,0
262.27,33.23,0
256,33.71,0
248.2,34.35,0
269.33,30.75,0
244.93,32.66,0
245.67,32.62,0
247.27,32.47,0
242.53,32.81,0
241.8,32.89,0
241.93,32.92,0
233.67,33.59,0
240.87,33.11,0
261.13,31.5,0
266.27,31.09,0
269.93,30.67,0
261.47,31.29,0
254.2,31.82,0
235.67,33.33,0
235.33,33.4,0
241.33,32.97,0
239.6,33.12,0
241,33.09,0
239.93,33.18,0
234.67,33.64,0
288.4,31.22,0
267.6,30.97,0
251.6,31.54,0
251.33,31.56,0
249.33,31.72,0
269.8,30.18,0
275.87,29.6,0
281.73,29.02,0
229.33,31.12,0
228.67,31.18,0
226.4,31.36,0
248.73,32.88,0
252.73,32.49,0
256,31.75,0
248.2,32.38,0
247.73,32.43,0
245.07,32.71,0
244.93,32.8,0
239.93,33.16,0
233.47,33.78,0
236.8,33.56,0
261.8,32.7,0
262.33,32.64,0
261.33,32.73,0
262.4,32.66,0
254.07,33.33,0
252.2,33.5,0
273.87,31.55,0
254.33,33.03,0
257.07,32.84,0
248.33,33.53,0
246,33.73,0
246.13,33.72,0
249.4,33.52,0
249.2,33.55,0
279.13,29.91,0
249.93,32.33,0
251.47,32.18,0
251.13,32.24,0
250.13,32.34,0
248.2,32.48,0
247.6,32.54,0
250.53,32.35,0
246.53,32.62,0
268.53,30.9,0
271.87,30.54,0
270,30.66,0
265.07,30.63,0
246.8,32.48,0
245.6,32.59,0
243.67,32.78,0
238.27,33.32,0
241.73,33.01,0
277.07,32.28,0
257.8,32.8,0
254.6,30.39,0
259,30.05,0
259.33,29.99,0
247.87,31.93,0
242.93,32.25,0
239.4,32.56,0
241.47,32.47,0
242.93,32.38,0
242.47,32.49,0
233.07,33.27,0
232,33.36,0
228.73,33.58,0
245.33,33.93,0
249.6,33.58,0
244.2,34.03,0
240.67,34.12,0
249.47,34.2,0
258.2,33.52,0
273.93,33.18,0
275.27,33.02,0
268.8,33.24,0
262.87,33.31,0
260.33,33.2,0
251.47,33.38,0
249.27,33.22,0
259.67,32,0
242.87,31.27,0
251.6,30.56,0
229.73,32.31,0
230.47,32.32,0
219.87,33.12,0
260.73,33.2,0
258.07,33.4,0
253.87,33.63,0
251.33,33.81,0
257.07,33.41,0
250.53,33.84,0
250.4,34.09,0
261.47,33.52,0
268.53,32.88,0
284.73,31.46,0
286.8,31.09,0
293.47,30.5,0
289.33,30.78,0
293.27,30.37,0
290,30.68,0
254.47,30.59,0
230.2,32.46,0
244.33,32.5,0
243.8,32.52,0
243.13,32.59,0
232.27,33.1,0
240.27,32.55,0
255.13,30.9,0
249.8,31.31,0
243.4,32.95,0
243.73,32.93,0
258.4,34.21,0
258.07,33.18,0
258.07,33.16,0
259.33,33.14,0
258.27,33.14,0
255.07,31.82,0
255.13,31.31,0
257.67,31.08,0
253.93,30.72,0
255.8,30.61,0
254,30.73,0
254.2,30.74,0
261.07,30.17,0
267,29.7,0
263.73,29.91,0
240.6,31.82,0
245.2,33.06,0
257.13,33.19,0
252.93,33.5,0
257.67,33.16,0
257.27,33.19,0
260.6,32.87,0
259.8,32.97,0
249.93,33.25,0
274.47,31.07,0
253.67,31.23,0
264.93,30.39,0
269,29.97,0
258.2,30.42,0
245.47,33.41,0
242.2,33.75,0
243.87,33.63,0
240.07,33.96,0
272.67,30.61,0
275.53,30.29,0
249.07,31.63,0
241.07,32.36,0
240.87,32.35,0
244.93,32.1,0
259.47,32.52,0
255.73,32.81,0
262.6,32.93,0
266.6,32.93,0
265,32.99,0
265,30.97,0
268.07,30.71,0
266,29.81,0
238.07,32.42,0
232.67,33.16,0
236.6,32.84,0
240.53,32.64,0
258.67,33.26,0
253.07,33.69,0
257.07,33.02,0
262.07,32.9,0
264.6,32.7,0
261.13,32.93,0
262,32.87,0
261,32.93,0
260.13,32.98,0
261,32.87,0
259.07,30.48,0
258.27,30.14,0
260.67,30.24,0
263.93,30.02,0
241.73,32.83,0
237.6,33.2,0
260.87,33.67,0
261.4,33.56,0
258,33.87,0
254.13,34.16,0
260.6,33.61,0
254.93,33.9,0
254.53,34.12,0
259.07,33.73,0
265.33,33.21,0
264.6,33.27,0
265.87,33.08,0
267,32.99,0
263.47,33.21,0
290.47,30.82,0
287.07,31.01,0
284.47,31.25,0
287.8,30.78,0
271.53,30.59,0
255,32.93,0
257.6,32.76,0
248,33.53,0
255.27,32.98,0
256.07,32.93,0
256.87,32.83,0
245.2,33.89,0
240.8,34.23,0
244,34.06,0
252.2,34.02,0
266.2,34.22,0
268.53,33.97,0
274.13,33.33,0
276.67,33.13,0
273.47,33.24,0
236.73,33.1,0
263.8,31.07,0
264.47,30.97,0
258.87,31.42,0
261.87,31.19,0
261,31.28,0
245.13,31.39,0
256.6,30.52,0
245.07,33.65,0
247.53,33.44,0
246.6,33.57,0
244.07,33.86,0
247.73,33.56,0
252.93,33.18,0
245.07,33.76,0
248.07,33.57,0
273.07,32.29,0
245.53,32.5,0
248.87,32.26,0
246.6,32.46,0
248.33,32.39,0
255.93,31.15,0
257.4,31.06,0
258.87,30.9,0
262.47,30.61,0
259.67,30.82,0
249.27,31.52,0
251.8,31.34,0
252.67,31.32,0
250.2,31.47,0
246.4,31.78,0
236.73,33.39,0
256.33,32.37,0
260.53,32.61,0
255.13,33.05,0
248.6,33.56,0
253,33.29,0
265.8,33.61,0
268.33,33.35,0
269.87,31.62,0
277.07,29.69,0
248.33,31.88,0
243.13,32.33,0
245,32.22,0
244.53,32.27,0
241.27,32.57,0
278.2,31.04,0
282.67,30.57,0
286.8,30.11,0
289.33,29.78,0
267.67,31.61,0
262.13,32.06,0
261.93,32.06,0
243.27,32.52,0
241.13,32.73,0
249.4,32.18,0
250.53,32.31,0
256.13,32.67,0
256.73,32.65,0
259.87,32.37,0
248.67,32.31,0
245.47,32.57,0
250.13,32.25,0
247.6,32.44,0
245.4,32.63,0
245.93,32.65,0
244.07,32.76,0
245.07,32.77,0
245.53,32.77,0
287,31.05,0
271.47,30.36,0
249.8,32.11,0
247.07,32.31,0
240.6,32.85,0
244,33.15,0
257.73,34.07,0
253.33,33.38,0
279.53,30.18,0
276,30.35,0
252.67,31.94,0
235.93,32.53,0
236.27,32.73,0
237.27,32.7,0
256.2,33.01,0
254,33.14,0
255.27,33.05,0
254.93,33.1,0
270.53,31.8,0
282.4,30.57,0
280.93,30.63,0
284,30.41,0
259.47,30.8,0
260.53,30.78,0
245.4,32.89,0
264.27,32.57,0
259.8,32.88,0
255.2,33.16,0
246.8,32.87,0
248,32.81,0
249.73,32.68,0
246.93,32.93,0
247.27,32.93,0
249.27,32.79,0
275,30.67,0
276.67,30.48,0
273.07,30.79,0
276.73,30.49,0
277.27,30.38,0
222.33,31.73,0
254.27,32.4,0
249.93,32.76,0
248.33,32.88,0
257.6,33.18,0
254.8,33.39,0
254.53,33.38,0
255.13,33.35,0
251.67,33.65,0
254.87,33.46,0
253.8,33.78,0
249.2,33.94,0
250,33.11,0
283.33,30.31,0
296.8,28.94,0
268.67,28.41,0
191.2,27.03,0
269.4,31.67,0
266.73,31.79,0
260.6,32.23,0
262.53,32.05,0
262.4,32.03,0
262.87,32.05,0
247.13,32.53,0
229.8,32.88,0
243.07,33.52,0
266.67,33.63,0
266.47,33.61,0
264.53,33.72,0
251,33.81,0
251,33.8,0
249.4,33.98,0
245.4,34.23,0
240.73,34.59,0
242.87,34.47,0
243.67,34.43,0
256.13,33.5,0
274.87,31.18,0
256.13,29.2,0
300.93,28.71,0
256.27,32.48,0
253.67,32.7,0
253.33,32.73,0
243.67,33.57,0
270.27,31.46,0
251.4,31.08,0
252.47,31.02,0
240.93,32.95,0
255.33,32.91,0
252.8,33.12,0
251.27,33.21,0
242.13,33.99,0
255.6,33.99,0
258.87,33.69,0
256.4,33.87,0
246.8,33.63,0
253.4,32.91,0
272.93,31.25,0
271.47,30.91,0
270.6,29.95,0
269.93,29.97,0
267.27,29.91,0
255.8,30.08,0
249.53,30.61,0
238.13,31.61,0
246.87,32.39,0
254.87,32.34,0
253.73,32.36,0
254.53,32.29,0
263.27,31.17,0
258.27,30.56,0
258.73,30.49,0
258.67,30.48,0
237.13,32.15,0
236.47,32.27,0
236.53,32.25,0
240.73,31.96,0
238.93,32.16,0
236.13,32.38,0
236.93,32.37,0
253.13,32.15,0
252.13,32.08,0
243.27,32.08,0
240.2,32.29,0
237.87,32.35,0
237.67,32.13,0
232.93,32.49,0
256.4,30.65,0
258.67,30.44,0
260.53,30.24,0
240.47,31.32,0
222.67,32.19,0
228.87,31.82,0
248,32.54,0
240.87,33.04,0
240.8,33.09,0
241.87,32.86,0
244.2,32.83,0
252.6,32.52,0
244.07,32.64,0
245.07,32.52,0
242.73,32.68,0
255.67,30.65,0
255.87,30.58,0
255.2,30.61,0
254.67,30.61,0
255.67,29.91,0
227.87,32.06,0
224.73,32.33,0
224.07,32.42,0
230.67,31.95,0
229.33,32.12,0
221.67,32.68,0
228,32.26,0
227.87,32.36,0
225.2,32.73,0
226.4,32.64,0
227,32.61,0
256.67,32.91,0
260.73,32.53,0
258.8,32.61,0
243.87,32.57,0
242.13,32.71,0
254.8,30.58,0
256.87,30.09,0
259,30.21,0
226,31.8,0
227.27,31.69,0
228.33,31.69,0
224.47,31.99,0
223.87,32.05,0
224.67,32.06,0
213.33,32.93,0
216.87,32.75,0
218.93,32.63,0
235.6,32.88,0
237.47,32.78,0
244.6,32.2,0
239.6,32.03,0
237.33,32.18,0
237.53,32.16,0
237.6,32.14,0
237.6,32.18,0
237.07,32.24,0
236.73,32.32,0
230.93,32.81,0
226.27,33.14,0
223.93,33.4,0