correlation_ids_0,received_at,uplink_message.session_key_id,uplink_message.f_port,uplink_message.f_cnt,uplink_message.frm_payload
0,0,0,2,11314,0
1,1,1,2,12175,1
2,2,2,85,2182,2
3,3,3,85,2457,2
4,4,4,2,12178,3
5,5,5,2,12249,4
6,6,6,85,2189,2
7,7,7,2,12176,5
8,8,8,2,12250,6
9,9,9,2,12174,7
10,10,10,2,12251,8
11,11,11,2,12176,9
12,12,2,85,2183,2
13,13,3,85,2458,2
14,14,12,2,12252,10
15,15,13,2,12178,11
16,16,14,2,11316,12
17,17,6,85,2190,2
18,18,0,2,11315,13
19,19,1,2,12176,14
20,20,2,85,2184,2
21,21,3,85,2459,2
22,22,4,2,12179,15
23,23,5,2,12250,16
24,24,6,85,2191,2
25,25,7,2,12177,17
26,26,8,2,12251,18
27,27,9,2,12175,19
28,28,10,2,12252,20
29,29,11,2,12177,21
30,30,2,85,2185,2
31,31,3,85,2460,2
32,32,12,2,12253,22
33,33,13,2,12179,23
34,34,14,2,11317,24
35,35,6,85,2192,2
36,36,0,2,11316,13
37,37,1,2,12177,25
38,38,2,85,2186,2
39,39,3,85,2461,2
40,40,4,2,12180,26
41,41,5,2,12251,27
42,42,6,85,2193,2
43,43,7,2,12178,28
44,44,8,2,12252,29
45,45,9,2,12176,30
46,46,10,2,12253,31
47,47,11,2,12178,32
48,48,2,85,2187,2
49,49,3,85,2462,2
50,50,12,2,12254,33
51,51,13,2,12180,34
52,52,14,2,11318,35
53,53,6,85,2194,2
54,54,0,2,11317,36
55,55,1,2,12178,37
56,56,2,85,2188,2
57,57,3,85,2463,2
58,58,4,2,12181,38
59,59,5,2,12252,39
60,60,6,85,2195,2
61,61,7,2,12179,40
62,62,8,2,12253,41
63,63,9,2,12177,42
64,64,10,2,12254,43
65,65,11,2,12179,44
66,66,2,85,2189,2
67,67,3,85,2464,2
68,68,12,2,12255,45
69,69,13,2,12181,46
70,70,14,2,11319,47
71,71,6,85,2196,2
72,72,0,2,11318,0
73,73,1,2,12179,48
74,74,2,85,2190,2
75,75,3,85,2465,2
76,76,4,2,12182,49
77,77,5,2,12253,50
78,78,7,2,12180,51
79,79,8,2,12254,52
80,80,9,2,12178,53
81,81,10,2,12255,54
82,82,11,2,12180,55
83,83,2,85,2191,2
84,84,3,85,2466,2
85,85,12,2,12256,56
86,86,13,2,12182,57
87,87,14,2,11320,58
88,88,6,85,2198,2
89,89,0,2,11319,0
90,90,1,2,12180,59
91,91,2,85,2192,2
92,92,3,85,2467,2
93,93,4,2,12183,60
94,94,5,2,12254,61
95,95,6,85,2199,2
96,96,7,2,12181,62
97,97,8,2,12255,63
98,98,9,2,12179,64
99,99,10,2,12256,65
100,100,11,2,12181,66
101,101,2,85,2193,2
102,102,3,85,2468,2
103,103,12,2,12257,67
104,104,13,2,12183,68
105,105,14,2,11321,69
106,106,6,85,2200,2
107,107,0,2,11320,0
108,108,1,2,12181,70
109,109,2,85,2194,2
110,110,3,85,2469,2
111,111,4,2,12184,71
112,112,5,2,12255,72
113,113,6,85,2201,2
114,114,7,2,12182,73
115,115,8,2,12256,74
116,116,9,2,12180,75
117,117,10,2,12257,76
118,118,11,2,12182,77
119,119,2,85,2195,2
120,120,3,85,2470,2
121,121,12,2,12258,78
122,122,13,2,12184,79
123,123,14,2,11322,80
124,124,6,85,2202,2
125,125,0,2,11321,13
126,126,1,2,12182,81
127,127,2,85,2196,2
128,128,3,85,2471,2
129,129,4,2,12185,82
130,130,5,2,12256,83
131,131,6,85,2203,2
132,132,7,2,12183,84
133,133,8,2,12257,85
134,134,9,2,12181,86
135,135,10,2,12258,87
136,136,11,2,12183,88
137,137,2,85,2197,2
138,138,3,85,2472,2
139,139,12,2,12259,89
140,140,13,2,12185,90
141,141,14,2,11323,91
142,142,6,85,2204,2
143,143,0,2,11322,92
144,144,1,2,12183,93
145,145,2,85,2198,2
146,146,3,85,2473,2
147,147,4,2,12186,94
148,148,5,2,12257,95
149,149,6,85,2205,2
150,150,7,2,12184,96
151,151,8,2,12258,97
152,152,9,2,12182,98
153,153,10,2,12259,99
154,154,11,2,12184,100
155,155,2,85,2199,2
156,156,3,85,2474,2
157,157,12,2,12260,101
158,158,13,2,12186,102
159,159,14,2,11324,103
160,160,6,85,2206,2
161,161,0,2,11323,104
162,162,1,2,12184,105
163,163,2,85,2200,2
164,164,3,85,2475,2
165,165,4,2,12187,106
166,166,5,2,12258,107
167,167,6,85,2207,2
168,168,7,2,12185,108
169,169,8,2,12259,109
170,170,9,2,12183,110
171,171,10,2,12260,111
172,172,11,2,12185,112
173,173,2,85,2201,2
174,174,3,85,2476,2
175,175,12,2,12261,113
176,176,13,2,12187,114
177,177,14,2,11325,115
178,178,6,85,2208,2
179,179,0,2,11324,104
180,180,1,2,12185,116
181,181,2,85,2202,2
182,182,3,85,2477,2
183,183,4,2,12188,117
184,184,5,2,12259,118
185,185,6,85,2209,2
186,186,7,2,12186,119
187,187,8,2,12260,120
188,188,9,2,12184,121
189,189,10,2,12261,122
190,190,11,2,12186,123
191,191,2,85,2203,2
192,192,3,85,2478,2
193,193,12,2,12262,124
194,194,13,2,12188,125
195,195,14,2,11326,126
196,196,6,85,2210,2
197,197,0,2,11325,36
198,198,1,2,12186,127
199,199,2,85,2204,2
200,200,3,85,2479,2
201,201,4,2,12189,128
202,202,5,2,12260,129
203,203,6,85,2211,2
204,204,7,2,12187,130
205,205,8,2,12261,131
206,206,9,2,12185,132
207,207,10,2,12262,133
208,208,11,2,12187,134
209,209,2,85,2205,2
210,210,3,85,2480,2
211,211,12,2,12263,135
212,212,13,2,12189,136
213,213,14,2,11327,137
214,214,6,85,2212,2
215,215,0,2,11326,138
216,216,1,2,12187,139
217,217,2,85,2206,2
218,218,3,85,2481,2
219,219,4,2,12190,140
220,220,5,2,12261,141
221,221,6,85,2213,2
222,222,7,2,12188,142
223,223,8,2,12262,143
224,224,9,2,12186,144
225,225,10,2,12263,145
226,226,2,85,2207,2
227,227,3,85,2482,2
228,228,12,2,12264,146
229,229,13,2,12190,147
230,230,14,2,11328,148
231,231,6,85,2214,2
232,232,0,2,11327,149
233,233,1,2,12188,150
234,234,2,85,2208,2
235,235,3,85,2483,2
236,236,4,2,12191,151
237,237,5,2,12262,152
238,238,6,85,2215,2
239,239,7,2,12189,153
240,240,8,2,12263,154
241,241,9,2,12187,155
242,242,10,2,12264,156
243,243,11,2,12189,157
244,244,2,85,2209,2
245,245,3,85,2484,2
246,246,12,2,12265,158
247,247,13,2,12191,159
248,248,14,2,11329,160
249,249,6,85,2216,2
250,250,0,2,11328,161
251,251,1,2,12189,162
252,252,2,85,2210,2
253,253,3,85,2485,2
254,254,4,2,12192,163
255,255,5,2,12263,164
256,256,6,85,2217,2
257,257,7,2,12190,165
258,258,8,2,12264,166
259,259,9,2,12188,167
260,260,10,2,12265,168
261,261,11,2,12190,169
262,262,2,85,2211,2
263,263,3,85,2486,2
264,264,12,2,12266,170
265,265,13,2,12192,171
266,266,14,2,11330,172
267,267,6,85,2218,2
268,268,0,2,11329,149
269,269,1,2,12190,173
270,270,2,85,2212,2
271,271,3,85,2487,2
272,272,4,2,12193,174
273,273,5,2,12264,175
274,274,6,85,2219,2
275,275,7,2,12191,176
276,276,8,2,12265,177
277,277,9,2,12189,178
278,278,10,2,12266,179
279,279,11,2,12191,180
280,280,2,85,2213,2
281,281,3,85,2488,2
282,282,12,2,12267,181
283,283,13,2,12193,182
284,284,14,2,11331,183
285,285,6,85,2220,2
286,286,0,2,11330,184
287,287,1,2,12191,185
288,288,2,85,2214,2
289,289,3,85,2489,2
290,290,4,2,12194,186
291,291,5,2,12265,187
292,292,6,85,2221,2
293,293,7,2,12192,188
294,294,8,2,12266,189
295,295,9,2,12190,190
296,296,10,2,12267,191
297,297,11,2,12192,192
298,298,2,85,2215,2
299,299,3,85,2490,2
300,300,12,2,12268,193
301,301,13,2,12194,194
302,302,14,2,11332,195
303,303,6,85,2222,2
304,304,0,2,11331,196
305,305,1,2,12192,197
306,306,2,85,2216,2
307,307,3,85,2491,2
308,308,4,2,12195,198
309,309,5,2,12266,199
310,310,6,85,2223,2
311,311,7,2,12193,200
312,312,8,2,12267,201
313,313,9,2,12191,202
314,314,10,2,12268,203
315,315,11,2,12193,204
316,316,2,85,2217,2
317,317,3,85,2492,2
318,318,12,2,12269,205
319,319,13,2,12195,206
320,320,14,2,11333,207
321,321,6,85,2224,2
322,322,0,2,11332,208
323,323,1,2,12193,209
324,324,2,85,2218,2
325,325,3,85,2493,2
326,326,4,2,12196,210
327,327,5,2,12267,211
328,328,6,85,2225,2
329,329,7,2,12194,212
330,330,8,2,12268,213
331,331,9,2,12192,214
332,332,10,2,12269,215
333,333,11,2,12194,216
334,334,2,85,2219,2
335,335,3,85,2494,2
336,336,12,2,12270,217
337,337,13,2,12196,218
338,338,14,2,11334,219
339,339,6,85,2226,2
340,340,0,2,11333,208
341,341,1,2,12194,220
342,342,2,85,2220,2
343,343,3,85,2495,2
344,344,4,2,12197,221
345,345,5,2,12268,222
346,346,6,85,2227,2
347,347,7,2,12195,223
348,348,8,2,12269,224
349,349,9,2,12193,225
350,350,10,2,12270,226
351,351,11,2,12195,227
352,352,2,85,2221,2
353,353,3,85,2496,2
354,354,12,2,12271,228
355,355,13,2,12197,229
356,356,14,2,11335,230
357,357,6,85,2228,2
358,358,0,2,11334,231
359,359,1,2,12195,232
360,360,2,85,2222,2
361,361,3,85,2497,2
362,362,4,2,12198,233
363,363,5,2,12269,234
364,364,6,85,2229,2
365,365,7,2,12196,235
366,366,8,2,12270,236
367,367,9,2,12194,237
368,368,10,2,12271,238
369,369,11,2,12196,239
370,370,2,85,2223,2
371,371,3,85,2498,2
372,372,12,2,12272,240
373,373,13,2,12198,241
374,374,14,2,11336,242
375,375,6,85,2230,2
376,376,0,2,11335,231
377,377,2,85,2224,2
378,378,3,85,2499,2
379,379,4,2,12199,243
380,380,5,2,12270,244
381,381,6,85,2231,2
382,382,7,2,12197,245
383,383,8,2,12271,246
384,384,9,2,12195,247
385,385,10,2,12272,248
386,386,11,2,12197,249
387,387,2,85,2225,2
388,388,3,85,2500,2
389,389,13,2,12199,250
390,390,14,2,11337,251
391,391,6,85,2232,2
392,392,0,2,11336,208
393,393,1,2,12197,252
394,394,2,85,2226,2
395,395,3,85,2501,2
396,396,4,2,12200,253
397,397,5,2,12271,254
398,398,6,85,2233,2
399,399,7,2,12198,255
400,400,8,2,12272,256
401,401,9,2,12196,257
402,402,10,2,12273,258
403,403,11,2,12198,259
404,404,2,85,2227,2
405,405,3,85,2502,2
406,406,12,2,12274,260
407,407,13,2,12200,261
408,408,14,2,11338,262
409,409,6,85,2234,2
410,410,0,2,11337,263
411,411,1,2,12198,264
412,412,2,85,2228,2
413,413,3,85,2503,2
414,414,4,2,12201,265
415,415,5,2,12272,266
416,416,6,85,2235,2
417,417,7,2,12199,267
418,418,8,2,12273,268
419,419,9,2,12197,269
420,420,10,2,12274,270
421,421,11,2,12199,271
422,422,2,85,2229,2
423,423,3,85,2504,2
424,424,12,2,12275,272
425,425,13,2,12201,273
426,426,14,2,11339,274
427,427,6,85,2236,2
428,428,0,2,11338,263
429,429,1,2,12199,275
430,430,2,85,2230,2
431,431,3,85,2505,2
432,432,4,2,12202,276
433,433,5,2,12273,266
434,434,6,85,2237,2
435,435,7,2,12200,277
436,436,8,2,12274,278
437,437,9,2,12198,279
438,438,10,2,12275,280
439,439,11,2,12200,281
440,440,2,85,2231,2
441,441,3,85,2506,2
442,442,12,2,12276,282
443,443,13,2,12202,283
444,444,14,2,11340,284
445,445,6,85,2238,2
446,446,0,2,11339,285
447,447,1,2,12200,286
448,448,2,85,2232,2
449,449,3,85,2507,2
450,450,4,2,12203,287
451,451,5,2,12274,288
452,452,6,85,2239,2
453,453,7,2,12201,289
454,454,8,2,12275,290
455,455,9,2,12199,291
456,456,10,2,12276,292
457,457,11,2,12201,293
458,458,2,85,2233,2
459,459,3,85,2508,2
460,460,12,2,12277,294
461,461,13,2,12203,295
462,462,14,2,11341,296
463,463,6,85,2240,2
464,464,0,2,11340,263
465,465,1,2,12201,297
466,466,2,85,2234,2
467,467,3,85,2509,2
468,468,4,2,12204,298
469,469,5,2,12275,299
470,470,6,85,2241,2
471,471,7,2,12202,300
472,472,8,2,12276,301
473,473,9,2,12200,302
474,474,10,2,12277,303
475,475,11,2,12202,304
476,476,2,85,2235,2
477,477,3,85,2510,2
478,478,12,2,12278,305
479,479,13,2,12204,306
480,480,14,2,11342,307
481,481,6,85,2242,2
482,482,0,2,11341,263
483,483,1,2,12202,308
484,484,2,85,2236,2
485,485,3,85,2511,2
486,486,4,2,12205,309
487,487,5,2,12276,310
488,488,6,85,2243,2
489,489,7,2,12203,311
490,490,8,2,12277,312
491,491,9,2,12201,313
492,492,10,2,12278,314
493,493,11,2,12203,315
494,494,2,85,2237,2
495,495,3,85,2512,2
496,496,12,2,12279,316
497,497,13,2,12205,317
498,498,14,2,11343,318
499,499,6,85,2244,2
500,500,0,2,11342,285
501,501,1,2,12203,319
502,502,2,85,2238,2
503,503,3,85,2513,2
504,504,4,2,12206,320
505,505,5,2,12277,321
506,506,6,85,2245,2
507,507,7,2,12204,322
508,508,8,2,12278,323
509,509,9,2,12202,324
510,510,10,2,12279,325
511,511,11,2,12204,326
512,512,2,85,2239,2